01010101010101010101010101010101010101010101010101010101010101010000000000000000000000000000000101010101010101010101010101010100
01010101010101010101010101010101010101010101010101010101010101010101010101010101010101010101010101010101010101010101010101010101
000A0009000800070006000500040003000200010000000000000001000E000D000C000B000A0009000800070006000500040003000200010000000000000000
0006000500040003000200010000000100000010001C000D000C000B000A0009000800070006000500040003000200010000000E00000002000E000D000C000B
00020001000000EF0000001200FD000D000C000B000A000900080007000600050004000300020001000000EF00000011000F000D000C000B000A000900080007
00000101001E000D000C000B000A000900080007000600050004000300020001000000100000010000FD000D000C000B000A0009000800070006000500040003
0000000000000000000000000000000000000000000000000000000000000000001E000D000C000B000A00090008000700060005000400030002000100000010
02010101010101010101010101010102020101010101010101010101010101020201010101010101010101010101010202010101010101010101010101010102
00010101010101010101010101010101010101010101010101010101010101000101010101010101010101010101010101010101010101010101010101010101
000A00090008000700060005000400030002000100000000000001100000000D000C000B000A0009000800070006000500040003000200010000000000000102
00060005000400030002000100000000000001120000000D000C000B000A00090008000700060005000400030002000100000000000001110000000D000C000B
000200010000000000100001000E000D000C000B000A00090008000700060005000400030002000100000000001000000000000D000C000B000A000900080007
00100010001C000D000C000B000A0009000800070006000500040003000200010000000E00100002000E000D000C000B000A0009000800070006000500040003
0000000000000000000000000000000000000000000000000000000000000000000F000D000C000B000A00090008000700060005000400030002000100000001
01010101010101010101010101010101010101010101010101010101010101010101010101010101010101010101010101000000000000000000000000000001
01010101010101010101010101010101010101010101010101010101010101010101010101010101010101010101010101010101010101010101010101010101
000A0009000800070006000500040003000200010000000F00100012001D000D000C000B000A0009000800070006000500040003000200010000000F00100011
000600050004000300020001000000E00010002100EE000D000C000B000A000900080007000600050004000300020001000000E000100020001D000D000C000B
00020001000000110010010000FC000D000C000B000A000900080007000600050004000300020001000000EE0010002200EE000D000C000B000A000900080007
00100102002D000D000C000B000A0009000800070006000500040003000200010000001F00100101001F000D000C000B000A0009000800070006000500040003
0000000000000000000000000000000000000000000000000000000000000000002D000D000C000B000A0009000800070006000500040003000200010000001F
02010101010101010101010101010102020101010101010101010101010101020201010101010101010101010101010202010101010101010101010101010102
01010101010101010101010101010101010101010101010101010101010101010201010101010101010101010101010202010101010101010101010101010102
000A00090008000700060005000400030002000100000000001001110000000D000C000B000A0009000800070006000500040003000200010000000000100110
00060005000400030002000100000000001001200000000D000C000B000A00090008000700060005000400030002000100000000001001120000000D000C000B
0002000100000000001001220000000D000C000B000A00090008000700060005000400030002000100000000001001210000000D000C000B000A000900080007
00200011000E000D000C000B000A00090008000700060005000400030002000100000000002000100000000D000C000B000A0009000800070006000500040003
0000000000000000000000000000000000000000000000000000000000000000000E000D000C000B000A00090008000700060005000400030002000100000000
01010101010101010101010101010101010000000000000000000000000000010001010101010101010101010101010101010101010101010101010101010100
01010101010101010101010101010101010101010101010101010101010101010101010101010101010101010101010101010101010101010101010101010101
000A0009000800070006000500040003000200010000000100200020001C000D000C000B000A0009000800070006000500040003000200010000000E00200012
0006000500040003000200010000000F00200022001D000D000C000B000A0009000800070006000500040003000200010000000F00200021000F000D000C000B
00020001000000E00020003100EE000D000C000B000A000900080007000600050004000300020001000000E000200030001D000D000C000B000A000900080007
0020011000FC000D000C000B000A000900080007000600050004000300020001000000EE0020003200EE000D000C000B000A0009000800070006000500040003
0000000000000000000000000000000000000000000000000000000000000000001F000D000C000B000A00090008000700060005000400030002000100000011
02010101010101010101010101010102020101010101010101010101010101020101010101010101010101010101010101010101010101010101010101010101
02010101010101010101010101010102020101010101010101010101010101020201010101010101010101010101010202010101010101010101010101010102
000A0009000800070006000500040003000200010000001F00200112002D000D000C000B000A0009000800070006000500040003000200010000001F00200111
00060005000400030002000100000000002001210000000D000C000B000A0009000800070006000500040003000200010000000000200120002D000D000C000B
0002000100000000002001300000000D000C000B000A00090008000700060005000400030002000100000000002001220000000D000C000B000A000900080007
002001320000000D000C000B000A00090008000700060005000400030002000100000000002001310000000D000C000B000A0009000800070006000500040003
00000000000000000000000000000000000000000000000000000000000000000000000D000C000B000A00090008000700060005000400030002000100000000
00010101010101010101010101010101010101010101010101010101010101000101010101010101010101010101010101010101010101010101010101010101
01010101010101010101010101010101010101010101010101010101010101010101010101010101010101010101010101000000000000000000000000000001
000A0009000800070006000500040003000200010000000000300021000E000D000C000B000A0009000800070006000500040003000200010000000000300020
0006000500040003000200010000000100300030001C000D000C000B000A0009000800070006000500040003000200010000000E00300022000E000D000C000B
000200010000000F00300032001D000D000C000B000A0009000800070006000500040003000200010000000F00300031000F000D000C000B000A000900080007
0030004100EE000D000C000B000A000900080007000600050004000300020001000000E000300040001D000D000C000B000A0009000800070006000500040003
000000000000000000000000000000000000000000000000000000000000000000EE000D000C000B000A000900080007000600050004000300020001000000E0
01010101010101010101010101010101010101010101010101010101010101010101010101010101010101010101010101010101010101010101010101010101
02010101010101010101010101010102020101010101010101010101010101020201010101010101010101010101010202010101010101010101010101010102
000A000900080007000600050004000300020001000000110030012000FC000D000C000B000A000900080007000600050004000300020001000000EE00300042
0006000500040003000200010000001F00300122002D000D000C000B000A0009000800070006000500040003000200010000001F00300121001F000D000C000B
0002000100000000003001310000000D000C000B000A0009000800070006000500040003000200010000000000300130002D000D000C000B000A000900080007
003001400000000D000C000B000A00090008000700060005000400030002000100000000003001320000000D000C000B000A0009000800070006000500040003
00000000000000000000000000000000000000000000000000000000000000000000000D000C000B000A00090008000700060005000400030002000100000000
01010101010101010101010101010101010101010101010101010101010101010201010101010101010101010101010202010101010101010101010101010102
01010101010101010101010101010101010000000000000000000000000000010001010101010101010101010101010101010101010101010101010101010100
000A00090008000700060005000400030002000100000000003001420000000D000C000B000A0009000800070006000500040003000200010000000000300141
0006000500040003000200010000000000400031000E000D000C000B000A00090008000700060005000400030002000100000000004000300000000D000C000B
000200010000000100400040001C000D000C000B000A0009000800070006000500040003000200010000000E00400032000E000D000C000B000A000900080007
00400042001D000D000C000B000A0009000800070006000500040003000200010000000F00400041000F000D000C000B000A0009000800070006000500040003
0000000000000000000000000000000000000000000000000000000000000000001D000D000C000B000A0009000800070006000500040003000200010000000F
01010101010101010101010101010101010101010101010101010101010101010101010101010101010101010101010101010101010101010101010101010101
02010101010101010101010101010102020101010101010101010101010101020101010101010101010101010101010101010101010101010101010101010101
000A000900080007000600050004000300020001000000E00040005100EE000D000C000B000A000900080007000600050004000300020001000000E000400050
000600050004000300020001000000110040013000FC000D000C000B000A000900080007000600050004000300020001000000EE0040005200EE000D000C000B
000200010000001F00400132002D000D000C000B000A0009000800070006000500040003000200010000001F00400131001F000D000C000B000A000900080007
004001410000000D000C000B000A0009000800070006000500040003000200010000000000400140002D000D000C000B000A0009000800070006000500040003
00000000000000000000000000000000000000000000000000000000000000000000000D000C000B000A00090008000700060005000400030002000100000000
02010101010101010101010101010102020101010101010101010101010101020201010101010101010101010101010202010101010101010101010101010102
00010101010101010101010101010101010101010101010101010101010101000101010101010101010101010101010101010101010101010101010101010101
000A00090008000700060005000400030002000100000000004001500000000D000C000B000A0009000800070006000500040003000200010000000000400142
00060005000400030002000100000000004001520000000D000C000B000A00090008000700060005000400030002000100000000004001510000000D000C000B
000200010000000000500041000E000D000C000B000A00090008000700060005000400030002000100000000005000400000000D000C000B000A000900080007
00500050001C000D000C000B000A0009000800070006000500040003000200010000000E00500042000E000D000C000B000A0009000800070006000500040003
0000000000000000000000000000000000000000000000000000000000000000000F000D000C000B000A00090008000700060005000400030002000100000001
01010101010101010101010101010101010101010101010101010101010101010101010101010101010101010101010101000000000000000000000000000001
01010101010101010101010101010101010101010101010101010101010101010101010101010101010101010101010101010101010101010101010101010101
000A0009000800070006000500040003000200010000000F00500052001D000D000C000B000A0009000800070006000500040003000200010000000F00500051
000600050004000300020001000000E00050006100EE000D000C000B000A000900080007000600050004000300020001000000E000500060001D000D000C000B
00020001000000110050014000FC000D000C000B000A000900080007000600050004000300020001000000EE0050006200EE000D000C000B000A000900080007
00500142002D000D000C000B000A0009000800070006000500040003000200010000001F00500141001F000D000C000B000A0009000800070006000500040003
0000000000000000000000000000000000000000000000000000000000000000002D000D000C000B000A0009000800070006000500040003000200010000001F
02010101010101010101010101010102020101010101010101010101010101020201010101010101010101010101010202010101010101010101010101010102
01010101010101010101010101010101010101010101010101010101010101010201010101010101010101010101010202010101010101010101010101010102
000A00090008000700060005000400030002000100000000005001510000000D000C000B000A0009000800070006000500040003000200010000000000500150
00060005000400030002000100000000005001600000000D000C000B000A00090008000700060005000400030002000100000000005001520000000D000C000B
0002000100000000005001620000000D000C000B000A00090008000700060005000400030002000100000000005001610000000D000C000B000A000900080007
00600051000E000D000C000B000A00090008000700060005000400030002000100000000006000500000000D000C000B000A0009000800070006000500040003
0000000000000000000000000000000000000000000000000000000000000000000E000D000C000B000A00090008000700060005000400030002000100000000
01010101010101010101010101010101010000000000000000000000000000010001010101010101010101010101010101010101010101010101010101010100
01010101010101010101010101010101010101010101010101010101010101010101010101010101010101010101010101010101010101010101010101010101
000A0009000800070006000500040003000200010000000100600060001C000D000C000B000A0009000800070006000500040003000200010000000E00600052
0006000500040003000200010000000F00600062001D000D000C000B000A0009000800070006000500040003000200010000000F00600061000F000D000C000B
00020001000000E00060007100EE000D000C000B000A000900080007000600050004000300020001000000E000600070001D000D000C000B000A000900080007
0060015000FC000D000C000B000A000900080007000600050004000300020001000000EE0060007200EE000D000C000B000A0009000800070006000500040003
0000000000000000000000000000000000000000000000000000000000000000001F000D000C000B000A00090008000700060005000400030002000100000011
02010101010101010101010101010102020101010101010101010101010101020101010101010101010101010101010101010101010101010101010101010101
02010101010101010101010101010102020101010101010101010101010101020201010101010101010101010101010202010101010101010101010101010102
000A0009000800070006000500040003000200010000001F00600152002D000D000C000B000A0009000800070006000500040003000200010000001F00600151
00060005000400030002000100000000006001610000000D000C000B000A0009000800070006000500040003000200010000000000600160002D000D000C000B
0002000100000000006001700000000D000C000B000A00090008000700060005000400030002000100000000006001620000000D000C000B000A000900080007
006001720000000D000C000B000A00090008000700060005000400030002000100000000006001710000000D000C000B000A0009000800070006000500040003
00000000000000000000000000000000000000000000000000000000000000000000000D000C000B000A00090008000700060005000400030002000100000000
00010101010101010101010101010101010101010101010101010101010101000101010101010101010101010101010101010101010101010101010101010101
01010101010101010101010101010101010101010101010101010101010101010101010101010101010101010101010101000000000000000000000000000001
000A0009000800070006000500040003000200010000000000700061000E000D000C000B000A0009000800070006000500040003000200010000000000700060
0006000500040003000200010000000100700070001C000D000C000B000A0009000800070006000500040003000200010000000E00700062000E000D000C000B
000200010000000F00700072001D000D000C000B000A0009000800070006000500040003000200010000000F00700071000F000D000C000B000A000900080007
0070008100EE000D000C000B000A000900080007000600050004000300020001000000E000700080001D000D000C000B000A0009000800070006000500040003
000000000000000000000000000000000000000000000000000000000000000000EE000D000C000B000A000900080007000600050004000300020001000000E0
01010101010101010101010101010101010101010101010101010101010101010101010101010101010101010101010101010101010101010101010101010101
02010101010101010101010101010102020101010101010101010101010101020201010101010101010101010101010202010101010101010101010101010102
000A000900080007000600050004000300020001000000110070016000FC000D000C000B000A000900080007000600050004000300020001000000EE00700082
0006000500040003000200010000001F00700162002D000D000C000B000A0009000800070006000500040003000200010000001F00700161001F000D000C000B
0002000100000000007001710000000D000C000B000A0009000800070006000500040003000200010000000000700170002D000D000C000B000A000900080007
007001800000000D000C000B000A00090008000700060005000400030002000100000000007001720000000D000C000B000A0009000800070006000500040003
00000000000000000000000000000000000000000000000000000000000000000000000D000C000B000A00090008000700060005000400030002000100000000
01010101010101010101010101010101010101010101010101010101010101010201010101010101010101010101010202010101010101010101010101010102
01010101010101010101010101010101010000000000000000000000000000010001010101010101010101010101010101010101010101010101010101010100
000A00090008000700060005000400030002000100000000007001820000000D000C000B000A0009000800070006000500040003000200010000000000700181
0006000500040003000200010000000000800071000E000D000C000B000A00090008000700060005000400030002000100000000008000700000000D000C000B
000200010000000100800080001C000D000C000B000A0009000800070006000500040003000200010000000E00800072000E000D000C000B000A000900080007
00800082001D000D000C000B000A0009000800070006000500040003000200010000000F00800081000F000D000C000B000A0009000800070006000500040003
0000000000000000000000000000000000000000000000000000000000000000001D000D000C000B000A0009000800070006000500040003000200010000000F
01010101010101010101010101010101010101010101010101010101010101010101010101010101010101010101010101010101010101010101010101010101
02010101010101010101010101010102020101010101010101010101010101020101010101010101010101010101010101010101010101010101010101010101
000A000900080007000600050004000300020001000000E00080009100EE000D000C000B000A000900080007000600050004000300020001000000E000800090
000600050004000300020001000000110080017000FC000D000C000B000A000900080007000600050004000300020001000000EE0080009200EE000D000C000B
000200010000001F00800172002D000D000C000B000A0009000800070006000500040003000200010000001F00800171001F000D000C000B000A000900080007
008001810000000D000C000B000A0009000800070006000500040003000200010000000000800180002D000D000C000B000A0009000800070006000500040003
00000000000000000000000000000000000000000000000000000000000000000000000D000C000B000A00090008000700060005000400030002000100000000
02010101010101010101010101010102020101010101010101010101010101020201010101010101010101010101010202010101010101010101010101010102
00010101010101010101010101010101010101010101010101010101010101000101010101010101010101010101010101010101010101010101010101010101
000A00090008000700060005000400030002000100000000008001900000000D000C000B000A0009000800070006000500040003000200010000000000800182
00060005000400030002000100000000008001920000000D000C000B000A00090008000700060005000400030002000100000000008001910000000D000C000B
000200010000000000900081000E000D000C000B000A00090008000700060005000400030002000100000000009000800000000D000C000B000A000900080007
00900090001C000D000C000B000A0009000800070006000500040003000200010000000E00900082000E000D000C000B000A0009000800070006000500040003
0000000000000000000000000000000000000000000000000000000000000000000F000D000C000B000A00090008000700060005000400030002000100000001
01010101010101010101010101010101010101010101010101010101010101010101010101010101010101010101010101000000000000000000000000000001
01010101010101010101010101010101010101010101010101010101010101010101010101010101010101010101010101010101010101010101010101010101
000A0009000800070006000500040003000200010000000F00900092001D000D000C000B000A0009000800070006000500040003000200010000000F00900091
000600050004000300020001000000E0009000A100EE000D000C000B000A000900080007000600050004000300020001000000E0009000A0001D000D000C000B
00020001000000110090018000FC000D000C000B000A000900080007000600050004000300020001000000EE009000A200EE000D000C000B000A000900080007
00900182002D000D000C000B000A0009000800070006000500040003000200010000001F00900181001F000D000C000B000A0009000800070006000500040003
0000000000000000000000000000000000000000000000000000000000000000002D000D000C000B000A0009000800070006000500040003000200010000001F
02010101010101010101010101010102020101010101010101010101010101020201010101010101010101010101010202010101010101010101010101010102
01010101010101010101010101010101010101010101010101010101010101010201010101010101010101010101010202010101010101010101010101010102
000A00090008000700060005000400030002000100000000009001910000000D000C000B000A0009000800070006000500040003000200010000000000900190
00060005000400030002000100000000009001A00000000D000C000B000A00090008000700060005000400030002000100000000009001920000000D000C000B
0002000100000000009001A20000000D000C000B000A00090008000700060005000400030002000100000000009001A10000000D000C000B000A000900080007
00A00091000E000D000C000B000A0009000800070006000500040003000200010000000000A000900000000D000C000B000A0009000800070006000500040003
0000000000000000000000000000000000000000000000000000000000000000000E000D000C000B000A00090008000700060005000400030002000100000000
01010101010101010101010101010101010000000000000000000000000000010001010101010101010101010101010101010101010101010101010101010100
01010101010101010101010101010101010101010101010101010101010101010101010101010101010101010101010101010101010101010101010101010101
000A0009000800070006000500040003000200010000000100A000A0001C000D000C000B000A0009000800070006000500040003000200010000000E00A00092
0006000500040003000200010000000F00A000A2001D000D000C000B000A0009000800070006000500040003000200010000000F00A000A1000F000D000C000B
00020001000000E000A000B100EE000D000C000B000A000900080007000600050004000300020001000000E000A000B0001D000D000C000B000A000900080007
00A0019000FC000D000C000B000A000900080007000600050004000300020001000000EE00A000B200EE000D000C000B000A0009000800070006000500040003
0000000000000000000000000000000000000000000000000000000000000000001F000D000C000B000A00090008000700060005000400030002000100000011
02010101010101010101010101010102020101010101010101010101010101020101010101010101010101010101010101010101010101010101010101010101
02010101010101010101010101010102020101010101010101010101010101020201010101010101010101010101010202010101010101010101010101010102
000A0009000800070006000500040003000200010000001F00A00192002D000D000C000B000A0009000800070006000500040003000200010000001F00A00191
0006000500040003000200010000000000A001A10000000D000C000B000A0009000800070006000500040003000200010000000000A001A0002D000D000C000B
000200010000000000A001B00000000D000C000B000A0009000800070006000500040003000200010000000000A001A20000000D000C000B000A000900080007
00A001B20000000D000C000B000A0009000800070006000500040003000200010000000000A001B10000000D000C000B000A0009000800070006000500040003
00000000000000000000000000000000000000000000000000000000000000000000000D000C000B000A00090008000700060005000400030002000100000000
00010101010101010101010101010101010101010101010101010101010101000101010101010101010101010101010101010101010101010101010101010101
01010101010101010101010101010101010101010101010101010101010101010101010101010101010101010101010101000000000000000000000000000001
000A0009000800070006000500040003000200010000000000B000A1000E000D000C000B000A0009000800070006000500040003000200010000000000B000A0
0006000500040003000200010000000100B000B0001C000D000C000B000A0009000800070006000500040003000200010000000E00B000A2000E000D000C000B
000200010000000F00B000B2001D000D000C000B000A0009000800070006000500040003000200010000000F00B000B1000F000D000C000B000A000900080007
00B000C100EE000D000C000B000A000900080007000600050004000300020001000000E000B000C0001D000D000C000B000A0009000800070006000500040003
000000000000000000000000000000000000000000000000000000000000000000EE000D000C000B000A000900080007000600050004000300020001000000E0
01010101010101010101010101010101010101010101010101010101010101010101010101010101010101010101010101010101010101010101010101010101
02010101010101010101010101010102020101010101010101010101010101020201010101010101010101010101010202010101010101010101010101010102
000A0009000800070006000500040003000200010000001100B001A000FC000D000C000B000A000900080007000600050004000300020001000000EE00B000C2
0006000500040003000200010000001F00B001A2002D000D000C000B000A0009000800070006000500040003000200010000001F00B001A1001F000D000C000B
000200010000000000B001B10000000D000C000B000A0009000800070006000500040003000200010000000000B001B0002D000D000C000B000A000900080007
00B001C00000000D000C000B000A0009000800070006000500040003000200010000000000B001B20000000D000C000B000A0009000800070006000500040003
00000000000000000000000000000000000000000000000000000000000000000000000D000C000B000A00090008000700060005000400030002000100000000
01010101010101010101010101010101010101010101010101010101010101010201010101010101010101010101010202010101010101010101010101010102
01010101010101010101010101010101010000000000000000000000000000010001010101010101010101010101010101010101010101010101010101010100
000A0009000800070006000500040003000200010000000000B001C20000000D000C000B000A0009000800070006000500040003000200010000000000B001C1
0006000500040003000200010000000000C000B1000E000D000C000B000A0009000800070006000500040003000200010000000000C000B00000000D000C000B
000200010000000100C000C0001C000D000C000B000A0009000800070006000500040003000200010000000E00C000B2000E000D000C000B000A000900080007
00C000C2001D000D000C000B000A0009000800070006000500040003000200010000000F00C000C1000F000D000C000B000A0009000800070006000500040003
0000000000000000000000000000000000000000000000000000000000000000001D000D000C000B000A0009000800070006000500040003000200010000000F
01010101010101010101010101010101010101010101010101010101010101010101010101010101010101010101010101010101010101010101010101010101
02010101010101010101010101010102020101010101010101010101010101020101010101010101010101010101010101010101010101010101010101010101
000A000900080007000600050004000300020001000000E000C000D100EE000D000C000B000A000900080007000600050004000300020001000000E000C000D0
0006000500040003000200010000001100C001B000FC000D000C000B000A000900080007000600050004000300020001000000EE00C000D200EE000D000C000B
000200010000001F00C001B2002D000D000C000B000A0009000800070006000500040003000200010000001F00C001B1001F000D000C000B000A000900080007
00C001C10000000D000C000B000A0009000800070006000500040003000200010000000000C001C0002D000D000C000B000A0009000800070006000500040003
00000000000000000000000000000000000000000000000000000000000000000000000D000C000B000A00090008000700060005000400030002000100000000
02010101010101010101010101010102020101010101010101010101010101020201010101010101010101010101010202010101010101010101010101010102
00010101010101010101010101010101010101010101010101010101010101000101010101010101010101010101010101010101010101010101010101010101
000A0009000800070006000500040003000200010000000000C001D00000000D000C000B000A0009000800070006000500040003000200010000000000C001C2
0006000500040003000200010000000000C001D20000000D000C000B000A0009000800070006000500040003000200010000000000C001D10000000D000C000B
000200010000000000D000C1000E000D000C000B000A0009000800070006000500040003000200010000000000D000C00000000D000C000B000A000900080007
00D000D0001C000D000C000B000A0009000800070006000500040003000200010000000E00D000C2000E000D000C000B000A0009000800070006000500040003
0000000000000000000000000000000000000000000000000000000000000000000F000D000C000B000A00090008000700060005000400030002000100000001
01010101010101010101010101010101010101010101010101010101010101010101010101010101010101010101010101000000000000000000000000000001
01010101010101010101010101010101010101010101010101010101010101010101010101010101010101010101010101010101010101010101010101010101
000A0009000800070006000500040003000200010000000F00D000D2001D000D000C000B000A0009000800070006000500040003000200010000000F00D000D1
000600050004000300020001000000E000D000E100EE000D000C000B000A000900080007000600050004000300020001000000E000D000E0001D000D000C000B
000200010000001100D001C000FC000D000C000B000A000900080007000600050004000300020001000000EE00D000E200EE000D000C000B000A000900080007
00D001C2002D000D000C000B000A0009000800070006000500040003000200010000001F00D001C1001F000D000C000B000A0009000800070006000500040003
0000000000000000000000000000000000000000000000000000000000000000002D000D000C000B000A0009000800070006000500040003000200010000001F
02010101010101010101010101010102020101010101010101010101010101020201010101010101010101010101010202010101010101010101010101010102
01010101010101010101010101010101010101010101010101010101010101010201010101010101010101010101010202010101010101010101010101010102
000A0009000800070006000500040003000200010000000000D001D10000000D000C000B000A0009000800070006000500040003000200010000000000D001D0
0006000500040003000200010000000000D001E00000000D000C000B000A0009000800070006000500040003000200010000000000D001D20000000D000C000B
000200010000000000D001E20000000D000C000B000A0009000800070006000500040003000200010000000000D001E10000000D000C000B000A000900080007
00E000D1000E000D000C000B000A0009000800070006000500040003000200010000000000E000D00000000D000C000B000A0009000800070006000500040003
0000000000000000000000000000000000000000000000000000000000000000000E000D000C000B000A00090008000700060005000400030002000100000000
01010101010101010101010101010101010000000000000000000000000000010001010101010101010101010101010101010101010101010101010101010100
01010101010101010101010101010101010101010101010101010101010101010101010101010101010101010101010101010101010101010101010101010101
000A0009000800070006000500040003000200010000000100E000E0001C000D000C000B000A0009000800070006000500040003000200010000000E00E000D2
0006000500040003000200010000000F00E000E2001D000D000C000B000A0009000800070006000500040003000200010000000F00E000E1000F000D000C000B
00020001000000E000E000F100EE000D000C000B000A000900080007000600050004000300020001000000E000E000F0001D000D000C000B000A000900080007
00E001D000FC000D000C000B000A000900080007000600050004000300020001000000EE00E000F200EE000D000C000B000A0009000800070006000500040003
0000000000000000000000000000000000000000000000000000000000000000001F000D000C000B000A00090008000700060005000400030002000100000011
02010101010101010101010101010102020101010101010101010101010101020101010101010101010101010101010101010101010101010101010101010101
02010101010101010101010101010102020101010101010101010101010101020201010101010101010101010101010202010101010101010101010101010102
000A0009000800070006000500040003000200010000001F00E001D2002D000D000C000B000A0009000800070006000500040003000200010000001F00E001D1
0006000500040003000200010000000000E001E10000000D000C000B000A0009000800070006000500040003000200010000000000E001E0002D000D000C000B
000200010000000000E001F00000000D000C000B000A0009000800070006000500040003000200010000000000E001E20000000D000C000B000A000900080007
00E001F20000000D000C000B000A0009000800070006000500040003000200010000000000E001F10000000D000C000B000A0009000800070006000500040003
00000000000000000000000000000000000000000000000000000000000000000000000D000C000B000A00090008000700060005000400030002000100000000
00010101010101010101010101010101010101010101010101010101010101000101010101010101010101010101010101010101010101010101010101010101
01010101010101010101010101010101010101010101010101010101010101010101010101010101010101010101010101000000000000000000000000000001
000A0009000800070006000500040003000200010000000000F000E1000E000D000C000B000A0009000800070006000500040003000200010000000000F000E0
0006000500040003000200010000000100F000F0001C000D000C000B000A0009000800070006000500040003000200010000000E00F000E2000E000D000C000B
00020001000000EF00F000F200FD000D000C000B000A000900080007000600050004000300020001000000EF00F000F1000F000D000C000B000A000900080007
00F001E1001E000D000C000B000A0009000800070006000500040003000200010000001000F001E000FD000D000C000B000A0009000800070006000500040003
0000000000000000000000000000000000000000000000000000000000000000001E000D000C000B000A00090008000700060005000400030002000100000010
02010101010101010101010101010102020101010101010101010101010101020201010101010101010101010101010202010101010101010101010101010102
01010101010101010101010101010101010101010101010101010101010101010101010101010101010101010101010101010101010101010101010101010101
000A0009000800070006000500040003000200010000000000F001F00000000D000C000B000A0009000800070006000500040003000200010000000000F001E2
0006000500040003000200010000000000F001F20000000D000C000B000A0009000800070006000500040003000200010000000000F001F10000000D000C000B
000200010000000001000001000E000D000C000B000A00090008000700060005000400030002000100000000010000000000000D000C000B000A000900080007
01000010001C000D000C000B000A0009000800070006000500040003000200010000000E01000002000E000D000C000B000A0009000800070006000500040003
0000000000000000000000000000000000000000000000000000000000000000000F000D000C000B000A00090008000700060005000400030002000100000001
01000000000000000000000000000001010101010101010101010101010101010001010101010101010101010101010101010101010101010101010101010100
01010101010101010101010101010101010101010101010101010101010101010101010101010101010101010101010101010101010101010101010101010101
000A000900080007000600050004000300020001000000EF0100001200FD000D000C000B000A000900080007000600050004000300020001000000EF01000011
0006000500040003000200010000001001000101001E000D000C000B000A000900080007000600050004000300020001000000100100010000FD000D000C000B
00020001000000F101000110010C000D000C000B000A000900080007000600050004000300020001000000FE01000102001E000D000C000B000A000900080007
01000112010D000D000C000B000A000900080007000600050004000300020001000000FF0100011100FF000D000C000B000A0009000800070006000500040003
0000000000000000000000000000000000000000000000000000000000000000010D000D000C000B000A000900080007000600050004000300020001000000FF
02010101010101010101010101010102020101010101010101010101010101020201010101010101010101010101010202010101010101010101010101010102
01010101010101010101010101010101010101010101010101010101010101010201010101010101010101010101010202010101010101010101010101010102
000A00090008000700060005000400030002000100000000010002010000000D000C000B000A0009000800070006000500040003000200010000000001000200
00060005000400030002000100000000010002100000000D000C000B000A00090008000700060005000400030002000100000000010002020000000D000C000B
0002000100000000010002120000000D000C000B000A00090008000700060005000400030002000100000000010002110000000D000C000B000A000900080007
01100001000E000D000C000B000A00090008000700060005000400030002000100000000011000000000000D000C000B000A0009000800070006000500040003
0000000000000000000000000000000000000000000000000000000000000000000E000D000C000B000A00090008000700060005000400030002000100000000
01010101010101010101010101010101010101010101010101010101010101010101010101010101010101010101010101010101010101010101010101010101
00010101010101010101010101010101010101010101010101010101010101000101010101010101010101010101010101010101010101010101010101010101
000A0009000800070006000500040003000200010000000101100010001C000D000C000B000A0009000800070006000500040003000200010000000E01100002
0006000500040003000200010000000F01100012001D000D000C000B000A0009000800070006000500040003000200010000000F01100011000F000D000C000B
00020001000000E00110002100EE000D000C000B000A000900080007000600050004000300020001000000E001100020001D000D000C000B000A000900080007
0110010000FC000D000C000B000A000900080007000600050004000300020001000000EE0110002200EE000D000C000B000A0009000800070006000500040003
0000000000000000000000000000000000000000000000000000000000000000001F000D000C000B000A00090008000700060005000400030002000100000011
01000000000000000000000000000001010101010101010101010101010101010101010101010101010101010101010101010101010101010101010101010101
01010101010101010101010101010101010101010101010101010101010101010101010101010101010101010101010101010101010101010101010101010101
000A0009000800070006000500040003000200010000001F01100102002D000D000C000B000A0009000800070006000500040003000200010000001F01100101
000600050004000300020001000000F00110011100FE000D000C000B000A000900080007000600050004000300020001000000F001100110002D000D000C000B
00020001000000F101100120010C000D000C000B000A000900080007000600050004000300020001000000FE0110011200FE000D000C000B000A000900080007
01100122010D000D000C000B000A000900080007000600050004000300020001000000FF0110012100FF000D000C000B000A0009000800070006000500040003
0000000000000000000000000000000000000000000000000000000000000000010D000D000C000B000A000900080007000600050004000300020001000000FF
02010101010101010101010101010102020101010101010101010101010101020201010101010101010101010101010202010101010101010101010101010102
02010101010101010101010101010102020101010101010101010101010101020201010101010101010101010101010202010101010101010101010101010102
000A00090008000700060005000400030002000100000000011002010000000D000C000B000A0009000800070006000500040003000200010000000001100200
00060005000400030002000100000000011002100000000D000C000B000A00090008000700060005000400030002000100000000011002020000000D000C000B
0002000100000000011002120000000D000C000B000A00090008000700060005000400030002000100000000011002110000000D000C000B000A000900080007
011002210000000D000C000B000A00090008000700060005000400030002000100000000011002200000000D000C000B000A0009000800070006000500040003
00000000000000000000000000000000000000000000000000000000000000000000000D000C000B000A00090008000700060005000400030002000100000000
01010101010101010101010101010101010101010101010101010101010101010101010101010101010101010101010102010101010101010101010101010102
01010101010101010101010101010101010101010101010101010101010101010101010101010101010101010101010101010101010101010101010101010101
000A00090008000700060005000400030002000100000000012000100000000D000C000B000A0009000800070006000500040003000200010000000001100222
0006000500040003000200010000000E01200012000E000D000C000B000A0009000800070006000500040003000200010000000001200011000E000D000C000B
000200010000000F01200021000F000D000C000B000A0009000800070006000500040003000200010000000101200020001C000D000C000B000A000900080007
01200030001D000D000C000B000A0009000800070006000500040003000200010000000F01200022001D000D000C000B000A0009000800070006000500040003
000000000000000000000000000000000000000000000000000000000000000000EE000D000C000B000A000900080007000600050004000300020001000000E0
01010101010101010101010101010101000101010101010101010101010101010101010101010101010101010101010001010101010101010101010101010101
01010101010101010101010101010101010000000000000000000000000000010101010101010101010101010101010101010101010101010101010101010101
000A000900080007000600050004000300020001000000EE0120003200EE000D000C000B000A000900080007000600050004000300020001000000E001200031
0006000500040003000200010000001F01200111001F000D000C000B000A000900080007000600050004000300020001000000110120011000FC000D000C000B
00020001000000F001200120002D000D000C000B000A0009000800070006000500040003000200010000001F01200112002D000D000C000B000A000900080007
0120012200FE000D000C000B000A000900080007000600050004000300020001000000F00120012100FE000D000C000B000A0009000800070006000500040003
0000000000000000000000000000000000000000000000000000000000000000010C000D000C000B000A000900080007000600050004000300020001000000FE
02010101010101010101010101010102010101010101010101010101010101010101010101010101010101010101010101010101010101010101010101010101
02010101010101010101010101010102020101010101010101010101010101020201010101010101010101010101010202010101010101010101010101010102
000A000900080007000600050004000300020001000000FF0120013100FF000D000C000B000A000900080007000600050004000300020001000000F101200130
0006000500040003000200010000000001200210010D000D000C000B000A000900080007000600050004000300020001000000FF01200132010D000D000C000B
0002000100000000012002120000000D000C000B000A00090008000700060005000400030002000100000000012002110000000D000C000B000A000900080007
012002210000000D000C000B000A00090008000700060005000400030002000100000000012002200000000D000C000B000A0009000800070006000500040003
00000000000000000000000000000000000000000000000000000000000000000000000D000C000B000A00090008000700060005000400030002000100000000
02010101010101010101010101010102020101010101010101010101010101020201010101010101010101010101010202010101010101010101010101010102
01010101010101010101010101010101010101010101010101010101010101010101010101010101010101010101010101010101010101010101010101010101
000A00090008000700060005000400030002000100000000012002300000000D000C000B000A0009000800070006000500040003000200010000000001200222
00060005000400030002000100000000012002320000000D000C000B000A00090008000700060005000400030002000100000000012002310000000D000C000B
000200010000000001300021000E000D000C000B000A00090008000700060005000400030002000100000000013000200000000D000C000B000A000900080007
01300030001C000D000C000B000A0009000800070006000500040003000200010000000E01300022000E000D000C000B000A0009000800070006000500040003
0000000000000000000000000000000000000000000000000000000000000000000F000D000C000B000A00090008000700060005000400030002000100000001
01010101010101010101010101010101010101010101010101010101010101010101010101010101010101010101010101010101010101010101010101010101
01010101010101010101010101010101010101010101010101010101010101010001010101010101010101010101010101010101010101010101010101010100
000A0009000800070006000500040003000200010000000F01300032001D000D000C000B000A0009000800070006000500040003000200010000000F01300031
000600050004000300020001000000E00130004100EE000D000C000B000A000900080007000600050004000300020001000000E001300040001D000D000C000B
00020001000000110130012000FC000D000C000B000A000900080007000600050004000300020001000000EE0130004200EE000D000C000B000A000900080007
01300122002D000D000C000B000A0009000800070006000500040003000200010000001F01300121001F000D000C000B000A0009000800070006000500040003
0000000000000000000000000000000000000000000000000000000000000000002D000D000C000B000A0009000800070006000500040003000200010000001F
01010101010101010101010101010101010101010101010101010101010101010100000000000000000000000000000101010101010101010101010101010101
02010101010101010101010101010102020101010101010101010101010101020101010101010101010101010101010101010101010101010101010101010101
000A000900080007000600050004000300020001000000F00130013100FE000D000C000B000A000900080007000600050004000300020001000000F001300130
000600050004000300020001000000F101300140010C000D000C000B000A000900080007000600050004000300020001000000FE0130013200FE000D000C000B
00020001000000FF01300142010D000D000C000B000A000900080007000600050004000300020001000000FF0130014100FF000D000C000B000A000900080007
013002210000000D000C000B000A0009000800070006000500040003000200010000000001300220010D000D000C000B000A0009000800070006000500040003
00000000000000000000000000000000000000000000000000000000000000000000000D000C000B000A00090008000700060005000400030002000100000000
02010101010101010101010101010102020101010101010101010101010101020201010101010101010101010101010202010101010101010101010101010102
01010101010101010101010101010101020101010101010101010101010101020201010101010101010101010101010202010101010101010101010101010102
000A00090008000700060005000400030002000100000000013002300000000D000C000B000A0009000800070006000500040003000200010000000001300222
00060005000400030002000100000000013002320000000D000C000B000A00090008000700060005000400030002000100000000013002310000000D000C000B
0002000100000000013002410000000D000C000B000A00090008000700060005000400030002000100000000013002400000000D000C000B000A000900080007
014000300000000D000C000B000A00090008000700060005000400030002000100000000013002420000000D000C000B000A0009000800070006000500040003
0000000000000000000000000000000000000000000000000000000000000000000E000D000C000B000A00090008000700060005000400030002000100000000
01010101010101010101010101010101010101010101010101010101010101010101010101010101010101010101010101010101010101010101010101010101
01010101010101010101010101010100010101010101010101010101010101010101010101010101010101010101010101010101010101010101010101010101
000A0009000800070006000500040003000200010000000E01400032000E000D000C000B000A0009000800070006000500040003000200010000000001400031
0006000500040003000200010000000F01400041000F000D000C000B000A0009000800070006000500040003000200010000000101400040001C000D000C000B
00020001000000E001400050001D000D000C000B000A0009000800070006000500040003000200010000000F01400042001D000D000C000B000A000900080007
0140005200EE000D000C000B000A000900080007000600050004000300020001000000E00140005100EE000D000C000B000A0009000800070006000500040003
000000000000000000000000000000000000000000000000000000000000000000FC000D000C000B000A000900080007000600050004000300020001000000EE
01010101010101010101010101010101010101010101010101010101010101010101010101010101010101010101010100010101010101010101010101010101
01010101010101010101010101010101010101010101010101010101010101010101010101010101010101010101010101000000000000000000000000000001
000A0009000800070006000500040003000200010000001F01400131001F000D000C000B000A0009000800070006000500040003000200010000001101400130
000600050004000300020001000000F001400140002D000D000C000B000A0009000800070006000500040003000200010000001F01400132002D000D000C000B
00020001000000FE0140014200FE000D000C000B000A000900080007000600050004000300020001000000F00140014100FE000D000C000B000A000900080007
0140015100FF000D000C000B000A000900080007000600050004000300020001000000F101400150010C000D000C000B000A0009000800070006000500040003
0000000000000000000000000000000000000000000000000000000000000000010D000D000C000B000A000900080007000600050004000300020001000000FF
02010101010101010101010101010102020101010101010101010101010101020201010101010101010101010101010201010101010101010101010101010101
02010101010101010101010101010102020101010101010101010101010101020201010101010101010101010101010202010101010101010101010101010102
000A0009000800070006000500040003000200010000000001400230010D000D000C000B000A000900080007000600050004000300020001000000FF01400152
00060005000400030002000100000000014002320000000D000C000B000A00090008000700060005000400030002000100000000014002310000000D000C000B
0002000100000000014002410000000D000C000B000A00090008000700060005000400030002000100000000014002400000000D000C000B000A000900080007
014002500000000D000C000B000A00090008000700060005000400030002000100000000014002420000000D000C000B000A0009000800070006000500040003
00000000000000000000000000000000000000000000000000000000000000000000000D000C000B000A00090008000700060005000400030002000100000000
01010101010101010101010101010101010101010101010101010101010101010201010101010101010101010101010202010101010101010101010101010102
01010101010101010101010101010101010101010101010101010101010101010101010101010101010101010101010101010101010101010101010101010101
000A00090008000700060005000400030002000100000000014002520000000D000C000B000A0009000800070006000500040003000200010000000001400251
0006000500040003000200010000000001500041000E000D000C000B000A00090008000700060005000400030002000100000000015000400000000D000C000B
000200010000000101500050001C000D000C000B000A0009000800070006000500040003000200010000000E01500042000E000D000C000B000A000900080007
01500052001D000D000C000B000A0009000800070006000500040003000200010000000F01500051000F000D000C000B000A0009000800070006000500040003
0000000000000000000000000000000000000000000000000000000000000000001D000D000C000B000A0009000800070006000500040003000200010000000F
00010101010101010101010101010101010101010101010101010101010101000101010101010101010101010101010101010101010101010101010101010101
01000000000000000000000000000001010101010101010101010101010101010101010101010101010101010101010101010101010101010101010101010101
000A000900080007000600050004000300020001000000E00150006100EE000D000C000B000A000900080007000600050004000300020001000000E001500060
000600050004000300020001000000110150014000FC000D000C000B000A000900080007000600050004000300020001000000EE0150006200EE000D000C000B
000200010000001F01500142002D000D000C000B000A0009000800070006000500040003000200010000001F01500141001F000D000C000B000A000900080007
0150015100FE000D000C000B000A000900080007000600050004000300020001000000F001500150002D000D000C000B000A0009000800070006000500040003
000000000000000000000000000000000000000000000000000000000000000000FE000D000C000B000A000900080007000600050004000300020001000000F0
01010101010101010101010101010101010101010101010101010101010101010101010101010101010101010101010101010101010101010101010101010101
02010101010101010101010101010102020101010101010101010101010101020201010101010101010101010101010202010101010101010101010101010102
000A000900080007000600050004000300020001000000F101500160010C000D000C000B000A000900080007000600050004000300020001000000FE01500152
000600050004000300020001000000FF01500162010D000D000C000B000A000900080007000600050004000300020001000000FF0150016100FF000D000C000B
0002000100000000015002410000000D000C000B000A0009000800070006000500040003000200010000000001500240010D000D000C000B000A000900080007
015002500000000D000C000B000A00090008000700060005000400030002000100000000015002420000000D000C000B000A0009000800070006000500040003
00000000000000000000000000000000000000000000000000000000000000000000000D000C000B000A00090008000700060005000400030002000100000000
02010101010101010101010101010102020101010101010101010101010101020201010101010101010101010101010202010101010101010101010101010102
01010101010101010101010101010101010101010101010101010101010101010101010101010101010101010101010102010101010101010101010101010102
000A00090008000700060005000400030002000100000000015002520000000D000C000B000A0009000800070006000500040003000200010000000001500251
00060005000400030002000100000000015002610000000D000C000B000A00090008000700060005000400030002000100000000015002600000000D000C000B
0002000100000000016000500000000D000C000B000A00090008000700060005000400030002000100000000015002620000000D000C000B000A000900080007
01600052000E000D000C000B000A0009000800070006000500040003000200010000000001600051000E000D000C000B000A0009000800070006000500040003
0000000000000000000000000000000000000000000000000000000000000000001C000D000C000B000A0009000800070006000500040003000200010000000E
01010101010101010101010101010101010101010101010101010101010101010101010101010101010101010101010101010101010101010101010101010101
01010101010101010101010101010101000101010101010101010101010101010101010101010101010101010101010001010101010101010101010101010101
000A0009000800070006000500040003000200010000000F01600061000F000D000C000B000A0009000800070006000500040003000200010000000101600060
000600050004000300020001000000E001600070001D000D000C000B000A0009000800070006000500040003000200010000000F01600062001D000D000C000B
00020001000000EE0160007200EE000D000C000B000A000900080007000600050004000300020001000000E00160007100EE000D000C000B000A000900080007
01600151001F000D000C000B000A000900080007000600050004000300020001000000110160015000FC000D000C000B000A0009000800070006000500040003
0000000000000000000000000000000000000000000000000000000000000000002D000D000C000B000A0009000800070006000500040003000200010000001F
01010101010101010101010101010101010000000000000000000000000000010101010101010101010101010101010101010101010101010101010101010101
02010101010101010101010101010102010101010101010101010101010101010101010101010101010101010101010101010101010101010101010101010101
000A000900080007000600050004000300020001000000F001600160002D000D000C000B000A0009000800070006000500040003000200010000001F01600152
000600050004000300020001000000FE0160016200FE000D000C000B000A000900080007000600050004000300020001000000F00160016100FE000D000C000B
00020001000000FF0160017100FF000D000C000B000A000900080007000600050004000300020001000000F101600170010C000D000C000B000A000900080007
01600250010D000D000C000B000A000900080007000600050004000300020001000000FF01600172010D000D000C000B000A0009000800070006000500040003
00000000000000000000000000000000000000000000000000000000000000000000000D000C000B000A00090008000700060005000400030002000100000000
02010101010101010101010101010102020101010101010101010101010101020201010101010101010101010101010202010101010101010101010101010102
02010101010101010101010101010102020101010101010101010101010101020201010101010101010101010101010202010101010101010101010101010102
000A00090008000700060005000400030002000100000000016002520000000D000C000B000A0009000800070006000500040003000200010000000001600251
00060005000400030002000100000000016002610000000D000C000B000A00090008000700060005000400030002000100000000016002600000000D000C000B
0002000100000000016002700000000D000C000B000A00090008000700060005000400030002000100000000016002620000000D000C000B000A000900080007
016002720000000D000C000B000A00090008000700060005000400030002000100000000016002710000000D000C000B000A0009000800070006000500040003
00000000000000000000000000000000000000000000000000000000000000000000000D000C000B000A00090008000700060005000400030002000100000000
01010101010101010101010101010101010101010101010101010101010101010101010101010101010101010101010101010101010101010101010101010101
01010101010101010101010101010101010101010101010101010101010101010101010101010101010101010101010101010101010101010101010101010101
000A0009000800070006000500040003000200010000000001700061000E000D000C000B000A0009000800070006000500040003000200010000000001700060
0006000500040003000200010000000101700070001C000D000C000B000A0009000800070006000500040003000200010000000E01700062000E000D000C000B
000200010000000F01700072001D000D000C000B000A0009000800070006000500040003000200010000000F01700071000F000D000C000B000A000900080007
0170008100EE000D000C000B000A000900080007000600050004000300020001000000E001700080001D000D000C000B000A0009000800070006000500040003
000000000000000000000000000000000000000000000000000000000000000000EE000D000C000B000A000900080007000600050004000300020001000000E0
01010101010101010101010101010101010101010101010101010101010101010001010101010101010101010101010101010101010101010101010101010100
01010101010101010101010101010101010101010101010101010101010101010100000000000000000000000000000101010101010101010101010101010101
000A000900080007000600050004000300020001000000110170016000FC000D000C000B000A000900080007000600050004000300020001000000EE01700082
0006000500040003000200010000001F01700162002D000D000C000B000A0009000800070006000500040003000200010000001F01700161001F000D000C000B
00020001000000F00170017100FE000D000C000B000A000900080007000600050004000300020001000000F001700170002D000D000C000B000A000900080007
01700180010C000D000C000B000A000900080007000600050004000300020001000000FE0170017200FE000D000C000B000A0009000800070006000500040003
000000000000000000000000000000000000000000000000000000000000000000FF000D000C000B000A000900080007000600050004000300020001000000F1
02010101010101010101010101010102020101010101010101010101010101020101010101010101010101010101010101010101010101010101010101010101
02010101010101010101010101010102020101010101010101010101010101020201010101010101010101010101010202010101010101010101010101010102
000A000900080007000600050004000300020001000000FF01700182010D000D000C000B000A000900080007000600050004000300020001000000FF01700181
00060005000400030002000100000000017002610000000D000C000B000A0009000800070006000500040003000200010000000001700260010D000D000C000B
0002000100000000017002700000000D000C000B000A00090008000700060005000400030002000100000000017002620000000D000C000B000A000900080007
017002720000000D000C000B000A00090008000700060005000400030002000100000000017002710000000D000C000B000A0009000800070006000500040003
00000000000000000000000000000000000000000000000000000000000000000000000D000C000B000A00090008000700060005000400030002000100000000
01010101010101010101010101010101020101010101010101010101010101020201010101010101010101010101010202010101010101010101010101010102
01010101010101010101010101010101010101010101010101010101010101010101010101010101010101010101010101010101010101010101010101010101
000A00090008000700060005000400030002000100000000017002810000000D000C000B000A0009000800070006000500040003000200010000000001700280
00060005000400030002000100000000018000700000000D000C000B000A00090008000700060005000400030002000100000000017002820000000D000C000B
000200010000000E01800072000E000D000C000B000A0009000800070006000500040003000200010000000001800071000E000D000C000B000A000900080007
01800081000F000D000C000B000A0009000800070006000500040003000200010000000101800080001C000D000C000B000A0009000800070006000500040003
0000000000000000000000000000000000000000000000000000000000000000001D000D000C000B000A0009000800070006000500040003000200010000000F
01010101010101010101010101010100010101010101010101010101010101010101010101010101010101010101010101010101010101010101010101010101
01010101010101010101010101010101010101010101010101010101010101010101010101010101010101010101010100010101010101010101010101010101
000A000900080007000600050004000300020001000000E001800090001D000D000C000B000A0009000800070006000500040003000200010000000F01800082
000600050004000300020001000000EE0180009200EE000D000C000B000A000900080007000600050004000300020001000000E00180009100EE000D000C000B
000200010000001F01800171001F000D000C000B000A000900080007000600050004000300020001000000110180017000FC000D000C000B000A000900080007
01800180002D000D000C000B000A0009000800070006000500040003000200010000001F01800172002D000D000C000B000A0009000800070006000500040003
000000000000000000000000000000000000000000000000000000000000000000FE000D000C000B000A000900080007000600050004000300020001000000F0
01010101010101010101010101010101010101010101010101010101010101010101010101010101010101010101010101000000000000000000000000000001
02010101010101010101010101010102020101010101010101010101010101020201010101010101010101010101010201010101010101010101010101010101
000A000900080007000600050004000300020001000000FE0180018200FE000D000C000B000A000900080007000600050004000300020001000000F001800181
000600050004000300020001000000FF0180019100FF000D000C000B000A000900080007000600050004000300020001000000F101800190010C000D000C000B
000200010000000001800270010D000D000C000B000A000900080007000600050004000300020001000000FF01800192010D000D000C000B000A000900080007
018002720000000D000C000B000A00090008000700060005000400030002000100000000018002710000000D000C000B000A0009000800070006000500040003
00000000000000000000000000000000000000000000000000000000000000000000000D000C000B000A00090008000700060005000400030002000100000000
02010101010101010101010101010102020101010101010101010101010101020201010101010101010101010101010202010101010101010101010101010102
01010101010101010101010101010101010101010101010101010101010101010201010101010101010101010101010202010101010101010101010101010102
000A00090008000700060005000400030002000100000000018002810000000D000C000B000A0009000800070006000500040003000200010000000001800280
00060005000400030002000100000000018002900000000D000C000B000A00090008000700060005000400030002000100000000018002820000000D000C000B
0002000100000000018002920000000D000C000B000A00090008000700060005000400030002000100000000018002910000000D000C000B000A000900080007
01900081000E000D000C000B000A00090008000700060005000400030002000100000000019000800000000D000C000B000A0009000800070006000500040003
0000000000000000000000000000000000000000000000000000000000000000000E000D000C000B000A00090008000700060005000400030002000100000000
01010101010101010101010101010101010101010101010101010101010101010101010101010101010101010101010101010101010101010101010101010101
00010101010101010101010101010101010101010101010101010101010101000101010101010101010101010101010101010101010101010101010101010101
000A0009000800070006000500040003000200010000000101900090001C000D000C000B000A0009000800070006000500040003000200010000000E01900082
0006000500040003000200010000000F01900092001D000D000C000B000A0009000800070006000500040003000200010000000F01900091000F000D000C000B
00020001000000E0019000A100EE000D000C000B000A000900080007000600050004000300020001000000E0019000A0001D000D000C000B000A000900080007
0190018000FC000D000C000B000A000900080007000600050004000300020001000000EE019000A200EE000D000C000B000A0009000800070006000500040003
0000000000000000000000000000000000000000000000000000000000000000001F000D000C000B000A00090008000700060005000400030002000100000011
01000000000000000000000000000001010101010101010101010101010101010101010101010101010101010101010101010101010101010101010101010101
01010101010101010101010101010101010101010101010101010101010101010101010101010101010101010101010101010101010101010101010101010101
000A0009000800070006000500040003000200010000001F01900182002D000D000C000B000A0009000800070006000500040003000200010000001F01900181
000600050004000300020001000000F00190019100FE000D000C000B000A000900080007000600050004000300020001000000F001900190002D000D000C000B
00020001000000F1019001A0010C000D000C000B000A000900080007000600050004000300020001000000FE0190019200FE000D000C000B000A000900080007
019001A2010D000D000C000B000A000900080007000600050004000300020001000000FF019001A100FF000D000C000B000A0009000800070006000500040003
0000000000000000000000000000000000000000000000000000000000000000010D000D000C000B000A000900080007000600050004000300020001000000FF
02010101010101010101010101010102020101010101010101010101010101020201010101010101010101010101010202010101010101010101010101010102
02010101010101010101010101010102020101010101010101010101010101020201010101010101010101010101010202010101010101010101010101010102
000A00090008000700060005000400030002000100000000019002810000000D000C000B000A0009000800070006000500040003000200010000000001900280
00060005000400030002000100000000019002900000000D000C000B000A00090008000700060005000400030002000100000000019002820000000D000C000B
0002000100000000019002920000000D000C000B000A00090008000700060005000400030002000100000000019002910000000D000C000B000A000900080007
019002A10000000D000C000B000A00090008000700060005000400030002000100000000019002A00000000D000C000B000A0009000800070006000500040003
00000000000000000000000000000000000000000000000000000000000000000000000D000C000B000A00090008000700060005000400030002000100000000
01010101010101010101010101010101010101010101010101010101010101010101010101010101010101010101010102010101010101010101010101010102
01010101010101010101010101010101010101010101010101010101010101010101010101010101010101010101010101010101010101010101010101010101
000A0009000800070006000500040003000200010000000001A000900000000D000C000B000A00090008000700060005000400030002000100000000019002A2
0006000500040003000200010000000E01A00092000E000D000C000B000A0009000800070006000500040003000200010000000001A00091000E000D000C000B
000200010000000F01A000A1000F000D000C000B000A0009000800070006000500040003000200010000000101A000A0001C000D000C000B000A000900080007
01A000B0001D000D000C000B000A0009000800070006000500040003000200010000000F01A000A2001D000D000C000B000A0009000800070006000500040003
000000000000000000000000000000000000000000000000000000000000000000EE000D000C000B000A000900080007000600050004000300020001000000E0
01010101010101010101010101010101000101010101010101010101010101010101010101010101010101010101010001010101010101010101010101010101
01010101010101010101010101010101010000000000000000000000000000010101010101010101010101010101010101010101010101010101010101010101
000A000900080007000600050004000300020001000000EE01A000B200EE000D000C000B000A000900080007000600050004000300020001000000E001A000B1
0006000500040003000200010000001F01A00191001F000D000C000B000A0009000800070006000500040003000200010000001101A0019000FC000D000C000B
00020001000000F001A001A0002D000D000C000B000A0009000800070006000500040003000200010000001F01A00192002D000D000C000B000A000900080007
01A001A200FE000D000C000B000A000900080007000600050004000300020001000000F001A001A100FE000D000C000B000A0009000800070006000500040003
0000000000000000000000000000000000000000000000000000000000000000010C000D000C000B000A000900080007000600050004000300020001000000FE
02010101010101010101010101010102010101010101010101010101010101010101010101010101010101010101010101010101010101010101010101010101
02010101010101010101010101010102020101010101010101010101010101020201010101010101010101010101010202010101010101010101010101010102
000A000900080007000600050004000300020001000000FF01A001B100FF000D000C000B000A000900080007000600050004000300020001000000F101A001B0
0006000500040003000200010000000001A00290010D000D000C000B000A000900080007000600050004000300020001000000FF01A001B2010D000D000C000B
000200010000000001A002920000000D000C000B000A0009000800070006000500040003000200010000000001A002910000000D000C000B000A000900080007
01A002A10000000D000C000B000A0009000800070006000500040003000200010000000001A002A00000000D000C000B000A0009000800070006000500040003
00000000000000000000000000000000000000000000000000000000000000000000000D000C000B000A00090008000700060005000400030002000100000000
02010101010101010101010101010102020101010101010101010101010101020201010101010101010101010101010202010101010101010101010101010102
01010101010101010101010101010101010101010101010101010101010101010101010101010101010101010101010101010101010101010101010101010101
000A0009000800070006000500040003000200010000000001A002B00000000D000C000B000A0009000800070006000500040003000200010000000001A002A2
0006000500040003000200010000000001A002B20000000D000C000B000A0009000800070006000500040003000200010000000001A002B10000000D000C000B
000200010000000001B000A1000E000D000C000B000A0009000800070006000500040003000200010000000001B000A00000000D000C000B000A000900080007
01B000B0001C000D000C000B000A0009000800070006000500040003000200010000000E01B000A2000E000D000C000B000A0009000800070006000500040003
0000000000000000000000000000000000000000000000000000000000000000000F000D000C000B000A00090008000700060005000400030002000100000001
01010101010101010101010101010101010101010101010101010101010101010101010101010101010101010101010101010101010101010101010101010101
01010101010101010101010101010101010101010101010101010101010101010001010101010101010101010101010101010101010101010101010101010100
000A0009000800070006000500040003000200010000000F01B000B2001D000D000C000B000A0009000800070006000500040003000200010000000F01B000B1
000600050004000300020001000000E001B000C100EE000D000C000B000A000900080007000600050004000300020001000000E001B000C0001D000D000C000B
000200010000001101B001A000FC000D000C000B000A000900080007000600050004000300020001000000EE01B000C200EE000D000C000B000A000900080007
01B001A2002D000D000C000B000A0009000800070006000500040003000200010000001F01B001A1001F000D000C000B000A0009000800070006000500040003
0000000000000000000000000000000000000000000000000000000000000000002D000D000C000B000A0009000800070006000500040003000200010000001F
01010101010101010101010101010101010101010101010101010101010101010100000000000000000000000000000101010101010101010101010101010101
02010101010101010101010101010102020101010101010101010101010101020101010101010101010101010101010101010101010101010101010101010101
000A000900080007000600050004000300020001000000F001B001B100FE000D000C000B000A000900080007000600050004000300020001000000F001B001B0
000600050004000300020001000000F101B001C0010C000D000C000B000A000900080007000600050004000300020001000000FE01B001B200FE000D000C000B
00020001000000FF01B001C2010D000D000C000B000A000900080007000600050004000300020001000000FF01B001C100FF000D000C000B000A000900080007
01B002A10000000D000C000B000A0009000800070006000500040003000200010000000001B002A0010D000D000C000B000A0009000800070006000500040003
00000000000000000000000000000000000000000000000000000000000000000000000D000C000B000A00090008000700060005000400030002000100000000
02010101010101010101010101010102020101010101010101010101010101020201010101010101010101010101010202010101010101010101010101010102
01010101010101010101010101010101020101010101010101010101010101020201010101010101010101010101010202010101010101010101010101010102
000A0009000800070006000500040003000200010000000001B002B00000000D000C000B000A0009000800070006000500040003000200010000000001B002A2
0006000500040003000200010000000001B002B20000000D000C000B000A0009000800070006000500040003000200010000000001B002B10000000D000C000B
000200010000000001B002C10000000D000C000B000A0009000800070006000500040003000200010000000001B002C00000000D000C000B000A000900080007
01C000B00000000D000C000B000A0009000800070006000500040003000200010000000001B002C20000000D000C000B000A0009000800070006000500040003
0000000000000000000000000000000000000000000000000000000000000000000E000D000C000B000A00090008000700060005000400030002000100000000
01010101010101010101010101010101010101010101010101010101010101010101010101010101010101010101010101010101010101010101010101010101
01010101010101010101010101010100010101010101010101010101010101010101010101010101010101010101010101010101010101010101010101010101
000A0009000800070006000500040003000200010000000E01C000B2000E000D000C000B000A0009000800070006000500040003000200010000000001C000B1
0006000500040003000200010000000F01C000C1000F000D000C000B000A0009000800070006000500040003000200010000000101C000C0001C000D000C000B
00020001000000E001C000D0001D000D000C000B000A0009000800070006000500040003000200010000000F01C000C2001D000D000C000B000A000900080007
01C000D200EE000D000C000B000A000900080007000600050004000300020001000000E001C000D100EE000D000C000B000A0009000800070006000500040003
000000000000000000000000000000000000000000000000000000000000000000FC000D000C000B000A000900080007000600050004000300020001000000EE
01010101010101010101010101010101010101010101010101010101010101010101010101010101010101010101010100010101010101010101010101010101
01010101010101010101010101010101010101010101010101010101010101010101010101010101010101010101010101000000000000000000000000000001
000A0009000800070006000500040003000200010000001F01C001B1001F000D000C000B000A0009000800070006000500040003000200010000001101C001B0
000600050004000300020001000000F001C001C0002D000D000C000B000A0009000800070006000500040003000200010000001F01C001B2002D000D000C000B
00020001000000FE01C001C200FE000D000C000B000A000900080007000600050004000300020001000000F001C001C100FE000D000C000B000A000900080007
01C001D100FF000D000C000B000A000900080007000600050004000300020001000000F101C001D0010C000D000C000B000A0009000800070006000500040003
0000000000000000000000000000000000000000000000000000000000000000010D000D000C000B000A000900080007000600050004000300020001000000FF
02010101010101010101010101010102020101010101010101010101010101020201010101010101010101010101010201010101010101010101010101010101
02010101010101010101010101010102020101010101010101010101010101020201010101010101010101010101010202010101010101010101010101010102
000A0009000800070006000500040003000200010000000001C002B0010D000D000C000B000A000900080007000600050004000300020001000000FF01C001D2
0006000500040003000200010000000001C002B20000000D000C000B000A0009000800070006000500040003000200010000000001C002B10000000D000C000B
000200010000000001C002C10000000D000C000B000A0009000800070006000500040003000200010000000001C002C00000000D000C000B000A000900080007
01C002D00000000D000C000B000A0009000800070006000500040003000200010000000001C002C20000000D000C000B000A0009000800070006000500040003
00000000000000000000000000000000000000000000000000000000000000000000000D000C000B000A00090008000700060005000400030002000100000000
01010101010101010101010101010101010101010101010101010101010101010201010101010101010101010101010202010101010101010101010101010102
01010101010101010101010101010101010101010101010101010101010101010101010101010101010101010101010101010101010101010101010101010101
000A0009000800070006000500040003000200010000000001C002D20000000D000C000B000A0009000800070006000500040003000200010000000001C002D1
0006000500040003000200010000000001D000C1000E000D000C000B000A0009000800070006000500040003000200010000000001D000C00000000D000C000B
000200010000000101D000D0001C000D000C000B000A0009000800070006000500040003000200010000000E01D000C2000E000D000C000B000A000900080007
01D000D2001D000D000C000B000A0009000800070006000500040003000200010000000F01D000D1000F000D000C000B000A0009000800070006000500040003
0000000000000000000000000000000000000000000000000000000000000000001D000D000C000B000A0009000800070006000500040003000200010000000F
00010101010101010101010101010101010101010101010101010101010101000101010101010101010101010101010101010101010101010101010101010101
01000000000000000000000000000001010101010101010101010101010101010101010101010101010101010101010101010101010101010101010101010101
000A000900080007000600050004000300020001000000E001D000E100EE000D000C000B000A000900080007000600050004000300020001000000E001D000E0
0006000500040003000200010000001101D001C000FC000D000C000B000A000900080007000600050004000300020001000000EE01D000E200EE000D000C000B
000200010000001F01D001C2002D000D000C000B000A0009000800070006000500040003000200010000001F01D001C1001F000D000C000B000A000900080007
01D001D100FE000D000C000B000A000900080007000600050004000300020001000000F001D001D0002D000D000C000B000A0009000800070006000500040003
000000000000000000000000000000000000000000000000000000000000000000FE000D000C000B000A000900080007000600050004000300020001000000F0
01010101010101010101010101010101010101010101010101010101010101010101010101010101010101010101010101010101010101010101010101010101
02010101010101010101010101010102020101010101010101010101010101020201010101010101010101010101010202010101010101010101010101010102
000A000900080007000600050004000300020001000000F101D001E0010C000D000C000B000A000900080007000600050004000300020001000000FE01D001D2
000600050004000300020001000000FF01D001E2010D000D000C000B000A000900080007000600050004000300020001000000FF01D001E100FF000D000C000B
000200010000000001D002C10000000D000C000B000A0009000800070006000500040003000200010000000001D002C0010D000D000C000B000A000900080007
01D002D00000000D000C000B000A0009000800070006000500040003000200010000000001D002C20000000D000C000B000A0009000800070006000500040003
00000000000000000000000000000000000000000000000000000000000000000000000D000C000B000A00090008000700060005000400030002000100000000
02010101010101010101010101010102020101010101010101010101010101020201010101010101010101010101010202010101010101010101010101010102
01010101010101010101010101010101010101010101010101010101010101010101010101010101010101010101010102010101010101010101010101010102
000A0009000800070006000500040003000200010000000001D002D20000000D000C000B000A0009000800070006000500040003000200010000000001D002D1
0006000500040003000200010000000001D002E10000000D000C000B000A0009000800070006000500040003000200010000000001D002E00000000D000C000B
000200010000000001E000D00000000D000C000B000A0009000800070006000500040003000200010000000001D002E20000000D000C000B000A000900080007
01E000D2000E000D000C000B000A0009000800070006000500040003000200010000000001E000D1000E000D000C000B000A0009000800070006000500040003
0000000000000000000000000000000000000000000000000000000000000000001C000D000C000B000A0009000800070006000500040003000200010000000E
01010101010101010101010101010101010101010101010101010101010101010101010101010101010101010101010101010101010101010101010101010101
01010101010101010101010101010101000101010101010101010101010101010101010101010101010101010101010001010101010101010101010101010101
000A0009000800070006000500040003000200010000000F01E000E1000F000D000C000B000A0009000800070006000500040003000200010000000101E000E0
000600050004000300020001000000E001E000F0001D000D000C000B000A0009000800070006000500040003000200010000000F01E000E2001D000D000C000B
00020001000000EE01E000F200EE000D000C000B000A000900080007000600050004000300020001000000E001E000F100EE000D000C000B000A000900080007
01E001D1001F000D000C000B000A0009000800070006000500040003000200010000001101E001D000FC000D000C000B000A0009000800070006000500040003
0000000000000000000000000000000000000000000000000000000000000000002D000D000C000B000A0009000800070006000500040003000200010000001F
01010101010101010101010101010101010000000000000000000000000000010101010101010101010101010101010101010101010101010101010101010101
02010101010101010101010101010102010101010101010101010101010101010101010101010101010101010101010101010101010101010101010101010101
000A000900080007000600050004000300020001000000F001E001E0002D000D000C000B000A0009000800070006000500040003000200010000001F01E001D2
000600050004000300020001000000FE01E001E200FE000D000C000B000A000900080007000600050004000300020001000000F001E001E100FE000D000C000B
00020001000000FF01E001F100FF000D000C000B000A000900080007000600050004000300020001000000F101E001F0010C000D000C000B000A000900080007
01E002D0010D000D000C000B000A000900080007000600050004000300020001000000FF01E001F2010D000D000C000B000A0009000800070006000500040003
00000000000000000000000000000000000000000000000000000000000000000000000D000C000B000A00090008000700060005000400030002000100000000
02010101010101010101010101010102020101010101010101010101010101020201010101010101010101010101010202010101010101010101010101010102
02010101010101010101010101010102020101010101010101010101010101020201010101010101010101010101010202010101010101010101010101010102
000A0009000800070006000500040003000200010000000001E002D20000000D000C000B000A0009000800070006000500040003000200010000000001E002D1
0006000500040003000200010000000001E002E10000000D000C000B000A0009000800070006000500040003000200010000000001E002E00000000D000C000B
000200010000000001E002F00000000D000C000B000A0009000800070006000500040003000200010000000001E002E20000000D000C000B000A000900080007
01E002F20000000D000C000B000A0009000800070006000500040003000200010000000001E002F10000000D000C000B000A0009000800070006000500040003
00000000000000000000000000000000000000000000000000000000000000000000000D000C000B000A00090008000700060005000400030002000100000000
01010101010101010101010101010101010101010101010101010101010101010101010101010101010101010101010101010101010101010101010101010101
00010101010101010101010101010101010101010101010101010101010101000101010101010101010101010101010101010101010101010101010101010101
000A0009000800070006000500040003000200010000000001F000E1000E000D000C000B000A0009000800070006000500040003000200010000000001F000E0
0006000500040003000200010000000101F000F0001C000D000C000B000A0009000800070006000500040003000200010000000E01F000E2000E000D000C000B
00020001000000EF01F000F200FD000D000C000B000A000900080007000600050004000300020001000000EF01F000F1000F000D000C000B000A000900080007
01F001E1001E000D000C000B000A0009000800070006000500040003000200010000001001F001E000FD000D000C000B000A0009000800070006000500040003
0000000000000000000000000000000000000000000000000000000000000000001E000D000C000B000A00090008000700060005000400030002000100000010
01010101010101010101010101010101010000000000000000000000000000010101010101010101010101010101010101010101010101010101010101010101
02010101010101010101010101010102020101010101010101010101010101020201010101010101010101010101010202010101010101010101010101010102
000A000900080007000600050004000300020001000000F101F001F0010C000D000C000B000A000900080007000600050004000300020001000000FE01F001E2
000600050004000300020001000000FF01F001F2010D000D000C000B000A000900080007000600050004000300020001000000FF01F001F100FF000D000C000B
000200010000000001F002E10000000D000C000B000A0009000800070006000500040003000200010000000001F002E0010D000D000C000B000A000900080007
01F002F00000000D000C000B000A0009000800070006000500040003000200010000000001F002E20000000D000C000B000A0009000800070006000500040003
00000000000000000000000000000000000000000000000000000000000000000000000D000C000B000A00090008000700060005000400030002000100000000
01010101010101010101010101010101010101010101010101010101010101010201010101010101010101010101010202010101010101010101010101010102
00010101010101010101010101010101010101010101010101010101010101000101010101010101010101010101010101010101010101010101010101010101
000A0009000800070006000500040003000200010000000001F002F20000000D000C000B000A0009000800070006000500040003000200010000000001F002F1
0006000500040003000200010000000002000101000E000D000C000B000A00090008000700060005000400030002000100000000020001000000000D000C000B
000200010000000102000110001C000D000C000B000A0009000800070006000500040003000200010000000E02000102000E000D000C000B000A000900080007
0200011200FD000D000C000B000A000900080007000600050004000300020001000000EF02000111000F000D000C000B000A0009000800070006000500040003
000000000000000000000000000000000000000000000000000000000000000000FD000D000C000B000A000900080007000600050004000300020001000000EF
01010101010101010101010101010101010101010101010101010101010101010100000000000000000000000000000101010101010101010101010101010101
02010101010101010101010101010102020101010101010101010101010101020101010101010101010101010101010101010101010101010101010101010101
000A0009000800070006000500040003000200010000001002000201001E000D000C000B000A0009000800070006000500040003000200010000001002000200
000600050004000300020001000000F102000210010C000D000C000B000A000900080007000600050004000300020001000000FE02000202001E000D000C000B
00020001000000FF02000212010D000D000C000B000A000900080007000600050004000300020001000000FF0200021100FF000D000C000B000A000900080007
020003010000000D000C000B000A0009000800070006000500040003000200010000000002000300010D000D000C000B000A0009000800070006000500040003
00000000000000000000000000000000000000000000000000000000000000000000000D000C000B000A00090008000700060005000400030002000100000000
02010101010101010101010101010102020101010101010101010101010101020201010101010101010101010101010202010101010101010101010101010102
01010101010101010101010101010101010101010101010101010101010101010101010101010101010101010101010101010101010101010101010101010101
000A00090008000700060005000400030002000100000000020003100000000D000C000B000A0009000800070006000500040003000200010000000002000302
00060005000400030002000100000000020003120000000D000C000B000A00090008000700060005000400030002000100000000020003110000000D000C000B
000200010000000002100101000E000D000C000B000A00090008000700060005000400030002000100000000021001000000000D000C000B000A000900080007
02100110001C000D000C000B000A0009000800070006000500040003000200010000000E02100102000E000D000C000B000A0009000800070006000500040003
0000000000000000000000000000000000000000000000000000000000000000000F000D000C000B000A00090008000700060005000400030002000100000001
01010101010101010101010101010101010101010101010101010101010101010101010101010101010101010101010101010101010101010101010101010101
01010101010101010101010101010101010101010101010101010101010101010001010101010101010101010101010101010101010101010101010101010100
000A0009000800070006000500040003000200010000000F02100112001D000D000C000B000A0009000800070006000500040003000200010000000F02100111
000600050004000300020001000000E00210012100EE000D000C000B000A000900080007000600050004000300020001000000E002100120001D000D000C000B
00020001000000110210020000FC000D000C000B000A000900080007000600050004000300020001000000EE0210012200EE000D000C000B000A000900080007
02100202002D000D000C000B000A0009000800070006000500040003000200010000001F02100201001F000D000C000B000A0009000800070006000500040003
0000000000000000000000000000000000000000000000000000000000000000002D000D000C000B000A0009000800070006000500040003000200010000001F
01010101010101010101010101010101010101010101010101010101010101010100000000000000000000000000000101010101010101010101010101010101
02010101010101010101010101010102020101010101010101010101010101020101010101010101010101010101010101010101010101010101010101010101
000A000900080007000600050004000300020001000000F00210021100FE000D000C000B000A000900080007000600050004000300020001000000F002100210
000600050004000300020001000000F102100220010C000D000C000B000A000900080007000600050004000300020001000000FE0210021200FE000D000C000B
00020001000000FF02100222010D000D000C000B000A000900080007000600050004000300020001000000FF0210022100FF000D000C000B000A000900080007
021003010000000D000C000B000A0009000800070006000500040003000200010000000002100300010D000D000C000B000A0009000800070006000500040003
00000000000000000000000000000000000000000000000000000000000000000000000D000C000B000A00090008000700060005000400030002000100000000
02010101010101010101010101010102020101010101010101010101010101020201010101010101010101010101010202010101010101010101010101010102
01010101010101010101010101010101020101010101010101010101010101020201010101010101010101010101010202010101010101010101010101010102
000A00090008000700060005000400030002000100000000021003100000000D000C000B000A0009000800070006000500040003000200010000000002100302
00060005000400030002000100000000021003120000000D000C000B000A00090008000700060005000400030002000100000000021003110000000D000C000B
0002000100000000021003210000000D000C000B000A00090008000700060005000400030002000100000000021003200000000D000C000B000A000900080007
022001100000000D000C000B000A00090008000700060005000400030002000100000000021003220000000D000C000B000A0009000800070006000500040003
0000000000000000000000000000000000000000000000000000000000000000000E000D000C000B000A00090008000700060005000400030002000100000000
01010101010101010101010101010101010101010101010101010101010101010101010101010101010101010101010101010101010101010101010101010101
01010101010101010101010101010100010101010101010101010101010101010101010101010101010101010101010101010101010101010101010101010101
000A0009000800070006000500040003000200010000000E02200112000E000D000C000B000A0009000800070006000500040003000200010000000002200111
0006000500040003000200010000000F02200121000F000D000C000B000A0009000800070006000500040003000200010000000102200120001C000D000C000B
00020001000000E002200130001D000D000C000B000A0009000800070006000500040003000200010000000F02200122001D000D000C000B000A000900080007
0220013200EE000D000C000B000A000900080007000600050004000300020001000000E00220013100EE000D000C000B000A0009000800070006000500040003
000000000000000000000000000000000000000000000000000000000000000000FC000D000C000B000A000900080007000600050004000300020001000000EE
01010101010101010101010101010101010101010101010101010101010101010101010101010101010101010101010100010101010101010101010101010101
01010101010101010101010101010101010101010101010101010101010101010101010101010101010101010101010101000000000000000000000000000001
000A0009000800070006000500040003000200010000001F02200211001F000D000C000B000A0009000800070006000500040003000200010000001102200210
000600050004000300020001000000F002200220002D000D000C000B000A0009000800070006000500040003000200010000001F02200212002D000D000C000B
00020001000000FE0220022200FE000D000C000B000A000900080007000600050004000300020001000000F00220022100FE000D000C000B000A000900080007
0220023100FF000D000C000B000A000900080007000600050004000300020001000000F102200230010C000D000C000B000A0009000800070006000500040003
0000000000000000000000000000000000000000000000000000000000000000010D000D000C000B000A000900080007000600050004000300020001000000FF
02010101010101010101010101010102020101010101010101010101010101020201010101010101010101010101010201010101010101010101010101010101
02010101010101010101010101010102020101010101010101010101010101020201010101010101010101010101010202010101010101010101010101010102
000A0009000800070006000500040003000200010000000002200310010D000D000C000B000A000900080007000600050004000300020001000000FF02200232
00060005000400030002000100000000022003120000000D000C000B000A00090008000700060005000400030002000100000000022003110000000D000C000B
0002000100000000022003210000000D000C000B000A00090008000700060005000400030002000100000000022003200000000D000C000B000A000900080007
022003300000000D000C000B000A00090008000700060005000400030002000100000000022003220000000D000C000B000A0009000800070006000500040003
00000000000000000000000000000000000000000000000000000000000000000000000D000C000B000A00090008000700060005000400030002000100000000
01010101010101010101010101010101010101010101010101010101010101010201010101010101010101010101010202010101010101010101010101010102
01010101010101010101010101010101010101010101010101010101010101010101010101010101010101010101010101010101010101010101010101010101
000A00090008000700060005000400030002000100000000022003320000000D000C000B000A0009000800070006000500040003000200010000000002200331
0006000500040003000200010000000002300121000E000D000C000B000A00090008000700060005000400030002000100000000023001200000000D000C000B
000200010000000102300130001C000D000C000B000A0009000800070006000500040003000200010000000E02300122000E000D000C000B000A000900080007
02300132001D000D000C000B000A0009000800070006000500040003000200010000000F02300131000F000D000C000B000A0009000800070006000500040003
0000000000000000000000000000000000000000000000000000000000000000001D000D000C000B000A0009000800070006000500040003000200010000000F
00010101010101010101010101010101010101010101010101010101010101000101010101010101010101010101010101010101010101010101010101010101
01000000000000000000000000000001010101010101010101010101010101010101010101010101010101010101010101010101010101010101010101010101
000A000900080007000600050004000300020001000000E00230014100EE000D000C000B000A000900080007000600050004000300020001000000E002300140
000600050004000300020001000000110230022000FC000D000C000B000A000900080007000600050004000300020001000000EE0230014200EE000D000C000B
000200010000001F02300222002D000D000C000B000A0009000800070006000500040003000200010000001F02300221001F000D000C000B000A000900080007
0230023100FE000D000C000B000A000900080007000600050004000300020001000000F002300230002D000D000C000B000A0009000800070006000500040003
000000000000000000000000000000000000000000000000000000000000000000FE000D000C000B000A000900080007000600050004000300020001000000F0
01010101010101010101010101010101010101010101010101010101010101010101010101010101010101010101010101010101010101010101010101010101
02010101010101010101010101010102020101010101010101010101010101020201010101010101010101010101010202010101010101010101010101010102
000A000900080007000600050004000300020001000000F102300240010C000D000C000B000A000900080007000600050004000300020001000000FE02300232
000600050004000300020001000000FF02300242010D000D000C000B000A000900080007000600050004000300020001000000FF0230024100FF000D000C000B
0002000100000000023003210000000D000C000B000A0009000800070006000500040003000200010000000002300320010D000D000C000B000A000900080007
023003300000000D000C000B000A00090008000700060005000400030002000100000000023003220000000D000C000B000A0009000800070006000500040003
00000000000000000000000000000000000000000000000000000000000000000000000D000C000B000A00090008000700060005000400030002000100000000
02010101010101010101010101010102020101010101010101010101010101020201010101010101010101010101010202010101010101010101010101010102
01010101010101010101010101010101010101010101010101010101010101010101010101010101010101010101010102010101010101010101010101010102
000A00090008000700060005000400030002000100000000023003320000000D000C000B000A0009000800070006000500040003000200010000000002300331
00060005000400030002000100000000023003410000000D000C000B000A00090008000700060005000400030002000100000000023003400000000D000C000B
0002000100000000024001300000000D000C000B000A00090008000700060005000400030002000100000000023003420000000D000C000B000A000900080007
02400132000E000D000C000B000A0009000800070006000500040003000200010000000002400131000E000D000C000B000A0009000800070006000500040003
0000000000000000000000000000000000000000000000000000000000000000001C000D000C000B000A0009000800070006000500040003000200010000000E
01010101010101010101010101010101010101010101010101010101010101010101010101010101010101010101010101010101010101010101010101010101
01010101010101010101010101010101000101010101010101010101010101010101010101010101010101010101010001010101010101010101010101010101
000A0009000800070006000500040003000200010000000F02400141000F000D000C000B000A0009000800070006000500040003000200010000000102400140
000600050004000300020001000000E002400150001D000D000C000B000A0009000800070006000500040003000200010000000F02400142001D000D000C000B
00020001000000EE0240015200EE000D000C000B000A000900080007000600050004000300020001000000E00240015100EE000D000C000B000A000900080007
02400231001F000D000C000B000A000900080007000600050004000300020001000000110240023000FC000D000C000B000A0009000800070006000500040003
0000000000000000000000000000000000000000000000000000000000000000002D000D000C000B000A0009000800070006000500040003000200010000001F
01010101010101010101010101010101010000000000000000000000000000010101010101010101010101010101010101010101010101010101010101010101
02010101010101010101010101010102010101010101010101010101010101010101010101010101010101010101010101010101010101010101010101010101
000A000900080007000600050004000300020001000000F002400240002D000D000C000B000A0009000800070006000500040003000200010000001F02400232
000600050004000300020001000000FE0240024200FE000D000C000B000A000900080007000600050004000300020001000000F00240024100FE000D000C000B
00020001000000FF0240025100FF000D000C000B000A000900080007000600050004000300020001000000F102400250010C000D000C000B000A000900080007
02400330010D000D000C000B000A000900080007000600050004000300020001000000FF02400252010D000D000C000B000A0009000800070006000500040003
00000000000000000000000000000000000000000000000000000000000000000000000D000C000B000A00090008000700060005000400030002000100000000
02010101010101010101010101010102020101010101010101010101010101020201010101010101010101010101010202010101010101010101010101010102
02010101010101010101010101010102020101010101010101010101010101020201010101010101010101010101010202010101010101010101010101010102
000A00090008000700060005000400030002000100000000024003320000000D000C000B000A0009000800070006000500040003000200010000000002400331
00060005000400030002000100000000024003410000000D000C000B000A00090008000700060005000400030002000100000000024003400000000D000C000B
0002000100000000024003500000000D000C000B000A00090008000700060005000400030002000100000000024003420000000D000C000B000A000900080007
024003520000000D000C000B000A00090008000700060005000400030002000100000000024003510000000D000C000B000A0009000800070006000500040003
00000000000000000000000000000000000000000000000000000000000000000000000D000C000B000A00090008000700060005000400030002000100000000
01010101010101010101010101010101010101010101010101010101010101010101010101010101010101010101010101010101010101010101010101010101
01010101010101010101010101010101010101010101010101010101010101010101010101010101010101010101010101010101010101010101010101010101
000A0009000800070006000500040003000200010000000002500141000E000D000C000B000A0009000800070006000500040003000200010000000002500140
0006000500040003000200010000000102500150001C000D000C000B000A0009000800070006000500040003000200010000000E02500142000E000D000C000B
000200010000000F02500152001D000D000C000B000A0009000800070006000500040003000200010000000F02500151000F000D000C000B000A000900080007
0250016100EE000D000C000B000A000900080007000600050004000300020001000000E002500160001D000D000C000B000A0009000800070006000500040003
000000000000000000000000000000000000000000000000000000000000000000EE000D000C000B000A000900080007000600050004000300020001000000E0
01010101010101010101010101010101010101010101010101010101010101010001010101010101010101010101010101010101010101010101010101010100
01010101010101010101010101010101010101010101010101010101010101010100000000000000000000000000000101010101010101010101010101010101
000A000900080007000600050004000300020001000000110250024000FC000D000C000B000A000900080007000600050004000300020001000000EE02500162
0006000500040003000200010000001F02500242002D000D000C000B000A0009000800070006000500040003000200010000001F02500241001F000D000C000B
00020001000000F00250025100FE000D000C000B000A000900080007000600050004000300020001000000F002500250002D000D000C000B000A000900080007
02500260010C000D000C000B000A000900080007000600050004000300020001000000FE0250025200FE000D000C000B000A0009000800070006000500040003
000000000000000000000000000000000000000000000000000000000000000000FF000D000C000B000A000900080007000600050004000300020001000000F1
02010101010101010101010101010102020101010101010101010101010101020101010101010101010101010101010101010101010101010101010101010101
02010101010101010101010101010102020101010101010101010101010101020201010101010101010101010101010202010101010101010101010101010102
000A000900080007000600050004000300020001000000FF02500262010D000D000C000B000A000900080007000600050004000300020001000000FF02500261
00060005000400030002000100000000025003410000000D000C000B000A0009000800070006000500040003000200010000000002500340010D000D000C000B
0002000100000000025003500000000D000C000B000A00090008000700060005000400030002000100000000025003420000000D000C000B000A000900080007
025003520000000D000C000B000A00090008000700060005000400030002000100000000025003510000000D000C000B000A0009000800070006000500040003
00000000000000000000000000000000000000000000000000000000000000000000000D000C000B000A00090008000700060005000400030002000100000000
01010101010101010101010101010101020101010101010101010101010101020201010101010101010101010101010202010101010101010101010101010102
01010101010101010101010101010101010101010101010101010101010101010101010101010101010101010101010101010101010101010101010101010101
000A00090008000700060005000400030002000100000000025003610000000D000C000B000A0009000800070006000500040003000200010000000002500360
00060005000400030002000100000000026001500000000D000C000B000A00090008000700060005000400030002000100000000025003620000000D000C000B
000200010000000E02600152000E000D000C000B000A0009000800070006000500040003000200010000000002600151000E000D000C000B000A000900080007
02600161000F000D000C000B000A0009000800070006000500040003000200010000000102600160001C000D000C000B000A0009000800070006000500040003
0000000000000000000000000000000000000000000000000000000000000000001D000D000C000B000A0009000800070006000500040003000200010000000F
01010101010101010101010101010100010101010101010101010101010101010101010101010101010101010101010101010101010101010101010101010101
01010101010101010101010101010101010101010101010101010101010101010101010101010101010101010101010100010101010101010101010101010101
000A000900080007000600050004000300020001000000E002600170001D000D000C000B000A0009000800070006000500040003000200010000000F02600162
000600050004000300020001000000EE0260017200EE000D000C000B000A000900080007000600050004000300020001000000E00260017100EE000D000C000B
000200010000001F02600251001F000D000C000B000A000900080007000600050004000300020001000000110260025000FC000D000C000B000A000900080007
02600260002D000D000C000B000A0009000800070006000500040003000200010000001F02600252002D000D000C000B000A0009000800070006000500040003
000000000000000000000000000000000000000000000000000000000000000000FE000D000C000B000A000900080007000600050004000300020001000000F0
01010101010101010101010101010101010101010101010101010101010101010101010101010101010101010101010101000000000000000000000000000001
02010101010101010101010101010102020101010101010101010101010101020201010101010101010101010101010201010101010101010101010101010101
000A000900080007000600050004000300020001000000FE0260026200FE000D000C000B000A000900080007000600050004000300020001000000F002600261
000600050004000300020001000000FF0260027100FF000D000C000B000A000900080007000600050004000300020001000000F102600270010C000D000C000B
000200010000000002600350010D000D000C000B000A000900080007000600050004000300020001000000FF02600272010D000D000C000B000A000900080007
026003520000000D000C000B000A00090008000700060005000400030002000100000000026003510000000D000C000B000A0009000800070006000500040003
00000000000000000000000000000000000000000000000000000000000000000000000D000C000B000A00090008000700060005000400030002000100000000
02010101010101010101010101010102020101010101010101010101010101020201010101010101010101010101010202010101010101010101010101010102
01010101010101010101010101010101010101010101010101010101010101010201010101010101010101010101010202010101010101010101010101010102
000A00090008000700060005000400030002000100000000026003610000000D000C000B000A0009000800070006000500040003000200010000000002600360
00060005000400030002000100000000026003700000000D000C000B000A00090008000700060005000400030002000100000000026003620000000D000C000B
0002000100000000026003720000000D000C000B000A00090008000700060005000400030002000100000000026003710000000D000C000B000A000900080007
02700161000E000D000C000B000A00090008000700060005000400030002000100000000027001600000000D000C000B000A0009000800070006000500040003
0000000000000000000000000000000000000000000000000000000000000000000E000D000C000B000A00090008000700060005000400030002000100000000
01010101010101010101010101010101010101010101010101010101010101010101010101010101010101010101010101010101010101010101010101010101
00010101010101010101010101010101010101010101010101010101010101000101010101010101010101010101010101010101010101010101010101010101
000A0009000800070006000500040003000200010000000102700170001C000D000C000B000A0009000800070006000500040003000200010000000E02700162
0006000500040003000200010000000F02700172001D000D000C000B000A0009000800070006000500040003000200010000000F02700171000F000D000C000B
00020001000000E00270018100EE000D000C000B000A000900080007000600050004000300020001000000E002700180001D000D000C000B000A000900080007
0270026000FC000D000C000B000A000900080007000600050004000300020001000000EE0270018200EE000D000C000B000A0009000800070006000500040003
0000000000000000000000000000000000000000000000000000000000000000001F000D000C000B000A00090008000700060005000400030002000100000011
01000000000000000000000000000001010101010101010101010101010101010101010101010101010101010101010101010101010101010101010101010101
01010101010101010101010101010101010101010101010101010101010101010101010101010101010101010101010101010101010101010101010101010101
000A0009000800070006000500040003000200010000001F02700262002D000D000C000B000A0009000800070006000500040003000200010000001F02700261
000600050004000300020001000000F00270027100FE000D000C000B000A000900080007000600050004000300020001000000F002700270002D000D000C000B
00020001000000F102700280010C000D000C000B000A000900080007000600050004000300020001000000FE0270027200FE000D000C000B000A000900080007
02700282010D000D000C000B000A000900080007000600050004000300020001000000FF0270028100FF000D000C000B000A0009000800070006000500040003
0000000000000000000000000000000000000000000000000000000000000000010D000D000C000B000A000900080007000600050004000300020001000000FF
02010101010101010101010101010102020101010101010101010101010101020201010101010101010101010101010202010101010101010101010101010102
02010101010101010101010101010102020101010101010101010101010101020201010101010101010101010101010202010101010101010101010101010102
000A00090008000700060005000400030002000100000000027003610000000D000C000B000A0009000800070006000500040003000200010000000002700360
00060005000400030002000100000000027003700000000D000C000B000A00090008000700060005000400030002000100000000027003620000000D000C000B
0002000100000000027003720000000D000C000B000A00090008000700060005000400030002000100000000027003710000000D000C000B000A000900080007
027003810000000D000C000B000A00090008000700060005000400030002000100000000027003800000000D000C000B000A0009000800070006000500040003
00000000000000000000000000000000000000000000000000000000000000000000000D000C000B000A00090008000700060005000400030002000100000000
01010101010101010101010101010101010101010101010101010101010101010101010101010101010101010101010102010101010101010101010101010102
01010101010101010101010101010101010101010101010101010101010101010101010101010101010101010101010101010101010101010101010101010101
000A00090008000700060005000400030002000100000000028001700000000D000C000B000A0009000800070006000500040003000200010000000002700382
0006000500040003000200010000000E02800172000E000D000C000B000A0009000800070006000500040003000200010000000002800171000E000D000C000B
000200010000000F02800181000F000D000C000B000A0009000800070006000500040003000200010000000102800180001C000D000C000B000A000900080007
02800190001D000D000C000B000A0009000800070006000500040003000200010000000F02800182001D000D000C000B000A0009000800070006000500040003
000000000000000000000000000000000000000000000000000000000000000000EE000D000C000B000A000900080007000600050004000300020001000000E0
01010101010101010101010101010101000101010101010101010101010101010101010101010101010101010101010001010101010101010101010101010101
01010101010101010101010101010101010000000000000000000000000000010101010101010101010101010101010101010101010101010101010101010101
000A000900080007000600050004000300020001000000EE0280019200EE000D000C000B000A000900080007000600050004000300020001000000E002800191
0006000500040003000200010000001F02800271001F000D000C000B000A000900080007000600050004000300020001000000110280027000FC000D000C000B
00020001000000F002800280002D000D000C000B000A0009000800070006000500040003000200010000001F02800272002D000D000C000B000A000900080007
0280028200FE000D000C000B000A000900080007000600050004000300020001000000F00280028100FE000D000C000B000A0009000800070006000500040003
0000000000000000000000000000000000000000000000000000000000000000010C000D000C000B000A000900080007000600050004000300020001000000FE
02010101010101010101010101010102010101010101010101010101010101010101010101010101010101010101010101010101010101010101010101010101
02010101010101010101010101010102020101010101010101010101010101020201010101010101010101010101010202010101010101010101010101010102
000A000900080007000600050004000300020001000000FF0280029100FF000D000C000B000A000900080007000600050004000300020001000000F102800290
0006000500040003000200010000000002800370010D000D000C000B000A000900080007000600050004000300020001000000FF02800292010D000D000C000B
0002000100000000028003720000000D000C000B000A00090008000700060005000400030002000100000000028003710000000D000C000B000A000900080007
028003810000000D000C000B000A00090008000700060005000400030002000100000000028003800000000D000C000B000A0009000800070006000500040003
00000000000000000000000000000000000000000000000000000000000000000000000D000C000B000A00090008000700060005000400030002000100000000
02010101010101010101010101010102020101010101010101010101010101020201010101010101010101010101010202010101010101010101010101010102
01010101010101010101010101010101010101010101010101010101010101010101010101010101010101010101010101010101010101010101010101010101
000A00090008000700060005000400030002000100000000028003900000000D000C000B000A0009000800070006000500040003000200010000000002800382
00060005000400030002000100000000028003920000000D000C000B000A00090008000700060005000400030002000100000000028003910000000D000C000B
000200010000000002900181000E000D000C000B000A00090008000700060005000400030002000100000000029001800000000D000C000B000A000900080007
02900190001C000D000C000B000A0009000800070006000500040003000200010000000E02900182000E000D000C000B000A0009000800070006000500040003
0000000000000000000000000000000000000000000000000000000000000000000F000D000C000B000A00090008000700060005000400030002000100000001
01010101010101010101010101010101010101010101010101010101010101010101010101010101010101010101010101010101010101010101010101010101
01010101010101010101010101010101010101010101010101010101010101010001010101010101010101010101010101010101010101010101010101010100
000A0009000800070006000500040003000200010000000F02900192001D000D000C000B000A0009000800070006000500040003000200010000000F02900191
000600050004000300020001000000E0029001A100EE000D000C000B000A000900080007000600050004000300020001000000E0029001A0001D000D000C000B
00020001000000110290028000FC000D000C000B000A000900080007000600050004000300020001000000EE029001A200EE000D000C000B000A000900080007
02900282002D000D000C000B000A0009000800070006000500040003000200010000001F02900281001F000D000C000B000A0009000800070006000500040003
0000000000000000000000000000000000000000000000000000000000000000002D000D000C000B000A0009000800070006000500040003000200010000001F
01010101010101010101010101010101010101010101010101010101010101010100000000000000000000000000000101010101010101010101010101010101
02010101010101010101010101010102020101010101010101010101010101020101010101010101010101010101010101010101010101010101010101010101
000A000900080007000600050004000300020001000000F00290029100FE000D000C000B000A000900080007000600050004000300020001000000F002900290
000600050004000300020001000000F1029002A0010C000D000C000B000A000900080007000600050004000300020001000000FE0290029200FE000D000C000B
00020001000000FF029002A2010D000D000C000B000A000900080007000600050004000300020001000000FF029002A100FF000D000C000B000A000900080007
029003810000000D000C000B000A0009000800070006000500040003000200010000000002900380010D000D000C000B000A0009000800070006000500040003
00000000000000000000000000000000000000000000000000000000000000000000000D000C000B000A00090008000700060005000400030002000100000000
02010101010101010101010101010102020101010101010101010101010101020201010101010101010101010101010202010101010101010101010101010102
01010101010101010101010101010101020101010101010101010101010101020201010101010101010101010101010202010101010101010101010101010102
000A00090008000700060005000400030002000100000000029003900000000D000C000B000A0009000800070006000500040003000200010000000002900382
00060005000400030002000100000000029003920000000D000C000B000A00090008000700060005000400030002000100000000029003910000000D000C000B
0002000100000000029003A10000000D000C000B000A00090008000700060005000400030002000100000000029003A00000000D000C000B000A000900080007
02A001900000000D000C000B000A00090008000700060005000400030002000100000000029003A20000000D000C000B000A0009000800070006000500040003
0000000000000000000000000000000000000000000000000000000000000000000E000D000C000B000A00090008000700060005000400030002000100000000
01010101010101010101010101010101010101010101010101010101010101010101010101010101010101010101010101010101010101010101010101010101
01010101010101010101010101010100010101010101010101010101010101010101010101010101010101010101010101010101010101010101010101010101
000A0009000800070006000500040003000200010000000E02A00192000E000D000C000B000A0009000800070006000500040003000200010000000002A00191
0006000500040003000200010000000F02A001A1000F000D000C000B000A0009000800070006000500040003000200010000000102A001A0001C000D000C000B
00020001000000E002A001B0001D000D000C000B000A0009000800070006000500040003000200010000000F02A001A2001D000D000C000B000A000900080007
02A001B200EE000D000C000B000A000900080007000600050004000300020001000000E002A001B100EE000D000C000B000A0009000800070006000500040003
000000000000000000000000000000000000000000000000000000000000000000FC000D000C000B000A000900080007000600050004000300020001000000EE
01010101010101010101010101010101010101010101010101010101010101010101010101010101010101010101010100010101010101010101010101010101
01010101010101010101010101010101010101010101010101010101010101010101010101010101010101010101010101000000000000000000000000000001
000A0009000800070006000500040003000200010000001F02A00291001F000D000C000B000A0009000800070006000500040003000200010000001102A00290
000600050004000300020001000000F002A002A0002D000D000C000B000A0009000800070006000500040003000200010000001F02A00292002D000D000C000B
00020001000000FE02A002A200FE000D000C000B000A000900080007000600050004000300020001000000F002A002A100FE000D000C000B000A000900080007
02A002B100FF000D000C000B000A000900080007000600050004000300020001000000F102A002B0010C000D000C000B000A0009000800070006000500040003
0000000000000000000000000000000000000000000000000000000000000000010D000D000C000B000A000900080007000600050004000300020001000000FF
02010101010101010101010101010102020101010101010101010101010101020201010101010101010101010101010201010101010101010101010101010101
02010101010101010101010101010102020101010101010101010101010101020201010101010101010101010101010202010101010101010101010101010102
000A0009000800070006000500040003000200010000000002A00390010D000D000C000B000A000900080007000600050004000300020001000000FF02A002B2
0006000500040003000200010000000002A003920000000D000C000B000A0009000800070006000500040003000200010000000002A003910000000D000C000B
000200010000000002A003A10000000D000C000B000A0009000800070006000500040003000200010000000002A003A00000000D000C000B000A000900080007
02A003B00000000D000C000B000A0009000800070006000500040003000200010000000002A003A20000000D000C000B000A0009000800070006000500040003
00000000000000000000000000000000000000000000000000000000000000000000000D000C000B000A00090008000700060005000400030002000100000000
01010101010101010101010101010101010101010101010101010101010101010201010101010101010101010101010202010101010101010101010101010102
01010101010101010101010101010101010101010101010101010101010101010101010101010101010101010101010101010101010101010101010101010101
000A0009000800070006000500040003000200010000000002A003B20000000D000C000B000A0009000800070006000500040003000200010000000002A003B1
0006000500040003000200010000000002B001A1000E000D000C000B000A0009000800070006000500040003000200010000000002B001A00000000D000C000B
000200010000000102B001B0001C000D000C000B000A0009000800070006000500040003000200010000000E02B001A2000E000D000C000B000A000900080007
02B001B2001D000D000C000B000A0009000800070006000500040003000200010000000F02B001B1000F000D000C000B000A0009000800070006000500040003
0000000000000000000000000000000000000000000000000000000000000000001D000D000C000B000A0009000800070006000500040003000200010000000F
00010101010101010101010101010101010101010101010101010101010101000101010101010101010101010101010101010101010101010101010101010101
01000000000000000000000000000001010101010101010101010101010101010101010101010101010101010101010101010101010101010101010101010101
000A000900080007000600050004000300020001000000E002B001C100EE000D000C000B000A000900080007000600050004000300020001000000E002B001C0
0006000500040003000200010000001102B002A000FC000D000C000B000A000900080007000600050004000300020001000000EE02B001C200EE000D000C000B
000200010000001F02B002A2002D000D000C000B000A0009000800070006000500040003000200010000001F02B002A1001F000D000C000B000A000900080007
02B002B100FE000D000C000B000A000900080007000600050004000300020001000000F002B002B0002D000D000C000B000A0009000800070006000500040003
000000000000000000000000000000000000000000000000000000000000000000FE000D000C000B000A000900080007000600050004000300020001000000F0
01010101010101010101010101010101010101010101010101010101010101010101010101010101010101010101010101010101010101010101010101010101
02010101010101010101010101010102020101010101010101010101010101020201010101010101010101010101010202010101010101010101010101010102
000A000900080007000600050004000300020001000000F102B002C0010C000D000C000B000A000900080007000600050004000300020001000000FE02B002B2
000600050004000300020001000000FF02B002C2010D000D000C000B000A000900080007000600050004000300020001000000FF02B002C100FF000D000C000B
000200010000000002B003A10000000D000C000B000A0009000800070006000500040003000200010000000002B003A0010D000D000C000B000A000900080007
02B003B00000000D000C000B000A0009000800070006000500040003000200010000000002B003A20000000D000C000B000A0009000800070006000500040003
00000000000000000000000000000000000000000000000000000000000000000000000D000C000B000A00090008000700060005000400030002000100000000
02010101010101010101010101010102020101010101010101010101010101020201010101010101010101010101010202010101010101010101010101010102
01010101010101010101010101010101010101010101010101010101010101010101010101010101010101010101010102010101010101010101010101010102
000A0009000800070006000500040003000200010000000002B003B20000000D000C000B000A0009000800070006000500040003000200010000000002B003B1
0006000500040003000200010000000002B003C10000000D000C000B000A0009000800070006000500040003000200010000000002B003C00000000D000C000B
000200010000000002C001B00000000D000C000B000A0009000800070006000500040003000200010000000002B003C20000000D000C000B000A000900080007
02C001B2000E000D000C000B000A0009000800070006000500040003000200010000000002C001B1000E000D000C000B000A0009000800070006000500040003
0000000000000000000000000000000000000000000000000000000000000000001C000D000C000B000A0009000800070006000500040003000200010000000E
01010101010101010101010101010101010101010101010101010101010101010101010101010101010101010101010101010101010101010101010101010101
01010101010101010101010101010101000101010101010101010101010101010101010101010101010101010101010001010101010101010101010101010101
000A0009000800070006000500040003000200010000000F02C001C1000F000D000C000B000A0009000800070006000500040003000200010000000102C001C0
000600050004000300020001000000E002C001D0001D000D000C000B000A0009000800070006000500040003000200010000000F02C001C2001D000D000C000B
00020001000000EE02C001D200EE000D000C000B000A000900080007000600050004000300020001000000E002C001D100EE000D000C000B000A000900080007
02C002B1001F000D000C000B000A0009000800070006000500040003000200010000001102C002B000FC000D000C000B000A0009000800070006000500040003
0000000000000000000000000000000000000000000000000000000000000000002D000D000C000B000A0009000800070006000500040003000200010000001F
01010101010101010101010101010101010000000000000000000000000000010101010101010101010101010101010101010101010101010101010101010101
02010101010101010101010101010102010101010101010101010101010101010101010101010101010101010101010101010101010101010101010101010101
000A000900080007000600050004000300020001000000F002C002C0002D000D000C000B000A0009000800070006000500040003000200010000001F02C002B2
000600050004000300020001000000FE02C002C200FE000D000C000B000A000900080007000600050004000300020001000000F002C002C100FE000D000C000B
00020001000000FF02C002D100FF000D000C000B000A000900080007000600050004000300020001000000F102C002D0010C000D000C000B000A000900080007
02C003B0010D000D000C000B000A000900080007000600050004000300020001000000FF02C002D2010D000D000C000B000A0009000800070006000500040003
00000000000000000000000000000000000000000000000000000000000000000000000D000C000B000A00090008000700060005000400030002000100000000
02010101010101010101010101010102020101010101010101010101010101020201010101010101010101010101010202010101010101010101010101010102
02010101010101010101010101010102020101010101010101010101010101020201010101010101010101010101010202010101010101010101010101010102
000A0009000800070006000500040003000200010000000002C003B20000000D000C000B000A0009000800070006000500040003000200010000000002C003B1
0006000500040003000200010000000002C003C10000000D000C000B000A0009000800070006000500040003000200010000000002C003C00000000D000C000B
000200010000000002C003D00000000D000C000B000A0009000800070006000500040003000200010000000002C003C20000000D000C000B000A000900080007
02C003D20000000D000C000B000A0009000800070006000500040003000200010000000002C003D10000000D000C000B000A0009000800070006000500040003
00000000000000000000000000000000000000000000000000000000000000000000000D000C000B000A00090008000700060005000400030002000100000000
01010101010101010101010101010101010101010101010101010101010101010101010101010101010101010101010101010101010101010101010101010101
01010101010101010101010101010101010101010101010101010101010101010101010101010101010101010101010101010101010101010101010101010101
000A0009000800070006000500040003000200010000000002D001C1000E000D000C000B000A0009000800070006000500040003000200010000000002D001C0
0006000500040003000200010000000102D001D0001C000D000C000B000A0009000800070006000500040003000200010000000E02D001C2000E000D000C000B
000200010000000F02D001D2001D000D000C000B000A0009000800070006000500040003000200010000000F02D001D1000F000D000C000B000A000900080007
02D001E100EE000D000C000B000A000900080007000600050004000300020001000000E002D001E0001D000D000C000B000A0009000800070006000500040003
000000000000000000000000000000000000000000000000000000000000000000EE000D000C000B000A000900080007000600050004000300020001000000E0
01010101010101010101010101010101010101010101010101010101010101010001010101010101010101010101010101010101010101010101010101010100
01010101010101010101010101010101010101010101010101010101010101010100000000000000000000000000000101010101010101010101010101010101
000A0009000800070006000500040003000200010000001102D002C000FC000D000C000B000A000900080007000600050004000300020001000000EE02D001E2
0006000500040003000200010000001F02D002C2002D000D000C000B000A0009000800070006000500040003000200010000001F02D002C1001F000D000C000B
00020001000000F002D002D100FE000D000C000B000A000900080007000600050004000300020001000000F002D002D0002D000D000C000B000A000900080007
02D002E0010C000D000C000B000A000900080007000600050004000300020001000000FE02D002D200FE000D000C000B000A0009000800070006000500040003
000000000000000000000000000000000000000000000000000000000000000000FF000D000C000B000A000900080007000600050004000300020001000000F1
02010101010101010101010101010102020101010101010101010101010101020101010101010101010101010101010101010101010101010101010101010101
02010101010101010101010101010102020101010101010101010101010101020201010101010101010101010101010202010101010101010101010101010102
000A000900080007000600050004000300020001000000FF02D002E2010D000D000C000B000A000900080007000600050004000300020001000000FF02D002E1
0006000500040003000200010000000002D003C10000000D000C000B000A0009000800070006000500040003000200010000000002D003C0010D000D000C000B
000200010000000002D003D00000000D000C000B000A0009000800070006000500040003000200010000000002D003C20000000D000C000B000A000900080007
02D003D20000000D000C000B000A0009000800070006000500040003000200010000000002D003D10000000D000C000B000A0009000800070006000500040003
00000000000000000000000000000000000000000000000000000000000000000000000D000C000B000A00090008000700060005000400030002000100000000
01010101010101010101010101010101020101010101010101010101010101020201010101010101010101010101010202010101010101010101010101010102
01010101010101010101010101010101010101010101010101010101010101010101010101010101010101010101010101010101010101010101010101010101
000A0009000800070006000500040003000200010000000002D003E10000000D000C000B000A0009000800070006000500040003000200010000000002D003E0
0006000500040003000200010000000002E001D00000000D000C000B000A0009000800070006000500040003000200010000000002D003E20000000D000C000B
000200010000000E02E001D2000E000D000C000B000A0009000800070006000500040003000200010000000002E001D1000E000D000C000B000A000900080007
02E001E1000F000D000C000B000A0009000800070006000500040003000200010000000102E001E0001C000D000C000B000A0009000800070006000500040003
0000000000000000000000000000000000000000000000000000000000000000001D000D000C000B000A0009000800070006000500040003000200010000000F
01010101010101010101010101010100010101010101010101010101010101010101010101010101010101010101010101010101010101010101010101010101
01010101010101010101010101010101010101010101010101010101010101010101010101010101010101010101010100010101010101010101010101010101
000A000900080007000600050004000300020001000000E002E001F0001D000D000C000B000A0009000800070006000500040003000200010000000F02E001E2
000600050004000300020001000000EE02E001F200EE000D000C000B000A000900080007000600050004000300020001000000E002E001F100EE000D000C000B
000200010000001F02E002D1001F000D000C000B000A0009000800070006000500040003000200010000001102E002D000FC000D000C000B000A000900080007
02E002E0002D000D000C000B000A0009000800070006000500040003000200010000001F02E002D2002D000D000C000B000A0009000800070006000500040003
000000000000000000000000000000000000000000000000000000000000000000FE000D000C000B000A000900080007000600050004000300020001000000F0
01010101010101010101010101010101010101010101010101010101010101010101010101010101010101010101010101000000000000000000000000000001
02010101010101010101010101010102020101010101010101010101010101020201010101010101010101010101010201010101010101010101010101010101
000A000900080007000600050004000300020001000000FE02E002E200FE000D000C000B000A000900080007000600050004000300020001000000F002E002E1
000600050004000300020001000000FF02E002F100FF000D000C000B000A000900080007000600050004000300020001000000F102E002F0010C000D000C000B
000200010000000002E003D0010D000D000C000B000A000900080007000600050004000300020001000000FF02E002F2010D000D000C000B000A000900080007
02E003D20000000D000C000B000A0009000800070006000500040003000200010000000002E003D10000000D000C000B000A0009000800070006000500040003
00000000000000000000000000000000000000000000000000000000000000000000000D000C000B000A00090008000700060005000400030002000100000000
02010101010101010101010101010102020101010101010101010101010101020201010101010101010101010101010202010101010101010101010101010102
01010101010101010101010101010101010101010101010101010101010101010201010101010101010101010101010202010101010101010101010101010102
000A0009000800070006000500040003000200010000000002E003E10000000D000C000B000A0009000800070006000500040003000200010000000002E003E0
0006000500040003000200010000000002E003F00000000D000C000B000A0009000800070006000500040003000200010000000002E003E20000000D000C000B
000200010000000002E003F20000000D000C000B000A0009000800070006000500040003000200010000000002E003F10000000D000C000B000A000900080007
02F001E1000E000D000C000B000A0009000800070006000500040003000200010000000002F001E00000000D000C000B000A0009000800070006000500040003
0000000000000000000000000000000000000000000000000000000000000000000E000D000C000B000A00090008000700060005000400030002000100000000
01010101010101010101010101010101010101010101010101010101010101010101010101010101010101010101010101010101010101010101010101010101
01010101010101010101010101010101010101010101010101010101010101010001010101010101010101010101010101010101010101010101010101010100
000A0009000800070006000500040003000200010000000102F001F0001C000D000C000B000A0009000800070006000500040003000200010000000E02F001E2
000600050004000300020001000000EF02F001F200FD000D000C000B000A000900080007000600050004000300020001000000EF02F001F1000F000D000C000B
000200010000001002F002E1001E000D000C000B000A0009000800070006000500040003000200010000001002F002E000FD000D000C000B000A000900080007
02F002F0010C000D000C000B000A000900080007000600050004000300020001000000FE02F002E2001E000D000C000B000A0009000800070006000500040003
000000000000000000000000000000000000000000000000000000000000000000FF000D000C000B000A000900080007000600050004000300020001000000F1
02010101010101010101010101010102020101010101010101010101010101020101010101010101010101010101010101000000000000000000000000000001
02010101010101010101010101010102020101010101010101010101010101020201010101010101010101010101010202010101010101010101010101010102
000A000900080007000600050004000300020001000000FF02F002F2010D000D000C000B000A000900080007000600050004000300020001000000FF02F002F1
0006000500040003000200010000000002F003E10000000D000C000B000A0009000800070006000500040003000200010000000002F003E0010D000D000C000B
000200010000000002F003F00000000D000C000B000A0009000800070006000500040003000200010000000002F003E20000000D000C000B000A000900080007
02F003F20000000D000C000B000A0009000800070006000500040003000200010000000002F003F10000000D000C000B000A0009000800070006000500040003
00000000000000000000000000000000000000000000000000000000000000000000000D000C000B000A00090008000700060005000400030002000100000000
01010101010101010101010101010101010101010101010101010101010101010101010101010101010101010101010101010101010101010101010101010101
01000000000000000000000000000001010101010101010101010101010101010001010101010101010101010101010101010101010101010101010101010100
000A0009000800070006000500040003000200010000000003000201000E000D000C000B000A0009000800070006000500040003000200010000000003000200
0006000500040003000200010000000103000210001C000D000C000B000A0009000800070006000500040003000200010000000E03000202000E000D000C000B
00020001000000EF0300021200FD000D000C000B000A000900080007000600050004000300020001000000EF03000211000F000D000C000B000A000900080007
03000301001E000D000C000B000A000900080007000600050004000300020001000000100300030000FD000D000C000B000A0009000800070006000500040003
0000000000000000000000000000000000000000000000000000000000000000001E000D000C000B000A00090008000700060005000400030002000100000010
01010101010101010101010101010101010101010101010101010101010101010101010101010101010101010101010101010101010101010101010101010101
02010101010101010101010101010102020101010101010101010101010101020201010101010101010101010101010202010101010101010101010101010102
000A000900080007000600050004000300020001000000F103000310010C000D000C000B000A000900080007000600050004000300020001000000FE03000302
000600050004000300020001000000FF03000312010D000D000C000B000A000900080007000600050004000300020001000000FF0300031100FF000D000C000B
0002000100000000030004010000000D000C000B000A0009000800070006000500040003000200010000000003000400010D000D000C000B000A000900080007
030004100000000D000C000B000A00090008000700060005000400030002000100000000030004020000000D000C000B000A0009000800070006000500040003
00000000000000000000000000000000000000000000000000000000000000000000000D000C000B000A00090008000700060005000400030002000100000000
01010101010101010101010101010101010101010101010101010101010101010201010101010101010101010101010202010101010101010101010101010102
01010101010101010101010101010101010101010101010101010101010101010101010101010101010101010101010101010101010101010101010101010101
000A00090008000700060005000400030002000100000000030004120000000D000C000B000A0009000800070006000500040003000200010000000003000411
0006000500040003000200010000000003100201000E000D000C000B000A00090008000700060005000400030002000100000000031002000000000D000C000B
000200010000000103100210001C000D000C000B000A0009000800070006000500040003000200010000000E03100202000E000D000C000B000A000900080007
03100212001D000D000C000B000A0009000800070006000500040003000200010000000F03100211000F000D000C000B000A0009000800070006000500040003
0000000000000000000000000000000000000000000000000000000000000000001D000D000C000B000A0009000800070006000500040003000200010000000F
00010101010101010101010101010101010101010101010101010101010101000101010101010101010101010101010101010101010101010101010101010101
01000000000000000000000000000001010101010101010101010101010101010101010101010101010101010101010101010101010101010101010101010101
000A000900080007000600050004000300020001000000E00310022100EE000D000C000B000A000900080007000600050004000300020001000000E003100220
000600050004000300020001000000110310030000FC000D000C000B000A000900080007000600050004000300020001000000EE0310022200EE000D000C000B
000200010000001F03100302002D000D000C000B000A0009000800070006000500040003000200010000001F03100301001F000D000C000B000A000900080007
0310031100FE000D000C000B000A000900080007000600050004000300020001000000F003100310002D000D000C000B000A0009000800070006000500040003
000000000000000000000000000000000000000000000000000000000000000000FE000D000C000B000A000900080007000600050004000300020001000000F0
01010101010101010101010101010101010101010101010101010101010101010101010101010101010101010101010101010101010101010101010101010101
02010101010101010101010101010102020101010101010101010101010101020201010101010101010101010101010202010101010101010101010101010102
000A000900080007000600050004000300020001000000F103100320010C000D000C000B000A000900080007000600050004000300020001000000FE03100312
000600050004000300020001000000FF03100322010D000D000C000B000A000900080007000600050004000300020001000000FF0310032100FF000D000C000B
0002000100000000031004010000000D000C000B000A0009000800070006000500040003000200010000000003100400010D000D000C000B000A000900080007
031004100000000D000C000B000A00090008000700060005000400030002000100000000031004020000000D000C000B000A0009000800070006000500040003
00000000000000000000000000000000000000000000000000000000000000000000000D000C000B000A00090008000700060005000400030002000100000000
02010101010101010101010101010102020101010101010101010101010101020201010101010101010101010101010202010101010101010101010101010102
01010101010101010101010101010101010101010101010101010101010101010101010101010101010101010101010102010101010101010101010101010102
000A00090008000700060005000400030002000100000000031004120000000D000C000B000A0009000800070006000500040003000200010000000003100411
00060005000400030002000100000000031004210000000D000C000B000A00090008000700060005000400030002000100000000031004200000000D000C000B
0002000100000000032002100000000D000C000B000A00090008000700060005000400030002000100000000031004220000000D000C000B000A000900080007
03200212000E000D000C000B000A0009000800070006000500040003000200010000000003200211000E000D000C000B000A0009000800070006000500040003
0000000000000000000000000000000000000000000000000000000000000000001C000D000C000B000A0009000800070006000500040003000200010000000E
01010101010101010101010101010101010101010101010101010101010101010101010101010101010101010101010101010101010101010101010101010101
01010101010101010101010101010101000101010101010101010101010101010101010101010101010101010101010001010101010101010101010101010101
000A0009000800070006000500040003000200010000000F03200221000F000D000C000B000A0009000800070006000500040003000200010000000103200220
000600050004000300020001000000E003200230001D000D000C000B000A0009000800070006000500040003000200010000000F03200222001D000D000C000B
00020001000000EE0320023200EE000D000C000B000A000900080007000600050004000300020001000000E00320023100EE000D000C000B000A000900080007
03200311001F000D000C000B000A000900080007000600050004000300020001000000110320031000FC000D000C000B000A0009000800070006000500040003
0000000000000000000000000000000000000000000000000000000000000000002D000D000C000B000A0009000800070006000500040003000200010000001F
01010101010101010101010101010101010000000000000000000000000000010101010101010101010101010101010101010101010101010101010101010101
02010101010101010101010101010102010101010101010101010101010101010101010101010101010101010101010101010101010101010101010101010101
000A000900080007000600050004000300020001000000F003200320002D000D000C000B000A0009000800070006000500040003000200010000001F03200312
000600050004000300020001000000FE0320032200FE000D000C000B000A000900080007000600050004000300020001000000F00320032100FE000D000C000B
00020001000000FF0320033100FF000D000C000B000A000900080007000600050004000300020001000000F103200330010C000D000C000B000A000900080007
03200410010D000D000C000B000A000900080007000600050004000300020001000000FF03200332010D000D000C000B000A0009000800070006000500040003
00000000000000000000000000000000000000000000000000000000000000000000000D000C000B000A00090008000700060005000400030002000100000000
02010101010101010101010101010102020101010101010101010101010101020201010101010101010101010101010202010101010101010101010101010102
02010101010101010101010101010102020101010101010101010101010101020201010101010101010101010101010202010101010101010101010101010102
000A00090008000700060005000400030002000100000000032004120000000D000C000B000A0009000800070006000500040003000200010000000003200411
00060005000400030002000100000000032004210000000D000C000B000A00090008000700060005000400030002000100000000032004200000000D000C000B
0002000100000000032004300000000D000C000B000A00090008000700060005000400030002000100000000032004220000000D000C000B000A000900080007
032004320000000D000C000B000A00090008000700060005000400030002000100000000032004310000000D000C000B000A0009000800070006000500040003
00000000000000000000000000000000000000000000000000000000000000000000000D000C000B000A00090008000700060005000400030002000100000000
01010101010101010101010101010101010101010101010101010101010101010101010101010101010101010101010101010101010101010101010101010101
01010101010101010101010101010101010101010101010101010101010101010101010101010101010101010101010101010101010101010101010101010101
000A0009000800070006000500040003000200010000000003300221000E000D000C000B000A0009000800070006000500040003000200010000000003300220
0006000500040003000200010000000103300230001C000D000C000B000A0009000800070006000500040003000200010000000E03300222000E000D000C000B
000200010000000F03300232001D000D000C000B000A0009000800070006000500040003000200010000000F03300231000F000D000C000B000A000900080007
0330024100EE000D000C000B000A000900080007000600050004000300020001000000E003300240001D000D000C000B000A0009000800070006000500040003
000000000000000000000000000000000000000000000000000000000000000000EE000D000C000B000A000900080007000600050004000300020001000000E0
01010101010101010101010101010101010101010101010101010101010101010001010101010101010101010101010101010101010101010101010101010100
01010101010101010101010101010101010101010101010101010101010101010100000000000000000000000000000101010101010101010101010101010101
000A000900080007000600050004000300020001000000110330032000FC000D000C000B000A000900080007000600050004000300020001000000EE03300242
0006000500040003000200010000001F03300322002D000D000C000B000A0009000800070006000500040003000200010000001F03300321001F000D000C000B
00020001000000F00330033100FE000D000C000B000A000900080007000600050004000300020001000000F003300330002D000D000C000B000A000900080007
03300340010C000D000C000B000A000900080007000600050004000300020001000000FE0330033200FE000D000C000B000A0009000800070006000500040003
000000000000000000000000000000000000000000000000000000000000000000FF000D000C000B000A000900080007000600050004000300020001000000F1
02010101010101010101010101010102020101010101010101010101010101020101010101010101010101010101010101010101010101010101010101010101
02010101010101010101010101010102020101010101010101010101010101020201010101010101010101010101010202010101010101010101010101010102
000A000900080007000600050004000300020001000000FF03300342010D000D000C000B000A000900080007000600050004000300020001000000FF03300341
00060005000400030002000100000000033004210000000D000C000B000A0009000800070006000500040003000200010000000003300420010D000D000C000B
0002000100000000033004300000000D000C000B000A00090008000700060005000400030002000100000000033004220000000D000C000B000A000900080007
033004320000000D000C000B000A00090008000700060005000400030002000100000000033004310000000D000C000B000A0009000800070006000500040003
00000000000000000000000000000000000000000000000000000000000000000000000D000C000B000A00090008000700060005000400030002000100000000
01010101010101010101010101010101020101010101010101010101010101020201010101010101010101010101010202010101010101010101010101010102
01010101010101010101010101010101010101010101010101010101010101010101010101010101010101010101010101010101010101010101010101010101
000A00090008000700060005000400030002000100000000033004410000000D000C000B000A0009000800070006000500040003000200010000000003300440
00060005000400030002000100000000034002300000000D000C000B000A00090008000700060005000400030002000100000000033004420000000D000C000B
000200010000000E03400232000E000D000C000B000A0009000800070006000500040003000200010000000003400231000E000D000C000B000A000900080007
03400241000F000D000C000B000A0009000800070006000500040003000200010000000103400240001C000D000C000B000A0009000800070006000500040003
0000000000000000000000000000000000000000000000000000000000000000001D000D000C000B000A0009000800070006000500040003000200010000000F
01010101010101010101010101010100010101010101010101010101010101010101010101010101010101010101010101010101010101010101010101010101
01010101010101010101010101010101010101010101010101010101010101010101010101010101010101010101010100010101010101010101010101010101
000A000900080007000600050004000300020001000000E003400250001D000D000C000B000A0009000800070006000500040003000200010000000F03400242
000600050004000300020001000000EE0340025200EE000D000C000B000A000900080007000600050004000300020001000000E00340025100EE000D000C000B
000200010000001F03400331001F000D000C000B000A000900080007000600050004000300020001000000110340033000FC000D000C000B000A000900080007
03400340002D000D000C000B000A0009000800070006000500040003000200010000001F03400332002D000D000C000B000A0009000800070006000500040003
000000000000000000000000000000000000000000000000000000000000000000FE000D000C000B000A000900080007000600050004000300020001000000F0
01010101010101010101010101010101010101010101010101010101010101010101010101010101010101010101010101000000000000000000000000000001
02010101010101010101010101010102020101010101010101010101010101020201010101010101010101010101010201010101010101010101010101010101
000A000900080007000600050004000300020001000000FE0340034200FE000D000C000B000A000900080007000600050004000300020001000000F003400341
000600050004000300020001000000FF0340035100FF000D000C000B000A000900080007000600050004000300020001000000F103400350010C000D000C000B
000200010000000003400430010D000D000C000B000A000900080007000600050004000300020001000000FF03400352010D000D000C000B000A000900080007
034004320000000D000C000B000A00090008000700060005000400030002000100000000034004310000000D000C000B000A0009000800070006000500040003
00000000000000000000000000000000000000000000000000000000000000000000000D000C000B000A00090008000700060005000400030002000100000000
02010101010101010101010101010102020101010101010101010101010101020201010101010101010101010101010202010101010101010101010101010102
01010101010101010101010101010101010101010101010101010101010101010201010101010101010101010101010202010101010101010101010101010102
000A00090008000700060005000400030002000100000000034004410000000D000C000B000A0009000800070006000500040003000200010000000003400440
00060005000400030002000100000000034004500000000D000C000B000A00090008000700060005000400030002000100000000034004420000000D000C000B
0002000100000000034004520000000D000C000B000A00090008000700060005000400030002000100000000034004510000000D000C000B000A000900080007
03500241000E000D000C000B000A00090008000700060005000400030002000100000000035002400000000D000C000B000A0009000800070006000500040003
0000000000000000000000000000000000000000000000000000000000000000000E000D000C000B000A00090008000700060005000400030002000100000000
01010101010101010101010101010101010101010101010101010101010101010101010101010101010101010101010101010101010101010101010101010101
00010101010101010101010101010101010101010101010101010101010101000101010101010101010101010101010101010101010101010101010101010101
000A0009000800070006000500040003000200010000000103500250001C000D000C000B000A0009000800070006000500040003000200010000000E03500242
0006000500040003000200010000000F03500252001D000D000C000B000A0009000800070006000500040003000200010000000F03500251000F000D000C000B
00020001000000E00350026100EE000D000C000B000A000900080007000600050004000300020001000000E003500260001D000D000C000B000A000900080007
0350034000FC000D000C000B000A000900080007000600050004000300020001000000EE0350026200EE000D000C000B000A0009000800070006000500040003
0000000000000000000000000000000000000000000000000000000000000000001F000D000C000B000A00090008000700060005000400030002000100000011
01000000000000000000000000000001010101010101010101010101010101010101010101010101010101010101010101010101010101010101010101010101
01010101010101010101010101010101010101010101010101010101010101010101010101010101010101010101010101010101010101010101010101010101
000A0009000800070006000500040003000200010000001F03500342002D000D000C000B000A0009000800070006000500040003000200010000001F03500341
000600050004000300020001000000F00350035100FE000D000C000B000A000900080007000600050004000300020001000000F003500350002D000D000C000B
00020001000000F103500360010C000D000C000B000A000900080007000600050004000300020001000000FE0350035200FE000D000C000B000A000900080007
03500362010D000D000C000B000A000900080007000600050004000300020001000000FF0350036100FF000D000C000B000A0009000800070006000500040003
0000000000000000000000000000000000000000000000000000000000000000010D000D000C000B000A000900080007000600050004000300020001000000FF
02010101010101010101010101010102020101010101010101010101010101020201010101010101010101010101010202010101010101010101010101010102
02010101010101010101010101010102020101010101010101010101010101020201010101010101010101010101010202010101010101010101010101010102
000A00090008000700060005000400030002000100000000035004410000000D000C000B000A0009000800070006000500040003000200010000000003500440
00060005000400030002000100000000035004500000000D000C000B000A00090008000700060005000400030002000100000000035004420000000D000C000B
0002000100000000035004520000000D000C000B000A00090008000700060005000400030002000100000000035004510000000D000C000B000A000900080007
035004610000000D000C000B000A00090008000700060005000400030002000100000000035004600000000D000C000B000A0009000800070006000500040003
00000000000000000000000000000000000000000000000000000000000000000000000D000C000B000A00090008000700060005000400030002000100000000
01010101010101010101010101010101010101010101010101010101010101010101010101010101010101010101010102010101010101010101010101010102
01010101010101010101010101010101010101010101010101010101010101010101010101010101010101010101010101010101010101010101010101010101
000A00090008000700060005000400030002000100000000036002500000000D000C000B000A0009000800070006000500040003000200010000000003500462
0006000500040003000200010000000E03600252000E000D000C000B000A0009000800070006000500040003000200010000000003600251000E000D000C000B
000200010000000F03600261000F000D000C000B000A0009000800070006000500040003000200010000000103600260001C000D000C000B000A000900080007
03600270001D000D000C000B000A0009000800070006000500040003000200010000000F03600262001D000D000C000B000A0009000800070006000500040003
000000000000000000000000000000000000000000000000000000000000000000EE000D000C000B000A000900080007000600050004000300020001000000E0
01010101010101010101010101010101000101010101010101010101010101010101010101010101010101010101010001010101010101010101010101010101
01010101010101010101010101010101010000000000000000000000000000010101010101010101010101010101010101010101010101010101010101010101
000A000900080007000600050004000300020001000000EE0360027200EE000D000C000B000A000900080007000600050004000300020001000000E003600271
0006000500040003000200010000001F03600351001F000D000C000B000A000900080007000600050004000300020001000000110360035000FC000D000C000B
00020001000000F003600360002D000D000C000B000A0009000800070006000500040003000200010000001F03600352002D000D000C000B000A000900080007
0360036200FE000D000C000B000A000900080007000600050004000300020001000000F00360036100FE000D000C000B000A0009000800070006000500040003
0000000000000000000000000000000000000000000000000000000000000000010C000D000C000B000A000900080007000600050004000300020001000000FE
02010101010101010101010101010102010101010101010101010101010101010101010101010101010101010101010101010101010101010101010101010101
02010101010101010101010101010102020101010101010101010101010101020201010101010101010101010101010202010101010101010101010101010102
000A000900080007000600050004000300020001000000FF0360037100FF000D000C000B000A000900080007000600050004000300020001000000F103600370
0006000500040003000200010000000003600450010D000D000C000B000A000900080007000600050004000300020001000000FF03600372010D000D000C000B
0002000100000000036004520000000D000C000B000A00090008000700060005000400030002000100000000036004510000000D000C000B000A000900080007
036004610000000D000C000B000A00090008000700060005000400030002000100000000036004600000000D000C000B000A0009000800070006000500040003
00000000000000000000000000000000000000000000000000000000000000000000000D000C000B000A00090008000700060005000400030002000100000000
02010101010101010101010101010102020101010101010101010101010101020201010101010101010101010101010202010101010101010101010101010102
01010101010101010101010101010101010101010101010101010101010101010101010101010101010101010101010101010101010101010101010101010101
000A00090008000700060005000400030002000100000000036004700000000D000C000B000A0009000800070006000500040003000200010000000003600462
00060005000400030002000100000000036004720000000D000C000B000A00090008000700060005000400030002000100000000036004710000000D000C000B
000200010000000003700261000E000D000C000B000A00090008000700060005000400030002000100000000037002600000000D000C000B000A000900080007
03700270001C000D000C000B000A0009000800070006000500040003000200010000000E03700262000E000D000C000B000A0009000800070006000500040003
0000000000000000000000000000000000000000000000000000000000000000000F000D000C000B000A00090008000700060005000400030002000100000001
01010101010101010101010101010101010101010101010101010101010101010101010101010101010101010101010101010101010101010101010101010101
01010101010101010101010101010101010101010101010101010101010101010001010101010101010101010101010101010101010101010101010101010100
000A0009000800070006000500040003000200010000000F03700272001D000D000C000B000A0009000800070006000500040003000200010000000F03700271
000600050004000300020001000000E00370028100EE000D000C000B000A000900080007000600050004000300020001000000E003700280001D000D000C000B
00020001000000110370036000FC000D000C000B000A000900080007000600050004000300020001000000EE0370028200EE000D000C000B000A000900080007
03700362002D000D000C000B000A0009000800070006000500040003000200010000001F03700361001F000D000C000B000A0009000800070006000500040003
0000000000000000000000000000000000000000000000000000000000000000002D000D000C000B000A0009000800070006000500040003000200010000001F
01010101010101010101010101010101010101010101010101010101010101010100000000000000000000000000000101010101010101010101010101010101
02010101010101010101010101010102020101010101010101010101010101020101010101010101010101010101010101010101010101010101010101010101
000A000900080007000600050004000300020001000000F00370037100FE000D000C000B000A000900080007000600050004000300020001000000F003700370
000600050004000300020001000000F103700380010C000D000C000B000A000900080007000600050004000300020001000000FE0370037200FE000D000C000B
00020001000000FF03700382010D000D000C000B000A000900080007000600050004000300020001000000FF0370038100FF000D000C000B000A000900080007
037004610000000D000C000B000A0009000800070006000500040003000200010000000003700460010D000D000C000B000A0009000800070006000500040003
00000000000000000000000000000000000000000000000000000000000000000000000D000C000B000A00090008000700060005000400030002000100000000
02010101010101010101010101010102020101010101010101010101010101020201010101010101010101010101010202010101010101010101010101010102
01010101010101010101010101010101020101010101010101010101010101020201010101010101010101010101010202010101010101010101010101010102
000A00090008000700060005000400030002000100000000037004700000000D000C000B000A0009000800070006000500040003000200010000000003700462
00060005000400030002000100000000037004720000000D000C000B000A00090008000700060005000400030002000100000000037004710000000D000C000B
0002000100000000037004810000000D000C000B000A00090008000700060005000400030002000100000000037004800000000D000C000B000A000900080007
038002700000000D000C000B000A00090008000700060005000400030002000100000000037004820000000D000C000B000A0009000800070006000500040003
0000000000000000000000000000000000000000000000000000000000000000000E000D000C000B000A00090008000700060005000400030002000100000000
01010101010101010101010101010101010101010101010101010101010101010101010101010101010101010101010101010101010101010101010101010101
01010101010101010101010101010100010101010101010101010101010101010101010101010101010101010101010101010101010101010101010101010101
000A0009000800070006000500040003000200010000000E03800272000E000D000C000B000A0009000800070006000500040003000200010000000003800271
0006000500040003000200010000000F03800281000F000D000C000B000A0009000800070006000500040003000200010000000103800280001C000D000C000B
00020001000000E003800290001D000D000C000B000A0009000800070006000500040003000200010000000F03800282001D000D000C000B000A000900080007
0380029200EE000D000C000B000A000900080007000600050004000300020001000000E00380029100EE000D000C000B000A0009000800070006000500040003
000000000000000000000000000000000000000000000000000000000000000000FC000D000C000B000A000900080007000600050004000300020001000000EE
01010101010101010101010101010101010101010101010101010101010101010101010101010101010101010101010100010101010101010101010101010101
01010101010101010101010101010101010101010101010101010101010101010101010101010101010101010101010101000000000000000000000000000001
000A0009000800070006000500040003000200010000001F03800371001F000D000C000B000A0009000800070006000500040003000200010000001103800370
000600050004000300020001000000F003800380002D000D000C000B000A0009000800070006000500040003000200010000001F03800372002D000D000C000B
00020001000000FE0380038200FE000D000C000B000A000900080007000600050004000300020001000000F00380038100FE000D000C000B000A000900080007
0380039100FF000D000C000B000A000900080007000600050004000300020001000000F103800390010C000D000C000B000A0009000800070006000500040003
0000000000000000000000000000000000000000000000000000000000000000010D000D000C000B000A000900080007000600050004000300020001000000FF
02010101010101010101010101010102020101010101010101010101010101020201010101010101010101010101010201010101010101010101010101010101
02010101010101010101010101010102020101010101010101010101010101020201010101010101010101010101010202010101010101010101010101010102
000A0009000800070006000500040003000200010000000003800470010D000D000C000B000A000900080007000600050004000300020001000000FF03800392
00060005000400030002000100000000038004720000000D000C000B000A00090008000700060005000400030002000100000000038004710000000D000C000B
0002000100000000038004810000000D000C000B000A00090008000700060005000400030002000100000000038004800000000D000C000B000A000900080007
038004900000000D000C000B000A00090008000700060005000400030002000100000000038004820000000D000C000B000A0009000800070006000500040003
00000000000000000000000000000000000000000000000000000000000000000000000D000C000B000A00090008000700060005000400030002000100000000
01010101010101010101010101010101010101010101010101010101010101010201010101010101010101010101010202010101010101010101010101010102
01010101010101010101010101010101010101010101010101010101010101010101010101010101010101010101010101010101010101010101010101010101
000A00090008000700060005000400030002000100000000038004920000000D000C000B000A0009000800070006000500040003000200010000000003800491
0006000500040003000200010000000003900281000E000D000C000B000A00090008000700060005000400030002000100000000039002800000000D000C000B
000200010000000103900290001C000D000C000B000A0009000800070006000500040003000200010000000E03900282000E000D000C000B000A000900080007
03900292001D000D000C000B000A0009000800070006000500040003000200010000000F03900291000F000D000C000B000A0009000800070006000500040003
0000000000000000000000000000000000000000000000000000000000000000001D000D000C000B000A0009000800070006000500040003000200010000000F
00010101010101010101010101010101010101010101010101010101010101000101010101010101010101010101010101010101010101010101010101010101
01000000000000000000000000000001010101010101010101010101010101010101010101010101010101010101010101010101010101010101010101010101
000A000900080007000600050004000300020001000000E0039002A100EE000D000C000B000A000900080007000600050004000300020001000000E0039002A0
000600050004000300020001000000110390038000FC000D000C000B000A000900080007000600050004000300020001000000EE039002A200EE000D000C000B
000200010000001F03900382002D000D000C000B000A0009000800070006000500040003000200010000001F03900381001F000D000C000B000A000900080007
0390039100FE000D000C000B000A000900080007000600050004000300020001000000F003900390002D000D000C000B000A0009000800070006000500040003
000000000000000000000000000000000000000000000000000000000000000000FE000D000C000B000A000900080007000600050004000300020001000000F0
01010101010101010101010101010101010101010101010101010101010101010101010101010101010101010101010101010101010101010101010101010101
02010101010101010101010101010102020101010101010101010101010101020201010101010101010101010101010202010101010101010101010101010102
000A000900080007000600050004000300020001000000F1039003A0010C000D000C000B000A000900080007000600050004000300020001000000FE03900392
000600050004000300020001000000FF039003A2010D000D000C000B000A000900080007000600050004000300020001000000FF039003A100FF000D000C000B
0002000100000000039004810000000D000C000B000A0009000800070006000500040003000200010000000003900480010D000D000C000B000A000900080007
039004900000000D000C000B000A00090008000700060005000400030002000100000000039004820000000D000C000B000A0009000800070006000500040003
00000000000000000000000000000000000000000000000000000000000000000000000D000C000B000A00090008000700060005000400030002000100000000
02010101010101010101010101010102020101010101010101010101010101020201010101010101010101010101010202010101010101010101010101010102
01010101010101010101010101010101010101010101010101010101010101010101010101010101010101010101010102010101010101010101010101010102
000A00090008000700060005000400030002000100000000039004920000000D000C000B000A0009000800070006000500040003000200010000000003900491
00060005000400030002000100000000039004A10000000D000C000B000A00090008000700060005000400030002000100000000039004A00000000D000C000B
000200010000000003A002900000000D000C000B000A00090008000700060005000400030002000100000000039004A20000000D000C000B000A000900080007
03A00292000E000D000C000B000A0009000800070006000500040003000200010000000003A00291000E000D000C000B000A0009000800070006000500040003
0000000000000000000000000000000000000000000000000000000000000000001C000D000C000B000A0009000800070006000500040003000200010000000E
01010101010101010101010101010101010101010101010101010101010101010101010101010101010101010101010101010101010101010101010101010101
01010101010101010101010101010101000101010101010101010101010101010101010101010101010101010101010001010101010101010101010101010101
000A0009000800070006000500040003000200010000000F03A002A1000F000D000C000B000A0009000800070006000500040003000200010000000103A002A0
000600050004000300020001000000E003A002B0001D000D000C000B000A0009000800070006000500040003000200010000000F03A002A2001D000D000C000B
00020001000000EE03A002B200EE000D000C000B000A000900080007000600050004000300020001000000E003A002B100EE000D000C000B000A000900080007
03A00391001F000D000C000B000A0009000800070006000500040003000200010000001103A0039000FC000D000C000B000A0009000800070006000500040003
0000000000000000000000000000000000000000000000000000000000000000002D000D000C000B000A0009000800070006000500040003000200010000001F
01010101010101010101010101010101010000000000000000000000000000010101010101010101010101010101010101010101010101010101010101010101
02010101010101010101010101010102010101010101010101010101010101010101010101010101010101010101010101010101010101010101010101010101
000A000900080007000600050004000300020001000000F003A003A0002D000D000C000B000A0009000800070006000500040003000200010000001F03A00392
000600050004000300020001000000FE03A003A200FE000D000C000B000A000900080007000600050004000300020001000000F003A003A100FE000D000C000B
00020001000000FF03A003B100FF000D000C000B000A000900080007000600050004000300020001000000F103A003B0010C000D000C000B000A000900080007
03A00490010D000D000C000B000A000900080007000600050004000300020001000000FF03A003B2010D000D000C000B000A0009000800070006000500040003
00000000000000000000000000000000000000000000000000000000000000000000000D000C000B000A00090008000700060005000400030002000100000000
02010101010101010101010101010102020101010101010101010101010101020201010101010101010101010101010202010101010101010101010101010102
02010101010101010101010101010102020101010101010101010101010101020201010101010101010101010101010202010101010101010101010101010102
000A0009000800070006000500040003000200010000000003A004920000000D000C000B000A0009000800070006000500040003000200010000000003A00491
0006000500040003000200010000000003A004A10000000D000C000B000A0009000800070006000500040003000200010000000003A004A00000000D000C000B
000200010000000003A004B00000000D000C000B000A0009000800070006000500040003000200010000000003A004A20000000D000C000B000A000900080007
03A004B20000000D000C000B000A0009000800070006000500040003000200010000000003A004B10000000D000C000B000A0009000800070006000500040003
00000000000000000000000000000000000000000000000000000000000000000000000D000C000B000A00090008000700060005000400030002000100000000
01010101010101010101010101010101010101010101010101010101010101010101010101010101010101010101010101010101010101010101010101010101
01010101010101010101010101010101010101010101010101010101010101010101010101010101010101010101010101010101010101010101010101010101
000A0009000800070006000500040003000200010000000003B002A1000E000D000C000B000A0009000800070006000500040003000200010000000003B002A0
0006000500040003000200010000000103B002B0001C000D000C000B000A0009000800070006000500040003000200010000000E03B002A2000E000D000C000B
000200010000000F03B002B2001D000D000C000B000A0009000800070006000500040003000200010000000F03B002B1000F000D000C000B000A000900080007
03B002C100EE000D000C000B000A000900080007000600050004000300020001000000E003B002C0001D000D000C000B000A0009000800070006000500040003
000000000000000000000000000000000000000000000000000000000000000000EE000D000C000B000A000900080007000600050004000300020001000000E0
01010101010101010101010101010101010101010101010101010101010101010001010101010101010101010101010101010101010101010101010101010100
01010101010101010101010101010101010101010101010101010101010101010100000000000000000000000000000101010101010101010101010101010101
000A0009000800070006000500040003000200010000001103B003A000FC000D000C000B000A000900080007000600050004000300020001000000EE03B002C2
0006000500040003000200010000001F03B003A2002D000D000C000B000A0009000800070006000500040003000200010000001F03B003A1001F000D000C000B
00020001000000F003B003B100FE000D000C000B000A000900080007000600050004000300020001000000F003B003B0002D000D000C000B000A000900080007
03B003C0010C000D000C000B000A000900080007000600050004000300020001000000FE03B003B200FE000D000C000B000A0009000800070006000500040003
000000000000000000000000000000000000000000000000000000000000000000FF000D000C000B000A000900080007000600050004000300020001000000F1
02010101010101010101010101010102020101010101010101010101010101020101010101010101010101010101010101010101010101010101010101010101
02010101010101010101010101010102020101010101010101010101010101020201010101010101010101010101010202010101010101010101010101010102
000A000900080007000600050004000300020001000000FF03B003C2010D000D000C000B000A000900080007000600050004000300020001000000FF03B003C1
0006000500040003000200010000000003B004A10000000D000C000B000A0009000800070006000500040003000200010000000003B004A0010D000D000C000B
000200010000000003B004B00000000D000C000B000A0009000800070006000500040003000200010000000003B004A20000000D000C000B000A000900080007
03B004B20000000D000C000B000A0009000800070006000500040003000200010000000003B004B10000000D000C000B000A0009000800070006000500040003
00000000000000000000000000000000000000000000000000000000000000000000000D000C000B000A00090008000700060005000400030002000100000000
01010101010101010101010101010101020101010101010101010101010101020201010101010101010101010101010202010101010101010101010101010102
01010101010101010101010101010101010101010101010101010101010101010101010101010101010101010101010101010101010101010101010101010101
000A0009000800070006000500040003000200010000000003B004C10000000D000C000B000A0009000800070006000500040003000200010000000003B004C0
0006000500040003000200010000000003C002B00000000D000C000B000A0009000800070006000500040003000200010000000003B004C20000000D000C000B
000200010000000E03C002B2000E000D000C000B000A0009000800070006000500040003000200010000000003C002B1000E000D000C000B000A000900080007
03C002C1000F000D000C000B000A0009000800070006000500040003000200010000000103C002C0001C000D000C000B000A0009000800070006000500040003
0000000000000000000000000000000000000000000000000000000000000000001D000D000C000B000A0009000800070006000500040003000200010000000F
01010101010101010101010101010100010101010101010101010101010101010101010101010101010101010101010101010101010101010101010101010101
01010101010101010101010101010101010101010101010101010101010101010101010101010101010101010101010100010101010101010101010101010101
000A000900080007000600050004000300020001000000E003C002D0001D000D000C000B000A0009000800070006000500040003000200010000000F03C002C2
000600050004000300020001000000EE03C002D200EE000D000C000B000A000900080007000600050004000300020001000000E003C002D100EE000D000C000B
000200010000001F03C003B1001F000D000C000B000A0009000800070006000500040003000200010000001103C003B000FC000D000C000B000A000900080007
03C003C0002D000D000C000B000A0009000800070006000500040003000200010000001F03C003B2002D000D000C000B000A0009000800070006000500040003
000000000000000000000000000000000000000000000000000000000000000000FE000D000C000B000A000900080007000600050004000300020001000000F0
01010101010101010101010101010101010101010101010101010101010101010101010101010101010101010101010101000000000000000000000000000001
02010101010101010101010101010102020101010101010101010101010101020201010101010101010101010101010201010101010101010101010101010101
000A000900080007000600050004000300020001000000FE03C003C200FE000D000C000B000A000900080007000600050004000300020001000000F003C003C1
000600050004000300020001000000FF03C003D100FF000D000C000B000A000900080007000600050004000300020001000000F103C003D0010C000D000C000B
000200010000000003C004B0010D000D000C000B000A000900080007000600050004000300020001000000FF03C003D2010D000D000C000B000A000900080007
03C004B20000000D000C000B000A0009000800070006000500040003000200010000000003C004B10000000D000C000B000A0009000800070006000500040003
00000000000000000000000000000000000000000000000000000000000000000000000D000C000B000A00090008000700060005000400030002000100000000
02010101010101010101010101010102020101010101010101010101010101020201010101010101010101010101010202010101010101010101010101010102
01010101010101010101010101010101010101010101010101010101010101010201010101010101010101010101010202010101010101010101010101010102
000A0009000800070006000500040003000200010000000003C004C10000000D000C000B000A0009000800070006000500040003000200010000000003C004C0
0006000500040003000200010000000003C004D00000000D000C000B000A0009000800070006000500040003000200010000000003C004C20000000D000C000B
000200010000000003C004D20000000D000C000B000A0009000800070006000500040003000200010000000003C004D10000000D000C000B000A000900080007
03D002C1000E000D000C000B000A0009000800070006000500040003000200010000000003D002C00000000D000C000B000A0009000800070006000500040003
0000000000000000000000000000000000000000000000000000000000000000000E000D000C000B000A00090008000700060005000400030002000100000000
01010101010101010101010101010101010101010101010101010101010101010101010101010101010101010101010101010101010101010101010101010101
00010101010101010101010101010101010101010101010101010101010101000101010101010101010101010101010101010101010101010101010101010101
000A0009000800070006000500040003000200010000000103D002D0001C000D000C000B000A0009000800070006000500040003000200010000000E03D002C2
0006000500040003000200010000000F03D002D2001D000D000C000B000A0009000800070006000500040003000200010000000F03D002D1000F000D000C000B
00020001000000E003D002E100EE000D000C000B000A000900080007000600050004000300020001000000E003D002E0001D000D000C000B000A000900080007
03D003C000FC000D000C000B000A000900080007000600050004000300020001000000EE03D002E200EE000D000C000B000A0009000800070006000500040003
0000000000000000000000000000000000000000000000000000000000000000001F000D000C000B000A00090008000700060005000400030002000100000011
01000000000000000000000000000001010101010101010101010101010101010101010101010101010101010101010101010101010101010101010101010101
01010101010101010101010101010101010101010101010101010101010101010101010101010101010101010101010101010101010101010101010101010101
000A0009000800070006000500040003000200010000001F03D003C2002D000D000C000B000A0009000800070006000500040003000200010000001F03D003C1
000600050004000300020001000000F003D003D100FE000D000C000B000A000900080007000600050004000300020001000000F003D003D0002D000D000C000B
00020001000000F103D003E0010C000D000C000B000A000900080007000600050004000300020001000000FE03D003D200FE000D000C000B000A000900080007
03D003E2010D000D000C000B000A000900080007000600050004000300020001000000FF03D003E100FF000D000C000B000A0009000800070006000500040003
0000000000000000000000000000000000000000000000000000000000000000010D000D000C000B000A000900080007000600050004000300020001000000FF
02010101010101010101010101010102020101010101010101010101010101020201010101010101010101010101010202010101010101010101010101010102
02010101010101010101010101010102020101010101010101010101010101020201010101010101010101010101010202010101010101010101010101010102
000A0009000800070006000500040003000200010000000003D004C10000000D000C000B000A0009000800070006000500040003000200010000000003D004C0
0006000500040003000200010000000003D004D00000000D000C000B000A0009000800070006000500040003000200010000000003D004C20000000D000C000B
000200010000000003D004D20000000D000C000B000A0009000800070006000500040003000200010000000003D004D10000000D000C000B000A000900080007
03D004E10000000D000C000B000A0009000800070006000500040003000200010000000003D004E00000000D000C000B000A0009000800070006000500040003
00000000000000000000000000000000000000000000000000000000000000000000000D000C000B000A00090008000700060005000400030002000100000000
01010101010101010101010101010101010101010101010101010101010101010101010101010101010101010101010102010101010101010101010101010102
01010101010101010101010101010101010101010101010101010101010101010101010101010101010101010101010101010101010101010101010101010101
000A0009000800070006000500040003000200010000000003E002D00000000D000C000B000A0009000800070006000500040003000200010000000003D004E2
0006000500040003000200010000000E03E002D2000E000D000C000B000A0009000800070006000500040003000200010000000003E002D1000E000D000C000B
000200010000000F03E002E1000F000D000C000B000A0009000800070006000500040003000200010000000103E002E0001C000D000C000B000A000900080007
03E002F0001D000D000C000B000A0009000800070006000500040003000200010000000F03E002E2001D000D000C000B000A0009000800070006000500040003
000000000000000000000000000000000000000000000000000000000000000000EE000D000C000B000A000900080007000600050004000300020001000000E0
01010101010101010101010101010101000101010101010101010101010101010101010101010101010101010101010001010101010101010101010101010101
01010101010101010101010101010101010000000000000000000000000000010101010101010101010101010101010101010101010101010101010101010101
000A000900080007000600050004000300020001000000EE03E002F200EE000D000C000B000A000900080007000600050004000300020001000000E003E002F1
0006000500040003000200010000001F03E003D1001F000D000C000B000A0009000800070006000500040003000200010000001103E003D000FC000D000C000B
00020001000000F003E003E0002D000D000C000B000A0009000800070006000500040003000200010000001F03E003D2002D000D000C000B000A000900080007
03E003E200FE000D000C000B000A000900080007000600050004000300020001000000F003E003E100FE000D000C000B000A0009000800070006000500040003
0000000000000000000000000000000000000000000000000000000000000000010C000D000C000B000A000900080007000600050004000300020001000000FE
02010101010101010101010101010102010101010101010101010101010101010101010101010101010101010101010101010101010101010101010101010101
02010101010101010101010101010102020101010101010101010101010101020201010101010101010101010101010202010101010101010101010101010102
000A000900080007000600050004000300020001000000FF03E003F100FF000D000C000B000A000900080007000600050004000300020001000000F103E003F0
0006000500040003000200010000000003E004D0010D000D000C000B000A000900080007000600050004000300020001000000FF03E003F2010D000D000C000B
000200010000000003E004D20000000D000C000B000A0009000800070006000500040003000200010000000003E004D10000000D000C000B000A000900080007
03E004E10000000D000C000B000A0009000800070006000500040003000200010000000003E004E00000000D000C000B000A0009000800070006000500040003
00000000000000000000000000000000000000000000000000000000000000000000000D000C000B000A00090008000700060005000400030002000100000000
02010101010101010101010101010102020101010101010101010101010101020201010101010101010101010101010202010101010101010101010101010102
01010101010101010101010101010101010101010101010101010101010101010101010101010101010101010101010101010101010101010101010101010101
000A0009000800070006000500040003000200010000000003E004F00000000D000C000B000A0009000800070006000500040003000200010000000003E004E2
0006000500040003000200010000000003E004F20000000D000C000B000A0009000800070006000500040003000200010000000003E004F10000000D000C000B
000200010000000003F002E1000E000D000C000B000A0009000800070006000500040003000200010000000003F002E00000000D000C000B000A000900080007
03F002F0001C000D000C000B000A0009000800070006000500040003000200010000000E03F002E2000E000D000C000B000A0009000800070006000500040003
0000000000000000000000000000000000000000000000000000000000000000000F000D000C000B000A00090008000700060005000400030002000100000001
00010101010101010101010101010101010101010101010101010101010101000101010101010101010101010101010101010101010101010101010101010101
01010101010101010101010101010101010000000000000000000000000000010101010101010101010101010101010101010101010101010101010101010101
000A000900080007000600050004000300020001000000EF03F002F200FD000D000C000B000A000900080007000600050004000300020001000000EF03F002F1
0006000500040003000200010000001003F003E1001E000D000C000B000A0009000800070006000500040003000200010000001003F003E000FD000D000C000B
00020001000000F103F003F0010C000D000C000B000A000900080007000600050004000300020001000000FE03F003E2001E000D000C000B000A000900080007
03F003F2010D000D000C000B000A000900080007000600050004000300020001000000FF03F003F100FF000D000C000B000A0009000800070006000500040003
0000000000000000000000000000000000000000000000000000000000000000010D000D000C000B000A000900080007000600050004000300020001000000FF
02010101010101010101010101010102020101010101010101010101010101020201010101010101010101010101010202010101010101010101010101010102
01010101010101010101010101010101010101010101010101010101010101010201010101010101010101010101010202010101010101010101010101010102
000A0009000800070006000500040003000200010000000003F004E10000000D000C000B000A0009000800070006000500040003000200010000000003F004E0
0006000500040003000200010000000003F004F00000000D000C000B000A0009000800070006000500040003000200010000000003F004E20000000D000C000B
000200010000000003F004F20000000D000C000B000A0009000800070006000500040003000200010000000003F004F10000000D000C000B000A000900080007
04000301000E000D000C000B000A00090008000700060005000400030002000100000000040003000000000D000C000B000A0009000800070006000500040003
0000000000000000000000000000000000000000000000000000000000000000000E000D000C000B000A00090008000700060005000400030002000100000000
00010101010101010101010101010101010101010101010101010101010101000101010101010101010101010101010101010101010101010101010101010101
01010101010101010101010101010101010101010101010101010101010101010100000000000000000000000000000101010101010101010101010101010101
000A0009000800070006000500040003000200010000000104000310001C000D000C000B000A0009000800070006000500040003000200010000000E04000302
000600050004000300020001000000EF0400031200FD000D000C000B000A000900080007000600050004000300020001000000EF04000311000F000D000C000B
000200010000001004000401001E000D000C000B000A000900080007000600050004000300020001000000100400040000FD000D000C000B000A000900080007
04000410010C000D000C000B000A000900080007000600050004000300020001000000FE04000402001E000D000C000B000A0009000800070006000500040003
000000000000000000000000000000000000000000000000000000000000000000FF000D000C000B000A000900080007000600050004000300020001000000F1
02010101010101010101010101010102020101010101010101010101010101020101010101010101010101010101010101010101010101010101010101010101
02010101010101010101010101010102020101010101010101010101010101020201010101010101010101010101010202010101010101010101010101010102
000A000900080007000600050004000300020001000000FF04000412010D000D000C000B000A000900080007000600050004000300020001000000FF04000411
00060005000400030002000100000000040005010000000D000C000B000A0009000800070006000500040003000200010000000004000500010D000D000C000B
0002000100000000040005100000000D000C000B000A00090008000700060005000400030002000100000000040005020000000D000C000B000A000900080007
040005120000000D000C000B000A00090008000700060005000400030002000100000000040005110000000D000C000B000A0009000800070006000500040003
00000000000000000000000000000000000000000000000000000000000000000000000D000C000B000A00090008000700060005000400030002000100000000
01010101010101010101010101010101010101010101010101010101010101010101010101010101010101010101010101010101010101010101010101010101
01010101010101010101010101010101010101010101010101010101010101010101010101010101010101010101010101010101010101010101010101010101
000A0009000800070006000500040003000200010000000004100301000E000D000C000B000A0009000800070006000500040003000200010000000004100300
0006000500040003000200010000000104100310001C000D000C000B000A0009000800070006000500040003000200010000000E04100302000E000D000C000B
000200010000000F04100312001D000D000C000B000A0009000800070006000500040003000200010000000F04100311000F000D000C000B000A000900080007
0410032100EE000D000C000B000A000900080007000600050004000300020001000000E004100320001D000D000C000B000A0009000800070006000500040003
000000000000000000000000000000000000000000000000000000000000000000EE000D000C000B000A000900080007000600050004000300020001000000E0
01010101010101010101010101010101010101010101010101010101010101010001010101010101010101010101010101010101010101010101010101010100
01010101010101010101010101010101010101010101010101010101010101010100000000000000000000000000000101010101010101010101010101010101
000A000900080007000600050004000300020001000000110410040000FC000D000C000B000A000900080007000600050004000300020001000000EE04100322
0006000500040003000200010000001F04100402002D000D000C000B000A0009000800070006000500040003000200010000001F04100401001F000D000C000B
00020001000000F00410041100FE000D000C000B000A000900080007000600050004000300020001000000F004100410002D000D000C000B000A000900080007
04100420010C000D000C000B000A000900080007000600050004000300020001000000FE0410041200FE000D000C000B000A0009000800070006000500040003
000000000000000000000000000000000000000000000000000000000000000000FF000D000C000B000A000900080007000600050004000300020001000000F1
02010101010101010101010101010102020101010101010101010101010101020101010101010101010101010101010101010101010101010101010101010101
02010101010101010101010101010102020101010101010101010101010101020201010101010101010101010101010202010101010101010101010101010102
000A000900080007000600050004000300020001000000FF04100422010D000D000C000B000A000900080007000600050004000300020001000000FF04100421
00060005000400030002000100000000041005010000000D000C000B000A0009000800070006000500040003000200010000000004100500010D000D000C000B
0002000100000000041005100000000D000C000B000A00090008000700060005000400030002000100000000041005020000000D000C000B000A000900080007
041005120000000D000C000B000A00090008000700060005000400030002000100000000041005110000000D000C000B000A0009000800070006000500040003
00000000000000000000000000000000000000000000000000000000000000000000000D000C000B000A00090008000700060005000400030002000100000000
01010101010101010101010101010101020101010101010101010101010101020201010101010101010101010101010202010101010101010101010101010102
01010101010101010101010101010101010101010101010101010101010101010101010101010101010101010101010101010101010101010101010101010101
000A00090008000700060005000400030002000100000000041005210000000D000C000B000A0009000800070006000500040003000200010000000004100520
00060005000400030002000100000000042003100000000D000C000B000A00090008000700060005000400030002000100000000041005220000000D000C000B
000200010000000E04200312000E000D000C000B000A0009000800070006000500040003000200010000000004200311000E000D000C000B000A000900080007
04200321000F000D000C000B000A0009000800070006000500040003000200010000000104200320001C000D000C000B000A0009000800070006000500040003
0000000000000000000000000000000000000000000000000000000000000000001D000D000C000B000A0009000800070006000500040003000200010000000F
01010101010101010101010101010100010101010101010101010101010101010101010101010101010101010101010101010101010101010101010101010101
01010101010101010101010101010101010101010101010101010101010101010101010101010101010101010101010100010101010101010101010101010101
000A000900080007000600050004000300020001000000E004200330001D000D000C000B000A0009000800070006000500040003000200010000000F04200322
000600050004000300020001000000EE0420033200EE000D000C000B000A000900080007000600050004000300020001000000E00420033100EE000D000C000B
000200010000001F04200411001F000D000C000B000A000900080007000600050004000300020001000000110420041000FC000D000C000B000A000900080007
04200420002D000D000C000B000A0009000800070006000500040003000200010000001F04200412002D000D000C000B000A0009000800070006000500040003
000000000000000000000000000000000000000000000000000000000000000000FE000D000C000B000A000900080007000600050004000300020001000000F0
01010101010101010101010101010101010101010101010101010101010101010101010101010101010101010101010101000000000000000000000000000001
02010101010101010101010101010102020101010101010101010101010101020201010101010101010101010101010201010101010101010101010101010101
000A000900080007000600050004000300020001000000FE0420042200FE000D000C000B000A000900080007000600050004000300020001000000F004200421
000600050004000300020001000000FF0420043100FF000D000C000B000A000900080007000600050004000300020001000000F104200430010C000D000C000B
000200010000000004200510010D000D000C000B000A000900080007000600050004000300020001000000FF04200432010D000D000C000B000A000900080007
042005120000000D000C000B000A00090008000700060005000400030002000100000000042005110000000D000C000B000A0009000800070006000500040003
00000000000000000000000000000000000000000000000000000000000000000000000D000C000B000A00090008000700060005000400030002000100000000
02010101010101010101010101010102020101010101010101010101010101020201010101010101010101010101010202010101010101010101010101010102
01010101010101010101010101010101010101010101010101010101010101010201010101010101010101010101010202010101010101010101010101010102
000A00090008000700060005000400030002000100000000042005210000000D000C000B000A0009000800070006000500040003000200010000000004200520
00060005000400030002000100000000042005300000000D000C000B000A00090008000700060005000400030002000100000000042005220000000D000C000B
0002000100000000042005320000000D000C000B000A00090008000700060005000400030002000100000000042005310000000D000C000B000A000900080007
04300321000E000D000C000B000A00090008000700060005000400030002000100000000043003200000000D000C000B000A0009000800070006000500040003
0000000000000000000000000000000000000000000000000000000000000000000E000D000C000B000A00090008000700060005000400030002000100000000
01010101010101010101010101010101010101010101010101010101010101010101010101010101010101010101010101010101010101010101010101010101
00010101010101010101010101010101010101010101010101010101010101000101010101010101010101010101010101010101010101010101010101010101
000A0009000800070006000500040003000200010000000104300330001C000D000C000B000A0009000800070006000500040003000200010000000E04300322
0006000500040003000200010000000F04300332001D000D000C000B000A0009000800070006000500040003000200010000000F04300331000F000D000C000B
00020001000000E00430034100EE000D000C000B000A000900080007000600050004000300020001000000E004300340001D000D000C000B000A000900080007
0430042000FC000D000C000B000A000900080007000600050004000300020001000000EE0430034200EE000D000C000B000A0009000800070006000500040003
0000000000000000000000000000000000000000000000000000000000000000001F000D000C000B000A00090008000700060005000400030002000100000011
01000000000000000000000000000001010101010101010101010101010101010101010101010101010101010101010101010101010101010101010101010101
01010101010101010101010101010101010101010101010101010101010101010101010101010101010101010101010101010101010101010101010101010101
000A0009000800070006000500040003000200010000001F04300422002D000D000C000B000A0009000800070006000500040003000200010000001F04300421
000600050004000300020001000000F00430043100FE000D000C000B000A000900080007000600050004000300020001000000F004300430002D000D000C000B
00020001000000F104300440010C000D000C000B000A000900080007000600050004000300020001000000FE0430043200FE000D000C000B000A000900080007
04300442010D000D000C000B000A000900080007000600050004000300020001000000FF0430044100FF000D000C000B000A0009000800070006000500040003
0000000000000000000000000000000000000000000000000000000000000000010D000D000C000B000A000900080007000600050004000300020001000000FF
02010101010101010101010101010102020101010101010101010101010101020201010101010101010101010101010202010101010101010101010101010102
02010101010101010101010101010102020101010101010101010101010101020201010101010101010101010101010202010101010101010101010101010102
000A00090008000700060005000400030002000100000000043005210000000D000C000B000A0009000800070006000500040003000200010000000004300520
00060005000400030002000100000000043005300000000D000C000B000A00090008000700060005000400030002000100000000043005220000000D000C000B
0002000100000000043005320000000D000C000B000A00090008000700060005000400030002000100000000043005310000000D000C000B000A000900080007
043005410000000D000C000B000A00090008000700060005000400030002000100000000043005400000000D000C000B000A0009000800070006000500040003
00000000000000000000000000000000000000000000000000000000000000000000000D000C000B000A00090008000700060005000400030002000100000000
01010101010101010101010101010101010101010101010101010101010101010101010101010101010101010101010102010101010101010101010101010102
01010101010101010101010101010101010101010101010101010101010101010101010101010101010101010101010101010101010101010101010101010101
000A00090008000700060005000400030002000100000000044003300000000D000C000B000A0009000800070006000500040003000200010000000004300542
0006000500040003000200010000000E04400332000E000D000C000B000A0009000800070006000500040003000200010000000004400331000E000D000C000B
000200010000000F04400341000F000D000C000B000A0009000800070006000500040003000200010000000104400340001C000D000C000B000A000900080007
04400350001D000D000C000B000A0009000800070006000500040003000200010000000F04400342001D000D000C000B000A0009000800070006000500040003
000000000000000000000000000000000000000000000000000000000000000000EE000D000C000B000A000900080007000600050004000300020001000000E0
01010101010101010101010101010101000101010101010101010101010101010101010101010101010101010101010001010101010101010101010101010101
01010101010101010101010101010101010000000000000000000000000000010101010101010101010101010101010101010101010101010101010101010101
000A000900080007000600050004000300020001000000EE0440035200EE000D000C000B000A000900080007000600050004000300020001000000E004400351
0006000500040003000200010000001F04400431001F000D000C000B000A000900080007000600050004000300020001000000110440043000FC000D000C000B
00020001000000F004400440002D000D000C000B000A0009000800070006000500040003000200010000001F04400432002D000D000C000B000A000900080007
0440044200FE000D000C000B000A000900080007000600050004000300020001000000F00440044100FE000D000C000B000A0009000800070006000500040003
0000000000000000000000000000000000000000000000000000000000000000010C000D000C000B000A000900080007000600050004000300020001000000FE
02010101010101010101010101010102010101010101010101010101010101010101010101010101010101010101010101010101010101010101010101010101
02010101010101010101010101010102020101010101010101010101010101020201010101010101010101010101010202010101010101010101010101010102
000A000900080007000600050004000300020001000000FF0440045100FF000D000C000B000A000900080007000600050004000300020001000000F104400450
0006000500040003000200010000000004400530010D000D000C000B000A000900080007000600050004000300020001000000FF04400452010D000D000C000B
0002000100000000044005320000000D000C000B000A00090008000700060005000400030002000100000000044005310000000D000C000B000A000900080007
044005410000000D000C000B000A00090008000700060005000400030002000100000000044005400000000D000C000B000A0009000800070006000500040003
00000000000000000000000000000000000000000000000000000000000000000000000D000C000B000A00090008000700060005000400030002000100000000
02010101010101010101010101010102020101010101010101010101010101020201010101010101010101010101010202010101010101010101010101010102
01010101010101010101010101010101010101010101010101010101010101010101010101010101010101010101010101010101010101010101010101010101
000A00090008000700060005000400030002000100000000044005500000000D000C000B000A0009000800070006000500040003000200010000000004400542
00060005000400030002000100000000044005520000000D000C000B000A00090008000700060005000400030002000100000000044005510000000D000C000B
000200010000000004500341000E000D000C000B000A00090008000700060005000400030002000100000000045003400000000D000C000B000A000900080007
04500350001C000D000C000B000A0009000800070006000500040003000200010000000E04500342000E000D000C000B000A0009000800070006000500040003
0000000000000000000000000000000000000000000000000000000000000000000F000D000C000B000A00090008000700060005000400030002000100000001
01010101010101010101010101010101010101010101010101010101010101010101010101010101010101010101010101010101010101010101010101010101
01010101010101010101010101010101010101010101010101010101010101010001010101010101010101010101010101010101010101010101010101010100
000A0009000800070006000500040003000200010000000F04500352001D000D000C000B000A0009000800070006000500040003000200010000000F04500351
000600050004000300020001000000E00450036100EE000D000C000B000A000900080007000600050004000300020001000000E004500360001D000D000C000B
00020001000000110450044000FC000D000C000B000A000900080007000600050004000300020001000000EE0450036200EE000D000C000B000A000900080007
04500442002D000D000C000B000A0009000800070006000500040003000200010000001F04500441001F000D000C000B000A0009000800070006000500040003
0000000000000000000000000000000000000000000000000000000000000000002D000D000C000B000A0009000800070006000500040003000200010000001F
01010101010101010101010101010101010101010101010101010101010101010100000000000000000000000000000101010101010101010101010101010101
02010101010101010101010101010102020101010101010101010101010101020101010101010101010101010101010101010101010101010101010101010101
000A000900080007000600050004000300020001000000F00450045100FE000D000C000B000A000900080007000600050004000300020001000000F004500450
000600050004000300020001000000F104500460010C000D000C000B000A000900080007000600050004000300020001000000FE0450045200FE000D000C000B
00020001000000FF04500462010D000D000C000B000A000900080007000600050004000300020001000000FF0450046100FF000D000C000B000A000900080007
045005410000000D000C000B000A0009000800070006000500040003000200010000000004500540010D000D000C000B000A0009000800070006000500040003
00000000000000000000000000000000000000000000000000000000000000000000000D000C000B000A00090008000700060005000400030002000100000000
02010101010101010101010101010102020101010101010101010101010101020201010101010101010101010101010202010101010101010101010101010102
01010101010101010101010101010101020101010101010101010101010101020201010101010101010101010101010202010101010101010101010101010102
000A00090008000700060005000400030002000100000000045005500000000D000C000B000A0009000800070006000500040003000200010000000004500542
00060005000400030002000100000000045005520000000D000C000B000A00090008000700060005000400030002000100000000045005510000000D000C000B
0002000100000000045005610000000D000C000B000A00090008000700060005000400030002000100000000045005600000000D000C000B000A000900080007
046003500000000D000C000B000A00090008000700060005000400030002000100000000045005620000000D000C000B000A0009000800070006000500040003
0000000000000000000000000000000000000000000000000000000000000000000E000D000C000B000A00090008000700060005000400030002000100000000
01010101010101010101010101010101010101010101010101010101010101010101010101010101010101010101010101010101010101010101010101010101
01010101010101010101010101010100010101010101010101010101010101010101010101010101010101010101010101010101010101010101010101010101
000A0009000800070006000500040003000200010000000E04600352000E000D000C000B000A0009000800070006000500040003000200010000000004600351
0006000500040003000200010000000F04600361000F000D000C000B000A0009000800070006000500040003000200010000000104600360001C000D000C000B
00020001000000E004600370001D000D000C000B000A0009000800070006000500040003000200010000000F04600362001D000D000C000B000A000900080007
0460037200EE000D000C000B000A000900080007000600050004000300020001000000E00460037100EE000D000C000B000A0009000800070006000500040003
000000000000000000000000000000000000000000000000000000000000000000FC000D000C000B000A000900080007000600050004000300020001000000EE
01010101010101010101010101010101010101010101010101010101010101010101010101010101010101010101010100010101010101010101010101010101
01010101010101010101010101010101010101010101010101010101010101010101010101010101010101010101010101000000000000000000000000000001
000A0009000800070006000500040003000200010000001F04600451001F000D000C000B000A0009000800070006000500040003000200010000001104600450
000600050004000300020001000000F004600460002D000D000C000B000A0009000800070006000500040003000200010000001F04600452002D000D000C000B
00020001000000FE0460046200FE000D000C000B000A000900080007000600050004000300020001000000F00460046100FE000D000C000B000A000900080007
0460047100FF000D000C000B000A000900080007000600050004000300020001000000F104600470010C000D000C000B000A0009000800070006000500040003
0000000000000000000000000000000000000000000000000000000000000000010D000D000C000B000A000900080007000600050004000300020001000000FF
02010101010101010101010101010102020101010101010101010101010101020201010101010101010101010101010201010101010101010101010101010101
02010101010101010101010101010102020101010101010101010101010101020201010101010101010101010101010202010101010101010101010101010102
000A0009000800070006000500040003000200010000000004600550010D000D000C000B000A000900080007000600050004000300020001000000FF04600472
00060005000400030002000100000000046005520000000D000C000B000A00090008000700060005000400030002000100000000046005510000000D000C000B
0002000100000000046005610000000D000C000B000A00090008000700060005000400030002000100000000046005600000000D000C000B000A000900080007
046005700000000D000C000B000A00090008000700060005000400030002000100000000046005620000000D000C000B000A0009000800070006000500040003
00000000000000000000000000000000000000000000000000000000000000000000000D000C000B000A00090008000700060005000400030002000100000000
01010101010101010101010101010101010101010101010101010101010101010201010101010101010101010101010202010101010101010101010101010102
01010101010101010101010101010101010101010101010101010101010101010101010101010101010101010101010101010101010101010101010101010101
000A00090008000700060005000400030002000100000000046005720000000D000C000B000A0009000800070006000500040003000200010000000004600571
0006000500040003000200010000000004700361000E000D000C000B000A00090008000700060005000400030002000100000000047003600000000D000C000B
000200010000000104700370001C000D000C000B000A0009000800070006000500040003000200010000000E04700362000E000D000C000B000A000900080007
04700372001D000D000C000B000A0009000800070006000500040003000200010000000F04700371000F000D000C000B000A0009000800070006000500040003
0000000000000000000000000000000000000000000000000000000000000000001D000D000C000B000A0009000800070006000500040003000200010000000F
00010101010101010101010101010101010101010101010101010101010101000101010101010101010101010101010101010101010101010101010101010101
01000000000000000000000000000001010101010101010101010101010101010101010101010101010101010101010101010101010101010101010101010101
000A000900080007000600050004000300020001000000E00470038100EE000D000C000B000A000900080007000600050004000300020001000000E004700380
000600050004000300020001000000110470046000FC000D000C000B000A000900080007000600050004000300020001000000EE0470038200EE000D000C000B
000200010000001F04700462002D000D000C000B000A0009000800070006000500040003000200010000001F04700461001F000D000C000B000A000900080007
0470047100FE000D000C000B000A000900080007000600050004000300020001000000F004700470002D000D000C000B000A0009000800070006000500040003
000000000000000000000000000000000000000000000000000000000000000000FE000D000C000B000A000900080007000600050004000300020001000000F0
01010101010101010101010101010101010101010101010101010101010101010101010101010101010101010101010101010101010101010101010101010101
02010101010101010101010101010102020101010101010101010101010101020201010101010101010101010101010202010101010101010101010101010102
000A000900080007000600050004000300020001000000F104700480010C000D000C000B000A000900080007000600050004000300020001000000FE04700472
000600050004000300020001000000FF04700482010D000D000C000B000A000900080007000600050004000300020001000000FF0470048100FF000D000C000B
0002000100000000047005610000000D000C000B000A0009000800070006000500040003000200010000000004700560010D000D000C000B000A000900080007
047005700000000D000C000B000A00090008000700060005000400030002000100000000047005620000000D000C000B000A0009000800070006000500040003
00000000000000000000000000000000000000000000000000000000000000000000000D000C000B000A00090008000700060005000400030002000100000000
02010101010101010101010101010102020101010101010101010101010101020201010101010101010101010101010202010101010101010101010101010102
01010101010101010101010101010101010101010101010101010101010101010101010101010101010101010101010102010101010101010101010101010102
000A00090008000700060005000400030002000100000000047005720000000D000C000B000A0009000800070006000500040003000200010000000004700571
00060005000400030002000100000000047005810000000D000C000B000A00090008000700060005000400030002000100000000047005800000000D000C000B
0002000100000000048003700000000D000C000B000A00090008000700060005000400030002000100000000047005820000000D000C000B000A000900080007
04800372000E000D000C000B000A0009000800070006000500040003000200010000000004800371000E000D000C000B000A0009000800070006000500040003
0000000000000000000000000000000000000000000000000000000000000000001C000D000C000B000A0009000800070006000500040003000200010000000E
01010101010101010101010101010101010101010101010101010101010101010101010101010101010101010101010101010101010101010101010101010101
01010101010101010101010101010101000101010101010101010101010101010101010101010101010101010101010001010101010101010101010101010101
000A0009000800070006000500040003000200010000000F04800381000F000D000C000B000A0009000800070006000500040003000200010000000104800380
000600050004000300020001000000E004800390001D000D000C000B000A0009000800070006000500040003000200010000000F04800382001D000D000C000B
00020001000000EE0480039200EE000D000C000B000A000900080007000600050004000300020001000000E00480039100EE000D000C000B000A000900080007
04800471001F000D000C000B000A000900080007000600050004000300020001000000110480047000FC000D000C000B000A0009000800070006000500040003
0000000000000000000000000000000000000000000000000000000000000000002D000D000C000B000A0009000800070006000500040003000200010000001F
01010101010101010101010101010101010000000000000000000000000000010101010101010101010101010101010101010101010101010101010101010101
02010101010101010101010101010102010101010101010101010101010101010101010101010101010101010101010101010101010101010101010101010101
000A000900080007000600050004000300020001000000F004800480002D000D000C000B000A0009000800070006000500040003000200010000001F04800472
000600050004000300020001000000FE0480048200FE000D000C000B000A000900080007000600050004000300020001000000F00480048100FE000D000C000B
00020001000000FF0480049100FF000D000C000B000A000900080007000600050004000300020001000000F104800490010C000D000C000B000A000900080007
04800570010D000D000C000B000A000900080007000600050004000300020001000000FF04800492010D000D000C000B000A0009000800070006000500040003
00000000000000000000000000000000000000000000000000000000000000000000000D000C000B000A00090008000700060005000400030002000100000000
02010101010101010101010101010102020101010101010101010101010101020201010101010101010101010101010202010101010101010101010101010102
02010101010101010101010101010102020101010101010101010101010101020201010101010101010101010101010202010101010101010101010101010102
000A00090008000700060005000400030002000100000000048005720000000D000C000B000A0009000800070006000500040003000200010000000004800571
00060005000400030002000100000000048005810000000D000C000B000A00090008000700060005000400030002000100000000048005800000000D000C000B
0002000100000000048005900000000D000C000B000A00090008000700060005000400030002000100000000048005820000000D000C000B000A000900080007
048005920000000D000C000B000A00090008000700060005000400030002000100000000048005910000000D000C000B000A0009000800070006000500040003
00000000000000000000000000000000000000000000000000000000000000000000000D000C000B000A00090008000700060005000400030002000100000000
01010101010101010101010101010101010101010101010101010101010101010101010101010101010101010101010101010101010101010101010101010101
01010101010101010101010101010101010101010101010101010101010101010101010101010101010101010101010101010101010101010101010101010101
000A0009000800070006000500040003000200010000000004900381000E000D000C000B000A0009000800070006000500040003000200010000000004900380
0006000500040003000200010000000104900390001C000D000C000B000A0009000800070006000500040003000200010000000E04900382000E000D000C000B
000200010000000F04900392001D000D000C000B000A0009000800070006000500040003000200010000000F04900391000F000D000C000B000A000900080007
049003A100EE000D000C000B000A000900080007000600050004000300020001000000E0049003A0001D000D000C000B000A0009000800070006000500040003
000000000000000000000000000000000000000000000000000000000000000000EE000D000C000B000A000900080007000600050004000300020001000000E0
01010101010101010101010101010101010101010101010101010101010101010001010101010101010101010101010101010101010101010101010101010100
01010101010101010101010101010101010101010101010101010101010101010100000000000000000000000000000101010101010101010101010101010101
000A000900080007000600050004000300020001000000110490048000FC000D000C000B000A000900080007000600050004000300020001000000EE049003A2
0006000500040003000200010000001F04900482002D000D000C000B000A0009000800070006000500040003000200010000001F04900481001F000D000C000B
00020001000000F00490049100FE000D000C000B000A000900080007000600050004000300020001000000F004900490002D000D000C000B000A000900080007
049004A0010C000D000C000B000A000900080007000600050004000300020001000000FE0490049200FE000D000C000B000A0009000800070006000500040003
000000000000000000000000000000000000000000000000000000000000000000FF000D000C000B000A000900080007000600050004000300020001000000F1
02010101010101010101010101010102020101010101010101010101010101020101010101010101010101010101010101010101010101010101010101010101
02010101010101010101010101010102020101010101010101010101010101020201010101010101010101010101010202010101010101010101010101010102
000A000900080007000600050004000300020001000000FF049004A2010D000D000C000B000A000900080007000600050004000300020001000000FF049004A1
00060005000400030002000100000000049005810000000D000C000B000A0009000800070006000500040003000200010000000004900580010D000D000C000B
0002000100000000049005900000000D000C000B000A00090008000700060005000400030002000100000000049005820000000D000C000B000A000900080007
049005920000000D000C000B000A00090008000700060005000400030002000100000000049005910000000D000C000B000A0009000800070006000500040003
00000000000000000000000000000000000000000000000000000000000000000000000D000C000B000A00090008000700060005000400030002000100000000
01010101010101010101010101010101020101010101010101010101010101020201010101010101010101010101010202010101010101010101010101010102
01010101010101010101010101010101010101010101010101010101010101010101010101010101010101010101010101010101010101010101010101010101
000A00090008000700060005000400030002000100000000049005A10000000D000C000B000A00090008000700060005000400030002000100000000049005A0
0006000500040003000200010000000004A003900000000D000C000B000A00090008000700060005000400030002000100000000049005A20000000D000C000B
000200010000000E04A00392000E000D000C000B000A0009000800070006000500040003000200010000000004A00391000E000D000C000B000A000900080007
04A003A1000F000D000C000B000A0009000800070006000500040003000200010000000104A003A0001C000D000C000B000A0009000800070006000500040003
0000000000000000000000000000000000000000000000000000000000000000001D000D000C000B000A0009000800070006000500040003000200010000000F
01010101010101010101010101010100010101010101010101010101010101010101010101010101010101010101010101010101010101010101010101010101
01010101010101010101010101010101010101010101010101010101010101010101010101010101010101010101010100010101010101010101010101010101
000A000900080007000600050004000300020001000000E004A003B0001D000D000C000B000A0009000800070006000500040003000200010000000F04A003A2
000600050004000300020001000000EE04A003B200EE000D000C000B000A000900080007000600050004000300020001000000E004A003B100EE000D000C000B
000200010000001F04A00491001F000D000C000B000A0009000800070006000500040003000200010000001104A0049000FC000D000C000B000A000900080007
04A004A0002D000D000C000B000A0009000800070006000500040003000200010000001F04A00492002D000D000C000B000A0009000800070006000500040003
000000000000000000000000000000000000000000000000000000000000000000FE000D000C000B000A000900080007000600050004000300020001000000F0
01010101010101010101010101010101010101010101010101010101010101010101010101010101010101010101010101000000000000000000000000000001
02010101010101010101010101010102020101010101010101010101010101020201010101010101010101010101010201010101010101010101010101010101
000A000900080007000600050004000300020001000000FE04A004A200FE000D000C000B000A000900080007000600050004000300020001000000F004A004A1
000600050004000300020001000000FF04A004B100FF000D000C000B000A000900080007000600050004000300020001000000F104A004B0010C000D000C000B
000200010000000004A00590010D000D000C000B000A000900080007000600050004000300020001000000FF04A004B2010D000D000C000B000A000900080007
04A005920000000D000C000B000A0009000800070006000500040003000200010000000004A005910000000D000C000B000A0009000800070006000500040003
00000000000000000000000000000000000000000000000000000000000000000000000D000C000B000A00090008000700060005000400030002000100000000
02010101010101010101010101010102020101010101010101010101010101020201010101010101010101010101010202010101010101010101010101010102
01010101010101010101010101010101010101010101010101010101010101010201010101010101010101010101010202010101010101010101010101010102
000A0009000800070006000500040003000200010000000004A005A10000000D000C000B000A0009000800070006000500040003000200010000000004A005A0
0006000500040003000200010000000004A005B00000000D000C000B000A0009000800070006000500040003000200010000000004A005A20000000D000C000B
000200010000000004A005B20000000D000C000B000A0009000800070006000500040003000200010000000004A005B10000000D000C000B000A000900080007
04B003A1000E000D000C000B000A0009000800070006000500040003000200010000000004B003A00000000D000C000B000A0009000800070006000500040003
0000000000000000000000000000000000000000000000000000000000000000000E000D000C000B000A00090008000700060005000400030002000100000000
01010101010101010101010101010101010101010101010101010101010101010101010101010101010101010101010101010101010101010101010101010101
00010101010101010101010101010101010101010101010101010101010101000101010101010101010101010101010101010101010101010101010101010101
000A0009000800070006000500040003000200010000000104B003B0001C000D000C000B000A0009000800070006000500040003000200010000000E04B003A2
0006000500040003000200010000000F04B003B2001D000D000C000B000A0009000800070006000500040003000200010000000F04B003B1000F000D000C000B
00020001000000E004B003C100EE000D000C000B000A000900080007000600050004000300020001000000E004B003C0001D000D000C000B000A000900080007
04B004A000FC000D000C000B000A000900080007000600050004000300020001000000EE04B003C200EE000D000C000B000A0009000800070006000500040003
0000000000000000000000000000000000000000000000000000000000000000001F000D000C000B000A00090008000700060005000400030002000100000011
01000000000000000000000000000001010101010101010101010101010101010101010101010101010101010101010101010101010101010101010101010101
01010101010101010101010101010101010101010101010101010101010101010101010101010101010101010101010101010101010101010101010101010101
000A0009000800070006000500040003000200010000001F04B004A2002D000D000C000B000A0009000800070006000500040003000200010000001F04B004A1
000600050004000300020001000000F004B004B100FE000D000C000B000A000900080007000600050004000300020001000000F004B004B0002D000D000C000B
00020001000000F104B004C0010C000D000C000B000A000900080007000600050004000300020001000000FE04B004B200FE000D000C000B000A000900080007
04B004C2010D000D000C000B000A000900080007000600050004000300020001000000FF04B004C100FF000D000C000B000A0009000800070006000500040003
0000000000000000000000000000000000000000000000000000000000000000010D000D000C000B000A000900080007000600050004000300020001000000FF
02010101010101010101010101010102020101010101010101010101010101020201010101010101010101010101010202010101010101010101010101010102
02010101010101010101010101010102020101010101010101010101010101020201010101010101010101010101010202010101010101010101010101010102
000A0009000800070006000500040003000200010000000004B005A10000000D000C000B000A0009000800070006000500040003000200010000000004B005A0
0006000500040003000200010000000004B005B00000000D000C000B000A0009000800070006000500040003000200010000000004B005A20000000D000C000B
000200010000000004B005B20000000D000C000B000A0009000800070006000500040003000200010000000004B005B10000000D000C000B000A000900080007
04B005C10000000D000C000B000A0009000800070006000500040003000200010000000004B005C00000000D000C000B000A0009000800070006000500040003
00000000000000000000000000000000000000000000000000000000000000000000000D000C000B000A00090008000700060005000400030002000100000000
01010101010101010101010101010101010101010101010101010101010101010101010101010101010101010101010102010101010101010101010101010102
01010101010101010101010101010101010101010101010101010101010101010101010101010101010101010101010101010101010101010101010101010101
000A0009000800070006000500040003000200010000000004C003B00000000D000C000B000A0009000800070006000500040003000200010000000004B005C2
0006000500040003000200010000000E04C003B2000E000D000C000B000A0009000800070006000500040003000200010000000004C003B1000E000D000C000B
000200010000000F04C003C1000F000D000C000B000A0009000800070006000500040003000200010000000104C003C0001C000D000C000B000A000900080007
04C003D0001D000D000C000B000A0009000800070006000500040003000200010000000F04C003C2001D000D000C000B000A0009000800070006000500040003
000000000000000000000000000000000000000000000000000000000000000000EE000D000C000B000A000900080007000600050004000300020001000000E0
01010101010101010101010101010101000101010101010101010101010101010101010101010101010101010101010001010101010101010101010101010101
01010101010101010101010101010101010000000000000000000000000000010101010101010101010101010101010101010101010101010101010101010101
000A000900080007000600050004000300020001000000EE04C003D200EE000D000C000B000A000900080007000600050004000300020001000000E004C003D1
0006000500040003000200010000001F04C004B1001F000D000C000B000A0009000800070006000500040003000200010000001104C004B000FC000D000C000B
00020001000000F004C004C0002D000D000C000B000A0009000800070006000500040003000200010000001F04C004B2002D000D000C000B000A000900080007
04C004C200FE000D000C000B000A000900080007000600050004000300020001000000F004C004C100FE000D000C000B000A0009000800070006000500040003
0000000000000000000000000000000000000000000000000000000000000000010C000D000C000B000A000900080007000600050004000300020001000000FE
02010101010101010101010101010102010101010101010101010101010101010101010101010101010101010101010101010101010101010101010101010101
02010101010101010101010101010102020101010101010101010101010101020201010101010101010101010101010202010101010101010101010101010102
000A000900080007000600050004000300020001000000FF04C004D100FF000D000C000B000A000900080007000600050004000300020001000000F104C004D0
0006000500040003000200010000000004C005B0010D000D000C000B000A000900080007000600050004000300020001000000FF04C004D2010D000D000C000B
000200010000000004C005B20000000D000C000B000A0009000800070006000500040003000200010000000004C005B10000000D000C000B000A000900080007
04C005C10000000D000C000B000A0009000800070006000500040003000200010000000004C005C00000000D000C000B000A0009000800070006000500040003
00000000000000000000000000000000000000000000000000000000000000000000000D000C000B000A00090008000700060005000400030002000100000000
02010101010101010101010101010102020101010101010101010101010101020201010101010101010101010101010202010101010101010101010101010102
01010101010101010101010101010101010101010101010101010101010101010101010101010101010101010101010101010101010101010101010101010101
000A0009000800070006000500040003000200010000000004C005D00000000D000C000B000A0009000800070006000500040003000200010000000004C005C2
0006000500040003000200010000000004C005D20000000D000C000B000A0009000800070006000500040003000200010000000004C005D10000000D000C000B
000200010000000004D003C1000E000D000C000B000A0009000800070006000500040003000200010000000004D003C00000000D000C000B000A000900080007
04D003D0001C000D000C000B000A0009000800070006000500040003000200010000000E04D003C2000E000D000C000B000A0009000800070006000500040003
0000000000000000000000000000000000000000000000000000000000000000000F000D000C000B000A00090008000700060005000400030002000100000001
01010101010101010101010101010101010101010101010101010101010101010101010101010101010101010101010101010101010101010101010101010101
01010101010101010101010101010101010101010101010101010101010101010001010101010101010101010101010101010101010101010101010101010100
000A0009000800070006000500040003000200010000000F04D003D2001D000D000C000B000A0009000800070006000500040003000200010000000F04D003D1
000600050004000300020001000000E004D003E100EE000D000C000B000A000900080007000600050004000300020001000000E004D003E0001D000D000C000B
000200010000001104D004C000FC000D000C000B000A000900080007000600050004000300020001000000EE04D003E200EE000D000C000B000A000900080007
04D004C2002D000D000C000B000A0009000800070006000500040003000200010000001F04D004C1001F000D000C000B000A0009000800070006000500040003
0000000000000000000000000000000000000000000000000000000000000000002D000D000C000B000A0009000800070006000500040003000200010000001F
01010101010101010101010101010101010101010101010101010101010101010100000000000000000000000000000101010101010101010101010101010101
02010101010101010101010101010102020101010101010101010101010101020101010101010101010101010101010101010101010101010101010101010101
000A000900080007000600050004000300020001000000F004D004D100FE000D000C000B000A000900080007000600050004000300020001000000F004D004D0
000600050004000300020001000000F104D004E0010C000D000C000B000A000900080007000600050004000300020001000000FE04D004D200FE000D000C000B
00020001000000FF04D004E2010D000D000C000B000A000900080007000600050004000300020001000000FF04D004E100FF000D000C000B000A000900080007
04D005C10000000D000C000B000A0009000800070006000500040003000200010000000004D005C0010D000D000C000B000A0009000800070006000500040003
00000000000000000000000000000000000000000000000000000000000000000000000D000C000B000A00090008000700060005000400030002000100000000
02010101010101010101010101010102020101010101010101010101010101020201010101010101010101010101010202010101010101010101010101010102
01010101010101010101010101010101020101010101010101010101010101020201010101010101010101010101010202010101010101010101010101010102
000A0009000800070006000500040003000200010000000004D005D00000000D000C000B000A0009000800070006000500040003000200010000000004D005C2
0006000500040003000200010000000004D005D20000000D000C000B000A0009000800070006000500040003000200010000000004D005D10000000D000C000B
000200010000000004D005E10000000D000C000B000A0009000800070006000500040003000200010000000004D005E00000000D000C000B000A000900080007
04E003D00000000D000C000B000A0009000800070006000500040003000200010000000004D005E20000000D000C000B000A0009000800070006000500040003
0000000000000000000000000000000000000000000000000000000000000000000E000D000C000B000A00090008000700060005000400030002000100000000
01010101010101010101010101010101010101010101010101010101010101010101010101010101010101010101010101010101010101010101010101010101
01010101010101010101010101010100010101010101010101010101010101010101010101010101010101010101010101010101010101010101010101010101
000A0009000800070006000500040003000200010000000E04E003D2000E000D000C000B000A0009000800070006000500040003000200010000000004E003D1
0006000500040003000200010000000F04E003E1000F000D000C000B000A0009000800070006000500040003000200010000000104E003E0001C000D000C000B
00020001000000E004E003F0001D000D000C000B000A0009000800070006000500040003000200010000000F04E003E2001D000D000C000B000A000900080007
04E003F200EE000D000C000B000A000900080007000600050004000300020001000000E004E003F100EE000D000C000B000A0009000800070006000500040003
000000000000000000000000000000000000000000000000000000000000000000FC000D000C000B000A000900080007000600050004000300020001000000EE
01010101010101010101010101010101010101010101010101010101010101010101010101010101010101010101010100010101010101010101010101010101
01010101010101010101010101010101010101010101010101010101010101010101010101010101010101010101010101000000000000000000000000000001
000A0009000800070006000500040003000200010000001F04E004D1001F000D000C000B000A0009000800070006000500040003000200010000001104E004D0
000600050004000300020001000000F004E004E0002D000D000C000B000A0009000800070006000500040003000200010000001F04E004D2002D000D000C000B
00020001000000FE04E004E200FE000D000C000B000A000900080007000600050004000300020001000000F004E004E100FE000D000C000B000A000900080007
04E004F100FF000D000C000B000A000900080007000600050004000300020001000000F104E004F0010C000D000C000B000A0009000800070006000500040003
0000000000000000000000000000000000000000000000000000000000000000010D000D000C000B000A000900080007000600050004000300020001000000FF
02010101010101010101010101010102020101010101010101010101010101020201010101010101010101010101010201010101010101010101010101010101
02010101010101010101010101010102020101010101010101010101010101020201010101010101010101010101010202010101010101010101010101010102
000A0009000800070006000500040003000200010000000004E005D0010D000D000C000B000A000900080007000600050004000300020001000000FF04E004F2
0006000500040003000200010000000004E005D20000000D000C000B000A0009000800070006000500040003000200010000000004E005D10000000D000C000B
000200010000000004E005E10000000D000C000B000A0009000800070006000500040003000200010000000004E005E00000000D000C000B000A000900080007
04E005F00000000D000C000B000A0009000800070006000500040003000200010000000004E005E20000000D000C000B000A0009000800070006000500040003
00000000000000000000000000000000000000000000000000000000000000000000000D000C000B000A00090008000700060005000400030002000100000000
01010101010101010101010101010101010101010101010101010101010101010201010101010101010101010101010202010101010101010101010101010102
01010101010101010101010101010101010101010101010101010101010101010101010101010101010101010101010101010101010101010101010101010101
000A0009000800070006000500040003000200010000000004E005F20000000D000C000B000A0009000800070006000500040003000200010000000004E005F1
0006000500040003000200010000000004F003E1000E000D000C000B000A0009000800070006000500040003000200010000000004F003E00000000D000C000B
000200010000000104F003F0001C000D000C000B000A0009000800070006000500040003000200010000000E04F003E2000E000D000C000B000A000900080007
04F003F200FD000D000C000B000A000900080007000600050004000300020001000000EF04F003F1000F000D000C000B000A0009000800070006000500040003
000000000000000000000000000000000000000000000000000000000000000000FD000D000C000B000A000900080007000600050004000300020001000000EF
01010101010101010101010101010101010101010101010101010101010101010001010101010101010101010101010101010101010101010101010101010100
02010101010101010101010101010102020101010101010101010101010101020101010101010101010101010101010101000000000000000000000000000001
000A0009000800070006000500040003000200010000001004F004E1001E000D000C000B000A0009000800070006000500040003000200010000001004F004E0
000600050004000300020001000000F104F004F0010C000D000C000B000A000900080007000600050004000300020001000000FE04F004E2001E000D000C000B
00020001000000FF04F004F2010D000D000C000B000A000900080007000600050004000300020001000000FF04F004F100FF000D000C000B000A000900080007
04F005E10000000D000C000B000A0009000800070006000500040003000200010000000004F005E0010D000D000C000B000A0009000800070006000500040003
00000000000000000000000000000000000000000000000000000000000000000000000D000C000B000A00090008000700060005000400030002000100000000
02010101010101010101010101010102020101010101010101010101010101020201010101010101010101010101010202010101010101010101010101010102
01010101010101010101010101010101010101010101010101010101010101010101010101010101010101010101010101010101010101010101010101010101
000A0009000800070006000500040003000200010000000004F005F00000000D000C000B000A0009000800070006000500040003000200010000000004F005E2
0006000500040003000200010000000004F005F20000000D000C000B000A0009000800070006000500040003000200010000000004F005F10000000D000C000B
000200010000000005000401000E000D000C000B000A00090008000700060005000400030002000100000000050004000000000D000C000B000A000900080007
05000410001C000D000C000B000A0009000800070006000500040003000200010000000E05000402000E000D000C000B000A0009000800070006000500040003
0000000000000000000000000000000000000000000000000000000000000000000F000D000C000B000A00090008000700060005000400030002000100000001
01000000000000000000000000000001010101010101010101010101010101010001010101010101010101010101010101010101010101010101010101010100
01010101010101010101010101010101010101010101010101010101010101010101010101010101010101010101010101010101010101010101010101010101
000A000900080007000600050004000300020001000000EF0500041200FD000D000C000B000A000900080007000600050004000300020001000000EF05000411
0006000500040003000200010000001005000501001E000D000C000B000A000900080007000600050004000300020001000000100500050000FD000D000C000B
00020001000000F105000510010C000D000C000B000A000900080007000600050004000300020001000000FE05000502001E000D000C000B000A000900080007
05000512010D000D000C000B000A000900080007000600050004000300020001000000FF0500051100FF000D000C000B000A0009000800070006000500040003
0000000000000000000000000000000000000000000000000000000000000000010D000D000C000B000A000900080007000600050004000300020001000000FF
02010101010101010101010101010102020101010101010101010101010101020201010101010101010101010101010202010101010101010101010101010102
01010101010101010101010101010101010101010101010101010101010101010201010101010101010101010101010202010101010101010101010101010102
000A00090008000700060005000400030002000100000000050006010000000D000C000B000A0009000800070006000500040003000200010000000005000600
00060005000400030002000100000000050006100000000D000C000B000A00090008000700060005000400030002000100000000050006020000000D000C000B
0002000100000000050006120000000D000C000B000A00090008000700060005000400030002000100000000050006110000000D000C000B000A000900080007
05100401000E000D000C000B000A00090008000700060005000400030002000100000000051004000000000D000C000B000A0009000800070006000500040003
0000000000000000000000000000000000000000000000000000000000000000000E000D000C000B000A00090008000700060005000400030002000100000000
01010101010101010101010101010101010101010101010101010101010101010101010101010101010101010101010101010101010101010101010101010101
00010101010101010101010101010101010101010101010101010101010101000101010101010101010101010101010101010101010101010101010101010101
000A0009000800070006000500040003000200010000000105100410001C000D000C000B000A0009000800070006000500040003000200010000000E05100402
0006000500040003000200010000000F05100412001D000D000C000B000A0009000800070006000500040003000200010000000F05100411000F000D000C000B
00020001000000E00510042100EE000D000C000B000A000900080007000600050004000300020001000000E005100420001D000D000C000B000A000900080007
0510050000FC000D000C000B000A000900080007000600050004000300020001000000EE0510042200EE000D000C000B000A0009000800070006000500040003
0000000000000000000000000000000000000000000000000000000000000000001F000D000C000B000A00090008000700060005000400030002000100000011
01000000000000000000000000000001010101010101010101010101010101010101010101010101010101010101010101010101010101010101010101010101
01010101010101010101010101010101010101010101010101010101010101010101010101010101010101010101010101010101010101010101010101010101
000A0009000800070006000500040003000200010000001F05100502002D000D000C000B000A0009000800070006000500040003000200010000001F05100501
000600050004000300020001000000F00510051100FE000D000C000B000A000900080007000600050004000300020001000000F005100510002D000D000C000B
00020001000000F105100520010C000D000C000B000A000900080007000600050004000300020001000000FE0510051200FE000D000C000B000A000900080007
05100522010D000D000C000B000A000900080007000600050004000300020001000000FF0510052100FF000D000C000B000A0009000800070006000500040003
0000000000000000000000000000000000000000000000000000000000000000010D000D000C000B000A000900080007000600050004000300020001000000FF
02010101010101010101010101010102020101010101010101010101010101020201010101010101010101010101010202010101010101010101010101010102
02010101010101010101010101010102020101010101010101010101010101020201010101010101010101010101010202010101010101010101010101010102
000A00090008000700060005000400030002000100000000051006010000000D000C000B000A0009000800070006000500040003000200010000000005100600
00060005000400030002000100000000051006100000000D000C000B000A00090008000700060005000400030002000100000000051006020000000D000C000B
0002000100000000051006120000000D000C000B000A00090008000700060005000400030002000100000000051006110000000D000C000B000A000900080007
051006210000000D000C000B000A00090008000700060005000400030002000100000000051006200000000D000C000B000A0009000800070006000500040003
00000000000000000000000000000000000000000000000000000000000000000000000D000C000B000A00090008000700060005000400030002000100000000
01010101010101010101010101010101010101010101010101010101010101010101010101010101010101010101010102010101010101010101010101010102
01010101010101010101010101010101010101010101010101010101010101010101010101010101010101010101010101010101010101010101010101010101
000A00090008000700060005000400030002000100000000052004100000000D000C000B000A0009000800070006000500040003000200010000000005100622
0006000500040003000200010000000E05200412000E000D000C000B000A0009000800070006000500040003000200010000000005200411000E000D000C000B
000200010000000F05200421000F000D000C000B000A0009000800070006000500040003000200010000000105200420001C000D000C000B000A000900080007
05200430001D000D000C000B000A0009000800070006000500040003000200010000000F05200422001D000D000C000B000A0009000800070006000500040003
000000000000000000000000000000000000000000000000000000000000000000EE000D000C000B000A000900080007000600050004000300020001000000E0
01010101010101010101010101010101000101010101010101010101010101010101010101010101010101010101010001010101010101010101010101010101
01010101010101010101010101010101010000000000000000000000000000010101010101010101010101010101010101010101010101010101010101010101
000A000900080007000600050004000300020001000000EE0520043200EE000D000C000B000A000900080007000600050004000300020001000000E005200431
0006000500040003000200010000001F05200511001F000D000C000B000A000900080007000600050004000300020001000000110520051000FC000D000C000B
00020001000000F005200520002D000D000C000B000A0009000800070006000500040003000200010000001F05200512002D000D000C000B000A000900080007
0520052200FE000D000C000B000A000900080007000600050004000300020001000000F00520052100FE000D000C000B000A0009000800070006000500040003
0000000000000000000000000000000000000000000000000000000000000000010C000D000C000B000A000900080007000600050004000300020001000000FE
02010101010101010101010101010102010101010101010101010101010101010101010101010101010101010101010101010101010101010101010101010101
02010101010101010101010101010102020101010101010101010101010101020201010101010101010101010101010202010101010101010101010101010102
000A000900080007000600050004000300020001000000FF0520053100FF000D000C000B000A000900080007000600050004000300020001000000F105200530
0006000500040003000200010000000005200610010D000D000C000B000A000900080007000600050004000300020001000000FF05200532010D000D000C000B
0002000100000000052006120000000D000C000B000A00090008000700060005000400030002000100000000052006110000000D000C000B000A000900080007
052006210000000D000C000B000A00090008000700060005000400030002000100000000052006200000000D000C000B000A0009000800070006000500040003
00000000000000000000000000000000000000000000000000000000000000000000000D000C000B000A00090008000700060005000400030002000100000000
02010101010101010101010101010102020101010101010101010101010101020201010101010101010101010101010202010101010101010101010101010102
01010101010101010101010101010101010101010101010101010101010101010101010101010101010101010101010101010101010101010101010101010101
000A00090008000700060005000400030002000100000000052006300000000D000C000B000A0009000800070006000500040003000200010000000005200622
00060005000400030002000100000000052006320000000D000C000B000A00090008000700060005000400030002000100000000052006310000000D000C000B
000200010000000005300421000E000D000C000B000A00090008000700060005000400030002000100000000053004200000000D000C000B000A000900080007
05300430001C000D000C000B000A0009000800070006000500040003000200010000000E05300422000E000D000C000B000A0009000800070006000500040003
0000000000000000000000000000000000000000000000000000000000000000000F000D000C000B000A00090008000700060005000400030002000100000001
01010101010101010101010101010101010101010101010101010101010101010101010101010101010101010101010101010101010101010101010101010101
01010101010101010101010101010101010101010101010101010101010101010001010101010101010101010101010101010101010101010101010101010100
000A0009000800070006000500040003000200010000000F05300432001D000D000C000B000A0009000800070006000500040003000200010000000F05300431
000600050004000300020001000000E00530044100EE000D000C000B000A000900080007000600050004000300020001000000E005300440001D000D000C000B
00020001000000110530052000FC000D000C000B000A000900080007000600050004000300020001000000EE0530044200EE000D000C000B000A000900080007
05300522002D000D000C000B000A0009000800070006000500040003000200010000001F05300521001F000D000C000B000A0009000800070006000500040003
0000000000000000000000000000000000000000000000000000000000000000002D000D000C000B000A0009000800070006000500040003000200010000001F
01010101010101010101010101010101010101010101010101010101010101010100000000000000000000000000000101010101010101010101010101010101
02010101010101010101010101010102020101010101010101010101010101020101010101010101010101010101010101010101010101010101010101010101
000A000900080007000600050004000300020001000000F00530053100FE000D000C000B000A000900080007000600050004000300020001000000F005300530
000600050004000300020001000000F105300540010C000D000C000B000A000900080007000600050004000300020001000000FE0530053200FE000D000C000B
00020001000000FF05300542010D000D000C000B000A000900080007000600050004000300020001000000FF0530054100FF000D000C000B000A000900080007
053006210000000D000C000B000A0009000800070006000500040003000200010000000005300620010D000D000C000B000A0009000800070006000500040003
00000000000000000000000000000000000000000000000000000000000000000000000D000C000B000A00090008000700060005000400030002000100000000
02010101010101010101010101010102020101010101010101010101010101020201010101010101010101010101010202010101010101010101010101010102
01010101010101010101010101010101020101010101010101010101010101020201010101010101010101010101010202010101010101010101010101010102
000A00090008000700060005000400030002000100000000053006300000000D000C000B000A0009000800070006000500040003000200010000000005300622
00060005000400030002000100000000053006320000000D000C000B000A00090008000700060005000400030002000100000000053006310000000D000C000B
0002000100000000053006410000000D000C000B000A00090008000700060005000400030002000100000000053006400000000D000C000B000A000900080007
054004300000000D000C000B000A00090008000700060005000400030002000100000000053006420000000D000C000B000A0009000800070006000500040003
0000000000000000000000000000000000000000000000000000000000000000000E000D000C000B000A00090008000700060005000400030002000100000000
01010101010101010101010101010101010101010101010101010101010101010101010101010101010101010101010101010101010101010101010101010101
01010101010101010101010101010100010101010101010101010101010101010101010101010101010101010101010101010101010101010101010101010101
000A0009000800070006000500040003000200010000000E05400432000E000D000C000B000A0009000800070006000500040003000200010000000005400431
0006000500040003000200010000000F05400441000F000D000C000B000A0009000800070006000500040003000200010000000105400440001C000D000C000B
00020001000000E005400450001D000D000C000B000A0009000800070006000500040003000200010000000F05400442001D000D000C000B000A000900080007
0540045200EE000D000C000B000A000900080007000600050004000300020001000000E00540045100EE000D000C000B000A0009000800070006000500040003
000000000000000000000000000000000000000000000000000000000000000000FC000D000C000B000A000900080007000600050004000300020001000000EE
01010101010101010101010101010101010101010101010101010101010101010101010101010101010101010101010100010101010101010101010101010101
01010101010101010101010101010101010101010101010101010101010101010101010101010101010101010101010101000000000000000000000000000001
000A0009000800070006000500040003000200010000001F05400531001F000D000C000B000A0009000800070006000500040003000200010000001105400530
000600050004000300020001000000F005400540002D000D000C000B000A0009000800070006000500040003000200010000001F05400532002D000D000C000B
00020001000000FE0540054200FE000D000C000B000A000900080007000600050004000300020001000000F00540054100FE000D000C000B000A000900080007
0540055100FF000D000C000B000A000900080007000600050004000300020001000000F105400550010C000D000C000B000A0009000800070006000500040003
0000000000000000000000000000000000000000000000000000000000000000010D000D000C000B000A000900080007000600050004000300020001000000FF
02010101010101010101010101010102020101010101010101010101010101020201010101010101010101010101010201010101010101010101010101010101
02010101010101010101010101010102020101010101010101010101010101020201010101010101010101010101010202010101010101010101010101010102
000A0009000800070006000500040003000200010000000005400630010D000D000C000B000A000900080007000600050004000300020001000000FF05400552
00060005000400030002000100000000054006320000000D000C000B000A00090008000700060005000400030002000100000000054006310000000D000C000B
0002000100000000054006410000000D000C000B000A00090008000700060005000400030002000100000000054006400000000D000C000B000A000900080007
054006500000000D000C000B000A00090008000700060005000400030002000100000000054006420000000D000C000B000A0009000800070006000500040003
00000000000000000000000000000000000000000000000000000000000000000000000D000C000B000A00090008000700060005000400030002000100000000
01010101010101010101010101010101010101010101010101010101010101010201010101010101010101010101010202010101010101010101010101010102
01010101010101010101010101010101010101010101010101010101010101010101010101010101010101010101010101010101010101010101010101010101
000A00090008000700060005000400030002000100000000054006520000000D000C000B000A0009000800070006000500040003000200010000000005400651
0006000500040003000200010000000005500441000E000D000C000B000A00090008000700060005000400030002000100000000055004400000000D000C000B
000200010000000105500450001C000D000C000B000A0009000800070006000500040003000200010000000E05500442000E000D000C000B000A000900080007
05500452001D000D000C000B000A0009000800070006000500040003000200010000000F05500451000F000D000C000B000A0009000800070006000500040003
0000000000000000000000000000000000000000000000000000000000000000001D000D000C000B000A0009000800070006000500040003000200010000000F
00010101010101010101010101010101010101010101010101010101010101000101010101010101010101010101010101010101010101010101010101010101
01000000000000000000000000000001010101010101010101010101010101010101010101010101010101010101010101010101010101010101010101010101
000A000900080007000600050004000300020001000000E00550046100EE000D000C000B000A000900080007000600050004000300020001000000E005500460
000600050004000300020001000000110550054000FC000D000C000B000A000900080007000600050004000300020001000000EE0550046200EE000D000C000B
000200010000001F05500542002D000D000C000B000A0009000800070006000500040003000200010000001F05500541001F000D000C000B000A000900080007
0550055100FE000D000C000B000A000900080007000600050004000300020001000000F005500550002D000D000C000B000A0009000800070006000500040003
000000000000000000000000000000000000000000000000000000000000000000FE000D000C000B000A000900080007000600050004000300020001000000F0
01010101010101010101010101010101010101010101010101010101010101010101010101010101010101010101010101010101010101010101010101010101
02010101010101010101010101010102020101010101010101010101010101020201010101010101010101010101010202010101010101010101010101010102
000A000900080007000600050004000300020001000000F105500560010C000D000C000B000A000900080007000600050004000300020001000000FE05500552
000600050004000300020001000000FF05500562010D000D000C000B000A000900080007000600050004000300020001000000FF0550056100FF000D000C000B
0002000100000000055006410000000D000C000B000A0009000800070006000500040003000200010000000005500640010D000D000C000B000A000900080007
055006500000000D000C000B000A00090008000700060005000400030002000100000000055006420000000D000C000B000A0009000800070006000500040003
00000000000000000000000000000000000000000000000000000000000000000000000D000C000B000A00090008000700060005000400030002000100000000
02010101010101010101010101010102020101010101010101010101010101020201010101010101010101010101010202010101010101010101010101010102
01010101010101010101010101010101010101010101010101010101010101010101010101010101010101010101010102010101010101010101010101010102
000A00090008000700060005000400030002000100000000055006520000000D000C000B000A0009000800070006000500040003000200010000000005500651
00060005000400030002000100000000055006610000000D000C000B000A00090008000700060005000400030002000100000000055006600000000D000C000B
0002000100000000056004500000000D000C000B000A00090008000700060005000400030002000100000000055006620000000D000C000B000A000900080007
05600452000E000D000C000B000A0009000800070006000500040003000200010000000005600451000E000D000C000B000A0009000800070006000500040003
0000000000000000000000000000000000000000000000000000000000000000001C000D000C000B000A0009000800070006000500040003000200010000000E
01010101010101010101010101010101010101010101010101010101010101010101010101010101010101010101010101010101010101010101010101010101
01010101010101010101010101010101000101010101010101010101010101010101010101010101010101010101010001010101010101010101010101010101
000A0009000800070006000500040003000200010000000F05600461000F000D000C000B000A0009000800070006000500040003000200010000000105600460
000600050004000300020001000000E005600470001D000D000C000B000A0009000800070006000500040003000200010000000F05600462001D000D000C000B
00020001000000EE0560047200EE000D000C000B000A000900080007000600050004000300020001000000E00560047100EE000D000C000B000A000900080007
05600551001F000D000C000B000A000900080007000600050004000300020001000000110560055000FC000D000C000B000A0009000800070006000500040003
0000000000000000000000000000000000000000000000000000000000000000002D000D000C000B000A0009000800070006000500040003000200010000001F
01010101010101010101010101010101010000000000000000000000000000010101010101010101010101010101010101010101010101010101010101010101
02010101010101010101010101010102010101010101010101010101010101010101010101010101010101010101010101010101010101010101010101010101
000A000900080007000600050004000300020001000000F005600560002D000D000C000B000A0009000800070006000500040003000200010000001F05600552
000600050004000300020001000000FE0560056200FE000D000C000B000A000900080007000600050004000300020001000000F00560056100FE000D000C000B
00020001000000FF0560057100FF000D000C000B000A000900080007000600050004000300020001000000F105600570010C000D000C000B000A000900080007
05600650010D000D000C000B000A000900080007000600050004000300020001000000FF05600572010D000D000C000B000A0009000800070006000500040003
00000000000000000000000000000000000000000000000000000000000000000000000D000C000B000A00090008000700060005000400030002000100000000
02010101010101010101010101010102020101010101010101010101010101020201010101010101010101010101010202010101010101010101010101010102
02010101010101010101010101010102020101010101010101010101010101020201010101010101010101010101010202010101010101010101010101010102
000A00090008000700060005000400030002000100000000056006520000000D000C000B000A0009000800070006000500040003000200010000000005600651
00060005000400030002000100000000056006610000000D000C000B000A00090008000700060005000400030002000100000000056006600000000D000C000B
0002000100000000056006700000000D000C000B000A00090008000700060005000400030002000100000000056006620000000D000C000B000A000900080007
056006720000000D000C000B000A00090008000700060005000400030002000100000000056006710000000D000C000B000A0009000800070006000500040003
00000000000000000000000000000000000000000000000000000000000000000000000D000C000B000A00090008000700060005000400030002000100000000
01010101010101010101010101010101010101010101010101010101010101010101010101010101010101010101010101010101010101010101010101010101
01010101010101010101010101010101010101010101010101010101010101010101010101010101010101010101010101010101010101010101010101010101
000A0009000800070006000500040003000200010000000005700461000E000D000C000B000A0009000800070006000500040003000200010000000005700460
0006000500040003000200010000000105700470001C000D000C000B000A0009000800070006000500040003000200010000000E05700462000E000D000C000B
000200010000000F05700472001D000D000C000B000A0009000800070006000500040003000200010000000F05700471000F000D000C000B000A000900080007
0570048100EE000D000C000B000A000900080007000600050004000300020001000000E005700480001D000D000C000B000A0009000800070006000500040003
000000000000000000000000000000000000000000000000000000000000000000EE000D000C000B000A000900080007000600050004000300020001000000E0
01010101010101010101010101010101010101010101010101010101010101010001010101010101010101010101010101010101010101010101010101010100
01010101010101010101010101010101010101010101010101010101010101010100000000000000000000000000000101010101010101010101010101010101
000A000900080007000600050004000300020001000000110570056000FC000D000C000B000A000900080007000600050004000300020001000000EE05700482
0006000500040003000200010000001F05700562002D000D000C000B000A0009000800070006000500040003000200010000001F05700561001F000D000C000B
00020001000000F00570057100FE000D000C000B000A000900080007000600050004000300020001000000F005700570002D000D000C000B000A000900080007
05700580010C000D000C000B000A000900080007000600050004000300020001000000FE0570057200FE000D000C000B000A0009000800070006000500040003
000000000000000000000000000000000000000000000000000000000000000000FF000D000C000B000A000900080007000600050004000300020001000000F1
02010101010101010101010101010102020101010101010101010101010101020101010101010101010101010101010101010101010101010101010101010101
02010101010101010101010101010102020101010101010101010101010101020201010101010101010101010101010202010101010101010101010101010102
000A000900080007000600050004000300020001000000FF05700582010D000D000C000B000A000900080007000600050004000300020001000000FF05700581
00060005000400030002000100000000057006610000000D000C000B000A0009000800070006000500040003000200010000000005700660010D000D000C000B
0002000100000000057006700000000D000C000B000A00090008000700060005000400030002000100000000057006620000000D000C000B000A000900080007
057006720000000D000C000B000A00090008000700060005000400030002000100000000057006710000000D000C000B000A0009000800070006000500040003
00000000000000000000000000000000000000000000000000000000000000000000000D000C000B000A00090008000700060005000400030002000100000000
01010101010101010101010101010101020101010101010101010101010101020201010101010101010101010101010202010101010101010101010101010102
01010101010101010101010101010101010101010101010101010101010101010101010101010101010101010101010101010101010101010101010101010101
000A00090008000700060005000400030002000100000000057006810000000D000C000B000A0009000800070006000500040003000200010000000005700680
00060005000400030002000100000000058004700000000D000C000B000A00090008000700060005000400030002000100000000057006820000000D000C000B
000200010000000E05800472000E000D000C000B000A0009000800070006000500040003000200010000000005800471000E000D000C000B000A000900080007
05800481000F000D000C000B000A0009000800070006000500040003000200010000000105800480001C000D000C000B000A0009000800070006000500040003
0000000000000000000000000000000000000000000000000000000000000000001D000D000C000B000A0009000800070006000500040003000200010000000F
01010101010101010101010101010100010101010101010101010101010101010101010101010101010101010101010101010101010101010101010101010101
01010101010101010101010101010101010101010101010101010101010101010101010101010101010101010101010100010101010101010101010101010101
000A000900080007000600050004000300020001000000E005800490001D000D000C000B000A0009000800070006000500040003000200010000000F05800482
000600050004000300020001000000EE0580049200EE000D000C000B000A000900080007000600050004000300020001000000E00580049100EE000D000C000B
000200010000001F05800571001F000D000C000B000A000900080007000600050004000300020001000000110580057000FC000D000C000B000A000900080007
05800580002D000D000C000B000A0009000800070006000500040003000200010000001F05800572002D000D000C000B000A0009000800070006000500040003
000000000000000000000000000000000000000000000000000000000000000000FE000D000C000B000A000900080007000600050004000300020001000000F0
01010101010101010101010101010101010101010101010101010101010101010101010101010101010101010101010101000000000000000000000000000001
02010101010101010101010101010102020101010101010101010101010101020201010101010101010101010101010201010101010101010101010101010101
000A000900080007000600050004000300020001000000FE0580058200FE000D000C000B000A000900080007000600050004000300020001000000F005800581
000600050004000300020001000000FF0580059100FF000D000C000B000A000900080007000600050004000300020001000000F105800590010C000D000C000B
000200010000000005800670010D000D000C000B000A000900080007000600050004000300020001000000FF05800592010D000D000C000B000A000900080007
058006720000000D000C000B000A00090008000700060005000400030002000100000000058006710000000D000C000B000A0009000800070006000500040003
00000000000000000000000000000000000000000000000000000000000000000000000D000C000B000A00090008000700060005000400030002000100000000
02010101010101010101010101010102020101010101010101010101010101020201010101010101010101010101010202010101010101010101010101010102
01010101010101010101010101010101010101010101010101010101010101010201010101010101010101010101010202010101010101010101010101010102
000A00090008000700060005000400030002000100000000058006810000000D000C000B000A0009000800070006000500040003000200010000000005800680
00060005000400030002000100000000058006900000000D000C000B000A00090008000700060005000400030002000100000000058006820000000D000C000B
0002000100000000058006920000000D000C000B000A00090008000700060005000400030002000100000000058006910000000D000C000B000A000900080007
05900481000E000D000C000B000A00090008000700060005000400030002000100000000059004800000000D000C000B000A0009000800070006000500040003
0000000000000000000000000000000000000000000000000000000000000000000E000D000C000B000A00090008000700060005000400030002000100000000
01010101010101010101010101010101010101010101010101010101010101010101010101010101010101010101010101010101010101010101010101010101
00010101010101010101010101010101010101010101010101010101010101000101010101010101010101010101010101010101010101010101010101010101
000A0009000800070006000500040003000200010000000105900490001C000D000C000B000A0009000800070006000500040003000200010000000E05900482
0006000500040003000200010000000F05900492001D000D000C000B000A0009000800070006000500040003000200010000000F05900491000F000D000C000B
00020001000000E0059004A100EE000D000C000B000A000900080007000600050004000300020001000000E0059004A0001D000D000C000B000A000900080007
0590058000FC000D000C000B000A000900080007000600050004000300020001000000EE059004A200EE000D000C000B000A0009000800070006000500040003
0000000000000000000000000000000000000000000000000000000000000000001F000D000C000B000A00090008000700060005000400030002000100000011
01000000000000000000000000000001010101010101010101010101010101010101010101010101010101010101010101010101010101010101010101010101
01010101010101010101010101010101010101010101010101010101010101010101010101010101010101010101010101010101010101010101010101010101
000A0009000800070006000500040003000200010000001F05900582002D000D000C000B000A0009000800070006000500040003000200010000001F05900581
000600050004000300020001000000F00590059100FE000D000C000B000A000900080007000600050004000300020001000000F005900590002D000D000C000B
00020001000000F1059005A0010C000D000C000B000A000900080007000600050004000300020001000000FE0590059200FE000D000C000B000A000900080007
059005A2010D000D000C000B000A000900080007000600050004000300020001000000FF059005A100FF000D000C000B000A0009000800070006000500040003
0000000000000000000000000000000000000000000000000000000000000000010D000D000C000B000A000900080007000600050004000300020001000000FF
02010101010101010101010101010102020101010101010101010101010101020201010101010101010101010101010202010101010101010101010101010102
02010101010101010101010101010102020101010101010101010101010101020201010101010101010101010101010202010101010101010101010101010102
000A00090008000700060005000400030002000100000000059006810000000D000C000B000A0009000800070006000500040003000200010000000005900680
00060005000400030002000100000000059006900000000D000C000B000A00090008000700060005000400030002000100000000059006820000000D000C000B
0002000100000000059006920000000D000C000B000A00090008000700060005000400030002000100000000059006910000000D000C000B000A000900080007
059006A10000000D000C000B000A00090008000700060005000400030002000100000000059006A00000000D000C000B000A0009000800070006000500040003
00000000000000000000000000000000000000000000000000000000000000000000000D000C000B000A00090008000700060005000400030002000100000000
01010101010101010101010101010101010101010101010101010101010101010101010101010101010101010101010102010101010101010101010101010102
01010101010101010101010101010101010101010101010101010101010101010101010101010101010101010101010101010101010101010101010101010101
000A0009000800070006000500040003000200010000000005A004900000000D000C000B000A00090008000700060005000400030002000100000000059006A2
0006000500040003000200010000000E05A00492000E000D000C000B000A0009000800070006000500040003000200010000000005A00491000E000D000C000B
000200010000000F05A004A1000F000D000C000B000A0009000800070006000500040003000200010000000105A004A0001C000D000C000B000A000900080007
05A004B0001D000D000C000B000A0009000800070006000500040003000200010000000F05A004A2001D000D000C000B000A0009000800070006000500040003
000000000000000000000000000000000000000000000000000000000000000000EE000D000C000B000A000900080007000600050004000300020001000000E0
01010101010101010101010101010101000101010101010101010101010101010101010101010101010101010101010001010101010101010101010101010101
01010101010101010101010101010101010000000000000000000000000000010101010101010101010101010101010101010101010101010101010101010101
000A000900080007000600050004000300020001000000EE05A004B200EE000D000C000B000A000900080007000600050004000300020001000000E005A004B1
0006000500040003000200010000001F05A00591001F000D000C000B000A0009000800070006000500040003000200010000001105A0059000FC000D000C000B
00020001000000F005A005A0002D000D000C000B000A0009000800070006000500040003000200010000001F05A00592002D000D000C000B000A000900080007
05A005A200FE000D000C000B000A000900080007000600050004000300020001000000F005A005A100FE000D000C000B000A0009000800070006000500040003
0000000000000000000000000000000000000000000000000000000000000000010C000D000C000B000A000900080007000600050004000300020001000000FE
02010101010101010101010101010102010101010101010101010101010101010101010101010101010101010101010101010101010101010101010101010101
02010101010101010101010101010102020101010101010101010101010101020201010101010101010101010101010202010101010101010101010101010102
000A000900080007000600050004000300020001000000FF05A005B100FF000D000C000B000A000900080007000600050004000300020001000000F105A005B0
0006000500040003000200010000000005A00690010D000D000C000B000A000900080007000600050004000300020001000000FF05A005B2010D000D000C000B
000200010000000005A006920000000D000C000B000A0009000800070006000500040003000200010000000005A006910000000D000C000B000A000900080007
05A006A10000000D000C000B000A0009000800070006000500040003000200010000000005A006A00000000D000C000B000A0009000800070006000500040003
00000000000000000000000000000000000000000000000000000000000000000000000D000C000B000A00090008000700060005000400030002000100000000
02010101010101010101010101010102020101010101010101010101010101020201010101010101010101010101010202010101010101010101010101010102
01010101010101010101010101010101010101010101010101010101010101010101010101010101010101010101010101010101010101010101010101010101
000A0009000800070006000500040003000200010000000005A006B00000000D000C000B000A0009000800070006000500040003000200010000000005A006A2
0006000500040003000200010000000005A006B20000000D000C000B000A0009000800070006000500040003000200010000000005A006B10000000D000C000B
000200010000000005B004A1000E000D000C000B000A0009000800070006000500040003000200010000000005B004A00000000D000C000B000A000900080007
05B004B0001C000D000C000B000A0009000800070006000500040003000200010000000E05B004A2000E000D000C000B000A0009000800070006000500040003
0000000000000000000000000000000000000000000000000000000000000000000F000D000C000B000A00090008000700060005000400030002000100000001
01010101010101010101010101010101010101010101010101010101010101010101010101010101010101010101010101010101010101010101010101010101
01010101010101010101010101010101010101010101010101010101010101010001010101010101010101010101010101010101010101010101010101010100
000A0009000800070006000500040003000200010000000F05B004B2001D000D000C000B000A0009000800070006000500040003000200010000000F05B004B1
000600050004000300020001000000E005B004C100EE000D000C000B000A000900080007000600050004000300020001000000E005B004C0001D000D000C000B
000200010000001105B005A000FC000D000C000B000A000900080007000600050004000300020001000000EE05B004C200EE000D000C000B000A000900080007
05B005A2002D000D000C000B000A0009000800070006000500040003000200010000001F05B005A1001F000D000C000B000A0009000800070006000500040003
0000000000000000000000000000000000000000000000000000000000000000002D000D000C000B000A0009000800070006000500040003000200010000001F
01010101010101010101010101010101010101010101010101010101010101010100000000000000000000000000000101010101010101010101010101010101
02010101010101010101010101010102020101010101010101010101010101020101010101010101010101010101010101010101010101010101010101010101
000A000900080007000600050004000300020001000000F005B005B100FE000D000C000B000A000900080007000600050004000300020001000000F005B005B0
000600050004000300020001000000F105B005C0010C000D000C000B000A000900080007000600050004000300020001000000FE05B005B200FE000D000C000B
00020001000000FF05B005C2010D000D000C000B000A000900080007000600050004000300020001000000FF05B005C100FF000D000C000B000A000900080007
05B006A10000000D000C000B000A0009000800070006000500040003000200010000000005B006A0010D000D000C000B000A0009000800070006000500040003
00000000000000000000000000000000000000000000000000000000000000000000000D000C000B000A00090008000700060005000400030002000100000000
02010101010101010101010101010102020101010101010101010101010101020201010101010101010101010101010202010101010101010101010101010102
01010101010101010101010101010101020101010101010101010101010101020201010101010101010101010101010202010101010101010101010101010102
000A0009000800070006000500040003000200010000000005B006B00000000D000C000B000A0009000800070006000500040003000200010000000005B006A2
0006000500040003000200010000000005B006B20000000D000C000B000A0009000800070006000500040003000200010000000005B006B10000000D000C000B
000200010000000005B006C10000000D000C000B000A0009000800070006000500040003000200010000000005B006C00000000D000C000B000A000900080007
05C004B00000000D000C000B000A0009000800070006000500040003000200010000000005B006C20000000D000C000B000A0009000800070006000500040003
0000000000000000000000000000000000000000000000000000000000000000000E000D000C000B000A00090008000700060005000400030002000100000000
01010101010101010101010101010101010101010101010101010101010101010101010101010101010101010101010101010101010101010101010101010101
01010101010101010101010101010100010101010101010101010101010101010101010101010101010101010101010101010101010101010101010101010101
000A0009000800070006000500040003000200010000000E05C004B2000E000D000C000B000A0009000800070006000500040003000200010000000005C004B1
0006000500040003000200010000000F05C004C1000F000D000C000B000A0009000800070006000500040003000200010000000105C004C0001C000D000C000B
00020001000000E005C004D0001D000D000C000B000A0009000800070006000500040003000200010000000F05C004C2001D000D000C000B000A000900080007
05C004D200EE000D000C000B000A000900080007000600050004000300020001000000E005C004D100EE000D000C000B000A0009000800070006000500040003
000000000000000000000000000000000000000000000000000000000000000000FC000D000C000B000A000900080007000600050004000300020001000000EE
01010101010101010101010101010101010101010101010101010101010101010101010101010101010101010101010100010101010101010101010101010101
01010101010101010101010101010101010101010101010101010101010101010101010101010101010101010101010101000000000000000000000000000001
000A0009000800070006000500040003000200010000001F05C005B1001F000D000C000B000A0009000800070006000500040003000200010000001105C005B0
000600050004000300020001000000F005C005C0002D000D000C000B000A0009000800070006000500040003000200010000001F05C005B2002D000D000C000B
00020001000000FE05C005C200FE000D000C000B000A000900080007000600050004000300020001000000F005C005C100FE000D000C000B000A000900080007
05C005D100FF000D000C000B000A000900080007000600050004000300020001000000F105C005D0010C000D000C000B000A0009000800070006000500040003
0000000000000000000000000000000000000000000000000000000000000000010D000D000C000B000A000900080007000600050004000300020001000000FF
02010101010101010101010101010102020101010101010101010101010101020201010101010101010101010101010201010101010101010101010101010101
02010101010101010101010101010102020101010101010101010101010101020201010101010101010101010101010202010101010101010101010101010102
000A0009000800070006000500040003000200010000000005C006B0010D000D000C000B000A000900080007000600050004000300020001000000FF05C005D2
0006000500040003000200010000000005C006B20000000D000C000B000A0009000800070006000500040003000200010000000005C006B10000000D000C000B
000200010000000005C006C10000000D000C000B000A0009000800070006000500040003000200010000000005C006C00000000D000C000B000A000900080007
05C006D00000000D000C000B000A0009000800070006000500040003000200010000000005C006C20000000D000C000B000A0009000800070006000500040003
00000000000000000000000000000000000000000000000000000000000000000000000D000C000B000A00090008000700060005000400030002000100000000
01010101010101010101010101010101010101010101010101010101010101010201010101010101010101010101010202010101010101010101010101010102
01010101010101010101010101010101010101010101010101010101010101010101010101010101010101010101010101010101010101010101010101010101
000A0009000800070006000500040003000200010000000005C006D20000000D000C000B000A0009000800070006000500040003000200010000000005C006D1
0006000500040003000200010000000005D004C1000E000D000C000B000A0009000800070006000500040003000200010000000005D004C00000000D000C000B
000200010000000105D004D0001C000D000C000B000A0009000800070006000500040003000200010000000E05D004C2000E000D000C000B000A000900080007
05D004D2001D000D000C000B000A0009000800070006000500040003000200010000000F05D004D1000F000D000C000B000A0009000800070006000500040003
0000000000000000000000000000000000000000000000000000000000000000001D000D000C000B000A0009000800070006000500040003000200010000000F
00010101010101010101010101010101010101010101010101010101010101000101010101010101010101010101010101010101010101010101010101010101
01000000000000000000000000000001010101010101010101010101010101010101010101010101010101010101010101010101010101010101010101010101
000A000900080007000600050004000300020001000000E005D004E100EE000D000C000B000A000900080007000600050004000300020001000000E005D004E0
0006000500040003000200010000001105D005C000FC000D000C000B000A000900080007000600050004000300020001000000EE05D004E200EE000D000C000B
000200010000001F05D005C2002D000D000C000B000A0009000800070006000500040003000200010000001F05D005C1001F000D000C000B000A000900080007
05D005D100FE000D000C000B000A000900080007000600050004000300020001000000F005D005D0002D000D000C000B000A0009000800070006000500040003
000000000000000000000000000000000000000000000000000000000000000000FE000D000C000B000A000900080007000600050004000300020001000000F0
01010101010101010101010101010101010101010101010101010101010101010101010101010101010101010101010101010101010101010101010101010101
02010101010101010101010101010102020101010101010101010101010101020201010101010101010101010101010202010101010101010101010101010102
000A000900080007000600050004000300020001000000F105D005E0010C000D000C000B000A000900080007000600050004000300020001000000FE05D005D2
000600050004000300020001000000FF05D005E2010D000D000C000B000A000900080007000600050004000300020001000000FF05D005E100FF000D000C000B
000200010000000005D006C10000000D000C000B000A0009000800070006000500040003000200010000000005D006C0010D000D000C000B000A000900080007
05D006D00000000D000C000B000A0009000800070006000500040003000200010000000005D006C20000000D000C000B000A0009000800070006000500040003
00000000000000000000000000000000000000000000000000000000000000000000000D000C000B000A00090008000700060005000400030002000100000000
02010101010101010101010101010102020101010101010101010101010101020201010101010101010101010101010202010101010101010101010101010102
01010101010101010101010101010101010101010101010101010101010101010101010101010101010101010101010102010101010101010101010101010102
000A0009000800070006000500040003000200010000000005D006D20000000D000C000B000A0009000800070006000500040003000200010000000005D006D1
0006000500040003000200010000000005D006E10000000D000C000B000A0009000800070006000500040003000200010000000005D006E00000000D000C000B
000200010000000005E004D00000000D000C000B000A0009000800070006000500040003000200010000000005D006E20000000D000C000B000A000900080007
05E004D2000E000D000C000B000A0009000800070006000500040003000200010000000005E004D1000E000D000C000B000A0009000800070006000500040003
0000000000000000000000000000000000000000000000000000000000000000001C000D000C000B000A0009000800070006000500040003000200010000000E
01010101010101010101010101010101010101010101010101010101010101010101010101010101010101010101010101010101010101010101010101010101
01010101010101010101010101010101000101010101010101010101010101010101010101010101010101010101010001010101010101010101010101010101
000A0009000800070006000500040003000200010000000F05E004E1000F000D000C000B000A0009000800070006000500040003000200010000000105E004E0
000600050004000300020001000000E005E004F0001D000D000C000B000A0009000800070006000500040003000200010000000F05E004E2001D000D000C000B
00020001000000EE05E004F200EE000D000C000B000A000900080007000600050004000300020001000000E005E004F100EE000D000C000B000A000900080007
05E005D1001F000D000C000B000A0009000800070006000500040003000200010000001105E005D000FC000D000C000B000A0009000800070006000500040003
0000000000000000000000000000000000000000000000000000000000000000002D000D000C000B000A0009000800070006000500040003000200010000001F
01010101010101010101010101010101010000000000000000000000000000010101010101010101010101010101010101010101010101010101010101010101
02010101010101010101010101010102010101010101010101010101010101010101010101010101010101010101010101010101010101010101010101010101
000A000900080007000600050004000300020001000000F005E005E0002D000D000C000B000A0009000800070006000500040003000200010000001F05E005D2
000600050004000300020001000000FE05E005E200FE000D000C000B000A000900080007000600050004000300020001000000F005E005E100FE000D000C000B
00020001000000FF05E005F100FF000D000C000B000A000900080007000600050004000300020001000000F105E005F0010C000D000C000B000A000900080007
05E006D0010D000D000C000B000A000900080007000600050004000300020001000000FF05E005F2010D000D000C000B000A0009000800070006000500040003
00000000000000000000000000000000000000000000000000000000000000000000000D000C000B000A00090008000700060005000400030002000100000000
02010101010101010101010101010102020101010101010101010101010101020201010101010101010101010101010202010101010101010101010101010102
02010101010101010101010101010102020101010101010101010101010101020201010101010101010101010101010202010101010101010101010101010102
000A0009000800070006000500040003000200010000000005E006D20000000D000C000B000A0009000800070006000500040003000200010000000005E006D1
0006000500040003000200010000000005E006E10000000D000C000B000A0009000800070006000500040003000200010000000005E006E00000000D000C000B
000200010000000005E006F00000000D000C000B000A0009000800070006000500040003000200010000000005E006E20000000D000C000B000A000900080007
05E006F20000000D000C000B000A0009000800070006000500040003000200010000000005E006F10000000D000C000B000A0009000800070006000500040003
00000000000000000000000000000000000000000000000000000000000000000000000D000C000B000A00090008000700060005000400030002000100000000
01010101010101010101010101010101010101010101010101010101010101010101010101010101010101010101010101010101010101010101010101010101
00010101010101010101010101010101010101010101010101010101010101000101010101010101010101010101010101010101010101010101010101010101
000A0009000800070006000500040003000200010000000005F004E1000E000D000C000B000A0009000800070006000500040003000200010000000005F004E0
0006000500040003000200010000000105F004F0001C000D000C000B000A0009000800070006000500040003000200010000000E05F004E2000E000D000C000B
00020001000000EF05F004F200FD000D000C000B000A000900080007000600050004000300020001000000EF05F004F1000F000D000C000B000A000900080007
05F005E1001E000D000C000B000A0009000800070006000500040003000200010000001005F005E000FD000D000C000B000A0009000800070006000500040003
0000000000000000000000000000000000000000000000000000000000000000001E000D000C000B000A00090008000700060005000400030002000100000010
01010101010101010101010101010101010000000000000000000000000000010101010101010101010101010101010101010101010101010101010101010101
02010101010101010101010101010102020101010101010101010101010101020201010101010101010101010101010202010101010101010101010101010102
000A000900080007000600050004000300020001000000F105F005F0010C000D000C000B000A000900080007000600050004000300020001000000FE05F005E2
000600050004000300020001000000FF05F005F2010D000D000C000B000A000900080007000600050004000300020001000000FF05F005F100FF000D000C000B
000200010000000005F006E10000000D000C000B000A0009000800070006000500040003000200010000000005F006E0010D000D000C000B000A000900080007
05F006F00000000D000C000B000A0009000800070006000500040003000200010000000005F006E20000000D000C000B000A0009000800070006000500040003
00000000000000000000000000000000000000000000000000000000000000000000000D000C000B000A00090008000700060005000400030002000100000000
01010101010101010101010101010101010101010101010101010101010101010201010101010101010101010101010202010101010101010101010101010102
00010101010101010101010101010101010101010101010101010101010101000101010101010101010101010101010101010101010101010101010101010101
000A0009000800070006000500040003000200010000000005F006F20000000D000C000B000A0009000800070006000500040003000200010000000005F006F1
0006000500040003000200010000000006000501000E000D000C000B000A00090008000700060005000400030002000100000000060005000000000D000C000B
000200010000000106000510001C000D000C000B000A0009000800070006000500040003000200010000000E06000502000E000D000C000B000A000900080007
0600051200FD000D000C000B000A000900080007000600050004000300020001000000EF06000511000F000D000C000B000A0009000800070006000500040003
000000000000000000000000000000000000000000000000000000000000000000FD000D000C000B000A000900080007000600050004000300020001000000EF
01010101010101010101010101010101010101010101010101010101010101010100000000000000000000000000000101010101010101010101010101010101
02010101010101010101010101010102020101010101010101010101010101020101010101010101010101010101010101010101010101010101010101010101
000A0009000800070006000500040003000200010000001006000601001E000D000C000B000A0009000800070006000500040003000200010000001006000600
000600050004000300020001000000F106000610010C000D000C000B000A000900080007000600050004000300020001000000FE06000602001E000D000C000B
00020001000000FF06000612010D000D000C000B000A000900080007000600050004000300020001000000FF0600061100FF000D000C000B000A000900080007
060007010000000D000C000B000A0009000800070006000500040003000200010000000006000700010D000D000C000B000A0009000800070006000500040003
00000000000000000000000000000000000000000000000000000000000000000000000D000C000B000A00090008000700060005000400030002000100000000
02010101010101010101010101010102020101010101010101010101010101020201010101010101010101010101010202010101010101010101010101010102
01010101010101010101010101010101010101010101010101010101010101010101010101010101010101010101010101010101010101010101010101010101
000A00090008000700060005000400030002000100000000060007100000000D000C000B000A0009000800070006000500040003000200010000000006000702
00060005000400030002000100000000060007120000000D000C000B000A00090008000700060005000400030002000100000000060007110000000D000C000B
000200010000000006100501000E000D000C000B000A00090008000700060005000400030002000100000000061005000000000D000C000B000A000900080007
06100510001C000D000C000B000A0009000800070006000500040003000200010000000E06100502000E000D000C000B000A0009000800070006000500040003
0000000000000000000000000000000000000000000000000000000000000000000F000D000C000B000A00090008000700060005000400030002000100000001
01010101010101010101010101010101010101010101010101010101010101010101010101010101010101010101010101010101010101010101010101010101
01010101010101010101010101010101010101010101010101010101010101010001010101010101010101010101010101010101010101010101010101010100
000A0009000800070006000500040003000200010000000F06100512001D000D000C000B000A0009000800070006000500040003000200010000000F06100511
000600050004000300020001000000E00610052100EE000D000C000B000A000900080007000600050004000300020001000000E006100520001D000D000C000B
00020001000000110610060000FC000D000C000B000A000900080007000600050004000300020001000000EE0610052200EE000D000C000B000A000900080007
06100602002D000D000C000B000A0009000800070006000500040003000200010000001F06100601001F000D000C000B000A0009000800070006000500040003
0000000000000000000000000000000000000000000000000000000000000000002D000D000C000B000A0009000800070006000500040003000200010000001F
01010101010101010101010101010101010101010101010101010101010101010100000000000000000000000000000101010101010101010101010101010101
02010101010101010101010101010102020101010101010101010101010101020101010101010101010101010101010101010101010101010101010101010101
000A000900080007000600050004000300020001000000F00610061100FE000D000C000B000A000900080007000600050004000300020001000000F006100610
000600050004000300020001000000F106100620010C000D000C000B000A000900080007000600050004000300020001000000FE0610061200FE000D000C000B
00020001000000FF06100622010D000D000C000B000A000900080007000600050004000300020001000000FF0610062100FF000D000C000B000A000900080007
061007010000000D000C000B000A0009000800070006000500040003000200010000000006100700010D000D000C000B000A0009000800070006000500040003
00000000000000000000000000000000000000000000000000000000000000000000000D000C000B000A00090008000700060005000400030002000100000000
02010101010101010101010101010102020101010101010101010101010101020201010101010101010101010101010202010101010101010101010101010102
01010101010101010101010101010101020101010101010101010101010101020201010101010101010101010101010202010101010101010101010101010102
000A00090008000700060005000400030002000100000000061007100000000D000C000B000A0009000800070006000500040003000200010000000006100702
00060005000400030002000100000000061007120000000D000C000B000A00090008000700060005000400030002000100000000061007110000000D000C000B
0002000100000000061007210000000D000C000B000A00090008000700060005000400030002000100000000061007200000000D000C000B000A000900080007
062005100000000D000C000B000A00090008000700060005000400030002000100000000061007220000000D000C000B000A0009000800070006000500040003
0000000000000000000000000000000000000000000000000000000000000000000E000D000C000B000A00090008000700060005000400030002000100000000
01010101010101010101010101010101010101010101010101010101010101010101010101010101010101010101010101010101010101010101010101010101
01010101010101010101010101010100010101010101010101010101010101010101010101010101010101010101010101010101010101010101010101010101
000A0009000800070006000500040003000200010000000E06200512000E000D000C000B000A0009000800070006000500040003000200010000000006200511
0006000500040003000200010000000F06200521000F000D000C000B000A0009000800070006000500040003000200010000000106200520001C000D000C000B
00020001000000E006200530001D000D000C000B000A0009000800070006000500040003000200010000000F06200522001D000D000C000B000A000900080007
0620053200EE000D000C000B000A000900080007000600050004000300020001000000E00620053100EE000D000C000B000A0009000800070006000500040003
000000000000000000000000000000000000000000000000000000000000000000FC000D000C000B000A000900080007000600050004000300020001000000EE
01010101010101010101010101010101010101010101010101010101010101010101010101010101010101010101010100010101010101010101010101010101
01010101010101010101010101010101010101010101010101010101010101010101010101010101010101010101010101000000000000000000000000000001
000A0009000800070006000500040003000200010000001F06200611001F000D000C000B000A0009000800070006000500040003000200010000001106200610
000600050004000300020001000000F006200620002D000D000C000B000A0009000800070006000500040003000200010000001F06200612002D000D000C000B
00020001000000FE0620062200FE000D000C000B000A000900080007000600050004000300020001000000F00620062100FE000D000C000B000A000900080007
0620063100FF000D000C000B000A000900080007000600050004000300020001000000F106200630010C000D000C000B000A0009000800070006000500040003
0000000000000000000000000000000000000000000000000000000000000000010D000D000C000B000A000900080007000600050004000300020001000000FF
02010101010101010101010101010102020101010101010101010101010101020201010101010101010101010101010201010101010101010101010101010101
02010101010101010101010101010102020101010101010101010101010101020201010101010101010101010101010202010101010101010101010101010102
000A0009000800070006000500040003000200010000000006200710010D000D000C000B000A000900080007000600050004000300020001000000FF06200632
00060005000400030002000100000000062007120000000D000C000B000A00090008000700060005000400030002000100000000062007110000000D000C000B
0002000100000000062007210000000D000C000B000A00090008000700060005000400030002000100000000062007200000000D000C000B000A000900080007
062007300000000D000C000B000A00090008000700060005000400030002000100000000062007220000000D000C000B000A0009000800070006000500040003
00000000000000000000000000000000000000000000000000000000000000000000000D000C000B000A00090008000700060005000400030002000100000000
01010101010101010101010101010101010101010101010101010101010101010201010101010101010101010101010202010101010101010101010101010102
01010101010101010101010101010101010101010101010101010101010101010101010101010101010101010101010101010101010101010101010101010101
000A00090008000700060005000400030002000100000000062007320000000D000C000B000A0009000800070006000500040003000200010000000006200731
0006000500040003000200010000000006300521000E000D000C000B000A00090008000700060005000400030002000100000000063005200000000D000C000B
000200010000000106300530001C000D000C000B000A0009000800070006000500040003000200010000000E06300522000E000D000C000B000A000900080007
06300532001D000D000C000B000A0009000800070006000500040003000200010000000F06300531000F000D000C000B000A0009000800070006000500040003
0000000000000000000000000000000000000000000000000000000000000000001D000D000C000B000A0009000800070006000500040003000200010000000F
00010101010101010101010101010101010101010101010101010101010101000101010101010101010101010101010101010101010101010101010101010101
01000000000000000000000000000001010101010101010101010101010101010101010101010101010101010101010101010101010101010101010101010101
000A000900080007000600050004000300020001000000E00630054100EE000D000C000B000A000900080007000600050004000300020001000000E006300540
000600050004000300020001000000110630062000FC000D000C000B000A000900080007000600050004000300020001000000EE0630054200EE000D000C000B
000200010000001F06300622002D000D000C000B000A0009000800070006000500040003000200010000001F06300621001F000D000C000B000A000900080007
0630063100FE000D000C000B000A000900080007000600050004000300020001000000F006300630002D000D000C000B000A0009000800070006000500040003
000000000000000000000000000000000000000000000000000000000000000000FE000D000C000B000A000900080007000600050004000300020001000000F0
01010101010101010101010101010101010101010101010101010101010101010101010101010101010101010101010101010101010101010101010101010101
02010101010101010101010101010102020101010101010101010101010101020201010101010101010101010101010202010101010101010101010101010102
000A000900080007000600050004000300020001000000F106300640010C000D000C000B000A000900080007000600050004000300020001000000FE06300632
000600050004000300020001000000FF06300642010D000D000C000B000A000900080007000600050004000300020001000000FF0630064100FF000D000C000B
0002000100000000063007210000000D000C000B000A0009000800070006000500040003000200010000000006300720010D000D000C000B000A000900080007
063007300000000D000C000B000A00090008000700060005000400030002000100000000063007220000000D000C000B000A0009000800070006000500040003
00000000000000000000000000000000000000000000000000000000000000000000000D000C000B000A00090008000700060005000400030002000100000000
02010101010101010101010101010102020101010101010101010101010101020201010101010101010101010101010202010101010101010101010101010102
01010101010101010101010101010101010101010101010101010101010101010101010101010101010101010101010102010101010101010101010101010102
000A00090008000700060005000400030002000100000000063007320000000D000C000B000A0009000800070006000500040003000200010000000006300731
00060005000400030002000100000000063007410000000D000C000B000A00090008000700060005000400030002000100000000063007400000000D000C000B
0002000100000000064005300000000D000C000B000A00090008000700060005000400030002000100000000063007420000000D000C000B000A000900080007
06400532000E000D000C000B000A0009000800070006000500040003000200010000000006400531000E000D000C000B000A0009000800070006000500040003
0000000000000000000000000000000000000000000000000000000000000000001C000D000C000B000A0009000800070006000500040003000200010000000E
01010101010101010101010101010101010101010101010101010101010101010101010101010101010101010101010101010101010101010101010101010101
01010101010101010101010101010101000101010101010101010101010101010101010101010101010101010101010001010101010101010101010101010101
000A0009000800070006000500040003000200010000000F06400541000F000D000C000B000A0009000800070006000500040003000200010000000106400540
000600050004000300020001000000E006400550001D000D000C000B000A0009000800070006000500040003000200010000000F06400542001D000D000C000B
00020001000000EE0640055200EE000D000C000B000A000900080007000600050004000300020001000000E00640055100EE000D000C000B000A000900080007
06400631001F000D000C000B000A000900080007000600050004000300020001000000110640063000FC000D000C000B000A0009000800070006000500040003
0000000000000000000000000000000000000000000000000000000000000000002D000D000C000B000A0009000800070006000500040003000200010000001F
01010101010101010101010101010101010000000000000000000000000000010101010101010101010101010101010101010101010101010101010101010101
02010101010101010101010101010102010101010101010101010101010101010101010101010101010101010101010101010101010101010101010101010101
000A000900080007000600050004000300020001000000F006400640002D000D000C000B000A0009000800070006000500040003000200010000001F06400632
000600050004000300020001000000FE0640064200FE000D000C000B000A000900080007000600050004000300020001000000F00640064100FE000D000C000B
00020001000000FF0640065100FF000D000C000B000A000900080007000600050004000300020001000000F106400650010C000D000C000B000A000900080007
06400730010D000D000C000B000A000900080007000600050004000300020001000000FF06400652010D000D000C000B000A0009000800070006000500040003
00000000000000000000000000000000000000000000000000000000000000000000000D000C000B000A00090008000700060005000400030002000100000000
02010101010101010101010101010102020101010101010101010101010101020201010101010101010101010101010202010101010101010101010101010102
02010101010101010101010101010102020101010101010101010101010101020201010101010101010101010101010202010101010101010101010101010102
000A00090008000700060005000400030002000100000000064007320000000D000C000B000A0009000800070006000500040003000200010000000006400731
00060005000400030002000100000000064007410000000D000C000B000A00090008000700060005000400030002000100000000064007400000000D000C000B
0002000100000000064007500000000D000C000B000A00090008000700060005000400030002000100000000064007420000000D000C000B000A000900080007
064007520000000D000C000B000A00090008000700060005000400030002000100000000064007510000000D000C000B000A0009000800070006000500040003
00000000000000000000000000000000000000000000000000000000000000000000000D000C000B000A00090008000700060005000400030002000100000000
01010101010101010101010101010101010101010101010101010101010101010101010101010101010101010101010101010101010101010101010101010101
01010101010101010101010101010101010101010101010101010101010101010101010101010101010101010101010101010101010101010101010101010101
000A0009000800070006000500040003000200010000000006500541000E000D000C000B000A0009000800070006000500040003000200010000000006500540
0006000500040003000200010000000106500550001C000D000C000B000A0009000800070006000500040003000200010000000E06500542000E000D000C000B
000200010000000F06500552001D000D000C000B000A0009000800070006000500040003000200010000000F06500551000F000D000C000B000A000900080007
0650056100EE000D000C000B000A000900080007000600050004000300020001000000E006500560001D000D000C000B000A0009000800070006000500040003
000000000000000000000000000000000000000000000000000000000000000000EE000D000C000B000A000900080007000600050004000300020001000000E0
01010101010101010101010101010101010101010101010101010101010101010001010101010101010101010101010101010101010101010101010101010100
01010101010101010101010101010101010101010101010101010101010101010100000000000000000000000000000101010101010101010101010101010101
000A000900080007000600050004000300020001000000110650064000FC000D000C000B000A000900080007000600050004000300020001000000EE06500562
0006000500040003000200010000001F06500642002D000D000C000B000A0009000800070006000500040003000200010000001F06500641001F000D000C000B
00020001000000F00650065100FE000D000C000B000A000900080007000600050004000300020001000000F006500650002D000D000C000B000A000900080007
06500660010C000D000C000B000A000900080007000600050004000300020001000000FE0650065200FE000D000C000B000A0009000800070006000500040003
000000000000000000000000000000000000000000000000000000000000000000FF000D000C000B000A000900080007000600050004000300020001000000F1
02010101010101010101010101010102020101010101010101010101010101020101010101010101010101010101010101010101010101010101010101010101
02010101010101010101010101010102020101010101010101010101010101020201010101010101010101010101010202010101010101010101010101010102
000A000900080007000600050004000300020001000000FF06500662010D000D000C000B000A000900080007000600050004000300020001000000FF06500661
00060005000400030002000100000000065007410000000D000C000B000A0009000800070006000500040003000200010000000006500740010D000D000C000B
0002000100000000065007500000000D000C000B000A00090008000700060005000400030002000100000000065007420000000D000C000B000A000900080007
065007520000000D000C000B000A00090008000700060005000400030002000100000000065007510000000D000C000B000A0009000800070006000500040003
00000000000000000000000000000000000000000000000000000000000000000000000D000C000B000A00090008000700060005000400030002000100000000
01010101010101010101010101010101020101010101010101010101010101020201010101010101010101010101010202010101010101010101010101010102
01010101010101010101010101010101010101010101010101010101010101010101010101010101010101010101010101010101010101010101010101010101
000A00090008000700060005000400030002000100000000065007610000000D000C000B000A0009000800070006000500040003000200010000000006500760
00060005000400030002000100000000066005500000000D000C000B000A00090008000700060005000400030002000100000000065007620000000D000C000B
000200010000000E06600552000E000D000C000B000A0009000800070006000500040003000200010000000006600551000E000D000C000B000A000900080007
06600561000F000D000C000B000A0009000800070006000500040003000200010000000106600560001C000D000C000B000A0009000800070006000500040003
0000000000000000000000000000000000000000000000000000000000000000001D000D000C000B000A0009000800070006000500040003000200010000000F
01010101010101010101010101010100010101010101010101010101010101010101010101010101010101010101010101010101010101010101010101010101
01010101010101010101010101010101010101010101010101010101010101010101010101010101010101010101010100010101010101010101010101010101
000A000900080007000600050004000300020001000000E006600570001D000D000C000B000A0009000800070006000500040003000200010000000F06600562
000600050004000300020001000000EE0660057200EE000D000C000B000A000900080007000600050004000300020001000000E00660057100EE000D000C000B
000200010000001F06600651001F000D000C000B000A000900080007000600050004000300020001000000110660065000FC000D000C000B000A000900080007
06600660002D000D000C000B000A0009000800070006000500040003000200010000001F06600652002D000D000C000B000A0009000800070006000500040003
000000000000000000000000000000000000000000000000000000000000000000FE000D000C000B000A000900080007000600050004000300020001000000F0
01010101010101010101010101010101010101010101010101010101010101010101010101010101010101010101010101000000000000000000000000000001
02010101010101010101010101010102020101010101010101010101010101020201010101010101010101010101010201010101010101010101010101010101
000A000900080007000600050004000300020001000000FE0660066200FE000D000C000B000A000900080007000600050004000300020001000000F006600661
000600050004000300020001000000FF0660067100FF000D000C000B000A000900080007000600050004000300020001000000F106600670010C000D000C000B
000200010000000006600750010D000D000C000B000A000900080007000600050004000300020001000000FF06600672010D000D000C000B000A000900080007
066007520000000D000C000B000A00090008000700060005000400030002000100000000066007510000000D000C000B000A0009000800070006000500040003
00000000000000000000000000000000000000000000000000000000000000000000000D000C000B000A00090008000700060005000400030002000100000000
02010101010101010101010101010102020101010101010101010101010101020201010101010101010101010101010202010101010101010101010101010102
01010101010101010101010101010101010101010101010101010101010101010201010101010101010101010101010202010101010101010101010101010102
000A00090008000700060005000400030002000100000000066007610000000D000C000B000A0009000800070006000500040003000200010000000006600760
00060005000400030002000100000000066007700000000D000C000B000A00090008000700060005000400030002000100000000066007620000000D000C000B
0002000100000000066007720000000D000C000B000A00090008000700060005000400030002000100000000066007710000000D000C000B000A000900080007
06700561000E000D000C000B000A00090008000700060005000400030002000100000000067005600000000D000C000B000A0009000800070006000500040003
0000000000000000000000000000000000000000000000000000000000000000000E000D000C000B000A00090008000700060005000400030002000100000000
01010101010101010101010101010101010101010101010101010101010101010101010101010101010101010101010101010101010101010101010101010101
00010101010101010101010101010101010101010101010101010101010101000101010101010101010101010101010101010101010101010101010101010101
000A0009000800070006000500040003000200010000000106700570001C000D000C000B000A0009000800070006000500040003000200010000000E06700562
0006000500040003000200010000000F06700572001D000D000C000B000A0009000800070006000500040003000200010000000F06700571000F000D000C000B
00020001000000E00670058100EE000D000C000B000A000900080007000600050004000300020001000000E006700580001D000D000C000B000A000900080007
0670066000FC000D000C000B000A000900080007000600050004000300020001000000EE0670058200EE000D000C000B000A0009000800070006000500040003
0000000000000000000000000000000000000000000000000000000000000000001F000D000C000B000A00090008000700060005000400030002000100000011
01000000000000000000000000000001010101010101010101010101010101010101010101010101010101010101010101010101010101010101010101010101
01010101010101010101010101010101010101010101010101010101010101010101010101010101010101010101010101010101010101010101010101010101
000A0009000800070006000500040003000200010000001F06700662002D000D000C000B000A0009000800070006000500040003000200010000001F06700661
000600050004000300020001000000F00670067100FE000D000C000B000A000900080007000600050004000300020001000000F006700670002D000D000C000B
00020001000000F106700680010C000D000C000B000A000900080007000600050004000300020001000000FE0670067200FE000D000C000B000A000900080007
06700682010D000D000C000B000A000900080007000600050004000300020001000000FF0670068100FF000D000C000B000A0009000800070006000500040003
0000000000000000000000000000000000000000000000000000000000000000010D000D000C000B000A000900080007000600050004000300020001000000FF
02010101010101010101010101010102020101010101010101010101010101020201010101010101010101010101010202010101010101010101010101010102
02010101010101010101010101010102020101010101010101010101010101020201010101010101010101010101010202010101010101010101010101010102
000A00090008000700060005000400030002000100000000067007610000000D000C000B000A0009000800070006000500040003000200010000000006700760
00060005000400030002000100000000067007700000000D000C000B000A00090008000700060005000400030002000100000000067007620000000D000C000B
0002000100000000067007720000000D000C000B000A00090008000700060005000400030002000100000000067007710000000D000C000B000A000900080007
067007810000000D000C000B000A00090008000700060005000400030002000100000000067007800000000D000C000B000A0009000800070006000500040003
00000000000000000000000000000000000000000000000000000000000000000000000D000C000B000A00090008000700060005000400030002000100000000
01010101010101010101010101010101010101010101010101010101010101010101010101010101010101010101010102010101010101010101010101010102
01010101010101010101010101010101010101010101010101010101010101010101010101010101010101010101010101010101010101010101010101010101
000A00090008000700060005000400030002000100000000068005700000000D000C000B000A0009000800070006000500040003000200010000000006700782
0006000500040003000200010000000E06800572000E000D000C000B000A0009000800070006000500040003000200010000000006800571000E000D000C000B
000200010000000F06800581000F000D000C000B000A0009000800070006000500040003000200010000000106800580001C000D000C000B000A000900080007
06800590001D000D000C000B000A0009000800070006000500040003000200010000000F06800582001D000D000C000B000A0009000800070006000500040003
000000000000000000000000000000000000000000000000000000000000000000EE000D000C000B000A000900080007000600050004000300020001000000E0
01010101010101010101010101010101000101010101010101010101010101010101010101010101010101010101010001010101010101010101010101010101
01010101010101010101010101010101010000000000000000000000000000010101010101010101010101010101010101010101010101010101010101010101
000A000900080007000600050004000300020001000000EE0680059200EE000D000C000B000A000900080007000600050004000300020001000000E006800591
0006000500040003000200010000001F06800671001F000D000C000B000A000900080007000600050004000300020001000000110680067000FC000D000C000B
00020001000000F006800680002D000D000C000B000A0009000800070006000500040003000200010000001F06800672002D000D000C000B000A000900080007
0680068200FE000D000C000B000A000900080007000600050004000300020001000000F00680068100FE000D000C000B000A0009000800070006000500040003
0000000000000000000000000000000000000000000000000000000000000000010C000D000C000B000A000900080007000600050004000300020001000000FE
02010101010101010101010101010102010101010101010101010101010101010101010101010101010101010101010101010101010101010101010101010101
02010101010101010101010101010102020101010101010101010101010101020201010101010101010101010101010202010101010101010101010101010102
000A000900080007000600050004000300020001000000FF0680069100FF000D000C000B000A000900080007000600050004000300020001000000F106800690
0006000500040003000200010000000006800770010D000D000C000B000A000900080007000600050004000300020001000000FF06800692010D000D000C000B
0002000100000000068007720000000D000C000B000A00090008000700060005000400030002000100000000068007710000000D000C000B000A000900080007
068007810000000D000C000B000A00090008000700060005000400030002000100000000068007800000000D000C000B000A0009000800070006000500040003
00000000000000000000000000000000000000000000000000000000000000000000000D000C000B000A00090008000700060005000400030002000100000000
02010101010101010101010101010102020101010101010101010101010101020201010101010101010101010101010202010101010101010101010101010102
01010101010101010101010101010101010101010101010101010101010101010101010101010101010101010101010101010101010101010101010101010101
000A00090008000700060005000400030002000100000000068007900000000D000C000B000A0009000800070006000500040003000200010000000006800782
00060005000400030002000100000000068007920000000D000C000B000A00090008000700060005000400030002000100000000068007910000000D000C000B
000200010000000006900581000E000D000C000B000A00090008000700060005000400030002000100000000069005800000000D000C000B000A000900080007
06900590001C000D000C000B000A0009000800070006000500040003000200010000000E06900582000E000D000C000B000A0009000800070006000500040003
0000000000000000000000000000000000000000000000000000000000000000000F000D000C000B000A00090008000700060005000400030002000100000001
01010101010101010101010101010101010101010101010101010101010101010101010101010101010101010101010101010101010101010101010101010101
01010101010101010101010101010101010101010101010101010101010101010001010101010101010101010101010101010101010101010101010101010100
000A0009000800070006000500040003000200010000000F06900592001D000D000C000B000A0009000800070006000500040003000200010000000F06900591
000600050004000300020001000000E0069005A100EE000D000C000B000A000900080007000600050004000300020001000000E0069005A0001D000D000C000B
00020001000000110690068000FC000D000C000B000A000900080007000600050004000300020001000000EE069005A200EE000D000C000B000A000900080007
06900682002D000D000C000B000A0009000800070006000500040003000200010000001F06900681001F000D000C000B000A0009000800070006000500040003
0000000000000000000000000000000000000000000000000000000000000000002D000D000C000B000A0009000800070006000500040003000200010000001F
01010101010101010101010101010101010101010101010101010101010101010100000000000000000000000000000101010101010101010101010101010101
02010101010101010101010101010102020101010101010101010101010101020101010101010101010101010101010101010101010101010101010101010101
000A000900080007000600050004000300020001000000F00690069100FE000D000C000B000A000900080007000600050004000300020001000000F006900690
000600050004000300020001000000F1069006A0010C000D000C000B000A000900080007000600050004000300020001000000FE0690069200FE000D000C000B
00020001000000FF069006A2010D000D000C000B000A000900080007000600050004000300020001000000FF069006A100FF000D000C000B000A000900080007
069007810000000D000C000B000A0009000800070006000500040003000200010000000006900780010D000D000C000B000A0009000800070006000500040003
00000000000000000000000000000000000000000000000000000000000000000000000D000C000B000A00090008000700060005000400030002000100000000
02010101010101010101010101010102020101010101010101010101010101020201010101010101010101010101010202010101010101010101010101010102
01010101010101010101010101010101020101010101010101010101010101020201010101010101010101010101010202010101010101010101010101010102
000A00090008000700060005000400030002000100000000069007900000000D000C000B000A0009000800070006000500040003000200010000000006900782
00060005000400030002000100000000069007920000000D000C000B000A00090008000700060005000400030002000100000000069007910000000D000C000B
0002000100000000069007A10000000D000C000B000A00090008000700060005000400030002000100000000069007A00000000D000C000B000A000900080007
06A005900000000D000C000B000A00090008000700060005000400030002000100000000069007A20000000D000C000B000A0009000800070006000500040003
0000000000000000000000000000000000000000000000000000000000000000000E000D000C000B000A00090008000700060005000400030002000100000000
01010101010101010101010101010101010101010101010101010101010101010101010101010101010101010101010101010101010101010101010101010101
01010101010101010101010101010100010101010101010101010101010101010101010101010101010101010101010101010101010101010101010101010101
000A0009000800070006000500040003000200010000000E06A00592000E000D000C000B000A0009000800070006000500040003000200010000000006A00591
0006000500040003000200010000000F06A005A1000F000D000C000B000A0009000800070006000500040003000200010000000106A005A0001C000D000C000B
00020001000000E006A005B0001D000D000C000B000A0009000800070006000500040003000200010000000F06A005A2001D000D000C000B000A000900080007
06A005B200EE000D000C000B000A000900080007000600050004000300020001000000E006A005B100EE000D000C000B000A0009000800070006000500040003
000000000000000000000000000000000000000000000000000000000000000000FC000D000C000B000A000900080007000600050004000300020001000000EE
01010101010101010101010101010101010101010101010101010101010101010101010101010101010101010101010100010101010101010101010101010101
01010101010101010101010101010101010101010101010101010101010101010101010101010101010101010101010101000000000000000000000000000001
000A0009000800070006000500040003000200010000001F06A00691001F000D000C000B000A0009000800070006000500040003000200010000001106A00690
000600050004000300020001000000F006A006A0002D000D000C000B000A0009000800070006000500040003000200010000001F06A00692002D000D000C000B
00020001000000FE06A006A200FE000D000C000B000A000900080007000600050004000300020001000000F006A006A100FE000D000C000B000A000900080007
06A006B100FF000D000C000B000A000900080007000600050004000300020001000000F106A006B0010C000D000C000B000A0009000800070006000500040003
0000000000000000000000000000000000000000000000000000000000000000010D000D000C000B000A000900080007000600050004000300020001000000FF
02010101010101010101010101010102020101010101010101010101010101020201010101010101010101010101010201010101010101010101010101010101
02010101010101010101010101010102020101010101010101010101010101020201010101010101010101010101010202010101010101010101010101010102
000A0009000800070006000500040003000200010000000006A00790010D000D000C000B000A000900080007000600050004000300020001000000FF06A006B2
0006000500040003000200010000000006A007920000000D000C000B000A0009000800070006000500040003000200010000000006A007910000000D000C000B
000200010000000006A007A10000000D000C000B000A0009000800070006000500040003000200010000000006A007A00000000D000C000B000A000900080007
06A007B00000000D000C000B000A0009000800070006000500040003000200010000000006A007A20000000D000C000B000A0009000800070006000500040003
00000000000000000000000000000000000000000000000000000000000000000000000D000C000B000A00090008000700060005000400030002000100000000
01010101010101010101010101010101010101010101010101010101010101010201010101010101010101010101010202010101010101010101010101010102
01010101010101010101010101010101010101010101010101010101010101010101010101010101010101010101010101010101010101010101010101010101
000A0009000800070006000500040003000200010000000006A007B20000000D000C000B000A0009000800070006000500040003000200010000000006A007B1
0006000500040003000200010000000006B005A1000E000D000C000B000A0009000800070006000500040003000200010000000006B005A00000000D000C000B
000200010000000106B005B0001C000D000C000B000A0009000800070006000500040003000200010000000E06B005A2000E000D000C000B000A000900080007
06B005B2001D000D000C000B000A0009000800070006000500040003000200010000000F06B005B1000F000D000C000B000A0009000800070006000500040003
0000000000000000000000000000000000000000000000000000000000000000001D000D000C000B000A0009000800070006000500040003000200010000000F
00010101010101010101010101010101010101010101010101010101010101000101010101010101010101010101010101010101010101010101010101010101
01000000000000000000000000000001010101010101010101010101010101010101010101010101010101010101010101010101010101010101010101010101
000A000900080007000600050004000300020001000000E006B005C100EE000D000C000B000A000900080007000600050004000300020001000000E006B005C0
0006000500040003000200010000001106B006A000FC000D000C000B000A000900080007000600050004000300020001000000EE06B005C200EE000D000C000B
000200010000001F06B006A2002D000D000C000B000A0009000800070006000500040003000200010000001F06B006A1001F000D000C000B000A000900080007
06B006B100FE000D000C000B000A000900080007000600050004000300020001000000F006B006B0002D000D000C000B000A0009000800070006000500040003
000000000000000000000000000000000000000000000000000000000000000000FE000D000C000B000A000900080007000600050004000300020001000000F0
01010101010101010101010101010101010101010101010101010101010101010101010101010101010101010101010101010101010101010101010101010101
02010101010101010101010101010102020101010101010101010101010101020201010101010101010101010101010202010101010101010101010101010102
000A000900080007000600050004000300020001000000F106B006C0010C000D000C000B000A000900080007000600050004000300020001000000FE06B006B2
000600050004000300020001000000FF06B006C2010D000D000C000B000A000900080007000600050004000300020001000000FF06B006C100FF000D000C000B
000200010000000006B007A10000000D000C000B000A0009000800070006000500040003000200010000000006B007A0010D000D000C000B000A000900080007
06B007B00000000D000C000B000A0009000800070006000500040003000200010000000006B007A20000000D000C000B000A0009000800070006000500040003
00000000000000000000000000000000000000000000000000000000000000000000000D000C000B000A00090008000700060005000400030002000100000000
02010101010101010101010101010102020101010101010101010101010101020201010101010101010101010101010202010101010101010101010101010102
01010101010101010101010101010101010101010101010101010101010101010101010101010101010101010101010102010101010101010101010101010102
000A0009000800070006000500040003000200010000000006B007B20000000D000C000B000A0009000800070006000500040003000200010000000006B007B1
0006000500040003000200010000000006B007C10000000D000C000B000A0009000800070006000500040003000200010000000006B007C00000000D000C000B
000200010000000006C005B00000000D000C000B000A0009000800070006000500040003000200010000000006B007C20000000D000C000B000A000900080007
06C005B2000E000D000C000B000A0009000800070006000500040003000200010000000006C005B1000E000D000C000B000A0009000800070006000500040003
0000000000000000000000000000000000000000000000000000000000000000001C000D000C000B000A0009000800070006000500040003000200010000000E
01010101010101010101010101010101010101010101010101010101010101010101010101010101010101010101010101010101010101010101010101010101
01010101010101010101010101010101000101010101010101010101010101010101010101010101010101010101010001010101010101010101010101010101
000A0009000800070006000500040003000200010000000F06C005C1000F000D000C000B000A0009000800070006000500040003000200010000000106C005C0
000600050004000300020001000000E006C005D0001D000D000C000B000A0009000800070006000500040003000200010000000F06C005C2001D000D000C000B
00020001000000EE06C005D200EE000D000C000B000A000900080007000600050004000300020001000000E006C005D100EE000D000C000B000A000900080007
06C006B1001F000D000C000B000A0009000800070006000500040003000200010000001106C006B000FC000D000C000B000A0009000800070006000500040003
0000000000000000000000000000000000000000000000000000000000000000002D000D000C000B000A0009000800070006000500040003000200010000001F
01010101010101010101010101010101010000000000000000000000000000010101010101010101010101010101010101010101010101010101010101010101
02010101010101010101010101010102010101010101010101010101010101010101010101010101010101010101010101010101010101010101010101010101
000A000900080007000600050004000300020001000000F006C006C0002D000D000C000B000A0009000800070006000500040003000200010000001F06C006B2
000600050004000300020001000000FE06C006C200FE000D000C000B000A000900080007000600050004000300020001000000F006C006C100FE000D000C000B
00020001000000FF06C006D100FF000D000C000B000A000900080007000600050004000300020001000000F106C006D0010C000D000C000B000A000900080007
06C007B0010D000D000C000B000A000900080007000600050004000300020001000000FF06C006D2010D000D000C000B000A0009000800070006000500040003
00000000000000000000000000000000000000000000000000000000000000000000000D000C000B000A00090008000700060005000400030002000100000000
02010101010101010101010101010102020101010101010101010101010101020201010101010101010101010101010202010101010101010101010101010102
02010101010101010101010101010102020101010101010101010101010101020201010101010101010101010101010202010101010101010101010101010102
000A0009000800070006000500040003000200010000000006C007B20000000D000C000B000A0009000800070006000500040003000200010000000006C007B1
0006000500040003000200010000000006C007C10000000D000C000B000A0009000800070006000500040003000200010000000006C007C00000000D000C000B
000200010000000006C007D00000000D000C000B000A0009000800070006000500040003000200010000000006C007C20000000D000C000B000A000900080007
06C007D20000000D000C000B000A0009000800070006000500040003000200010000000006C007D10000000D000C000B000A0009000800070006000500040003
00000000000000000000000000000000000000000000000000000000000000000000000D000C000B000A00090008000700060005000400030002000100000000
01010101010101010101010101010101010101010101010101010101010101010101010101010101010101010101010101010101010101010101010101010101
01010101010101010101010101010101010101010101010101010101010101010101010101010101010101010101010101010101010101010101010101010101
000A0009000800070006000500040003000200010000000006D005C1000E000D000C000B000A0009000800070006000500040003000200010000000006D005C0
0006000500040003000200010000000106D005D0001C000D000C000B000A0009000800070006000500040003000200010000000E06D005C2000E000D000C000B
000200010000000F06D005D2001D000D000C000B000A0009000800070006000500040003000200010000000F06D005D1000F000D000C000B000A000900080007
06D005E100EE000D000C000B000A000900080007000600050004000300020001000000E006D005E0001D000D000C000B000A0009000800070006000500040003
000000000000000000000000000000000000000000000000000000000000000000EE000D000C000B000A000900080007000600050004000300020001000000E0
01010101010101010101010101010101010101010101010101010101010101010001010101010101010101010101010101010101010101010101010101010100
01010101010101010101010101010101010101010101010101010101010101010100000000000000000000000000000101010101010101010101010101010101
000A0009000800070006000500040003000200010000001106D006C000FC000D000C000B000A000900080007000600050004000300020001000000EE06D005E2
0006000500040003000200010000001F06D006C2002D000D000C000B000A0009000800070006000500040003000200010000001F06D006C1001F000D000C000B
00020001000000F006D006D100FE000D000C000B000A000900080007000600050004000300020001000000F006D006D0002D000D000C000B000A000900080007
06D006E0010C000D000C000B000A000900080007000600050004000300020001000000FE06D006D200FE000D000C000B000A0009000800070006000500040003
000000000000000000000000000000000000000000000000000000000000000000FF000D000C000B000A000900080007000600050004000300020001000000F1
02010101010101010101010101010102020101010101010101010101010101020101010101010101010101010101010101010101010101010101010101010101
02010101010101010101010101010102020101010101010101010101010101020201010101010101010101010101010202010101010101010101010101010102
000A000900080007000600050004000300020001000000FF06D006E2010D000D000C000B000A000900080007000600050004000300020001000000FF06D006E1
0006000500040003000200010000000006D007C10000000D000C000B000A0009000800070006000500040003000200010000000006D007C0010D000D000C000B
000200010000000006D007D00000000D000C000B000A0009000800070006000500040003000200010000000006D007C20000000D000C000B000A000900080007
06D007D20000000D000C000B000A0009000800070006000500040003000200010000000006D007D10000000D000C000B000A0009000800070006000500040003
00000000000000000000000000000000000000000000000000000000000000000000000D000C000B000A00090008000700060005000400030002000100000000
01010101010101010101010101010101020101010101010101010101010101020201010101010101010101010101010202010101010101010101010101010102
01010101010101010101010101010101010101010101010101010101010101010101010101010101010101010101010101010101010101010101010101010101
000A0009000800070006000500040003000200010000000006D007E10000000D000C000B000A0009000800070006000500040003000200010000000006D007E0
0006000500040003000200010000000006E005D00000000D000C000B000A0009000800070006000500040003000200010000000006D007E20000000D000C000B
000200010000000E06E005D2000E000D000C000B000A0009000800070006000500040003000200010000000006E005D1000E000D000C000B000A000900080007
06E005E1000F000D000C000B000A0009000800070006000500040003000200010000000106E005E0001C000D000C000B000A0009000800070006000500040003
0000000000000000000000000000000000000000000000000000000000000000001D000D000C000B000A0009000800070006000500040003000200010000000F
01010101010101010101010101010100010101010101010101010101010101010101010101010101010101010101010101010101010101010101010101010101
01010101010101010101010101010101010101010101010101010101010101010101010101010101010101010101010100010101010101010101010101010101
000A000900080007000600050004000300020001000000E006E005F0001D000D000C000B000A0009000800070006000500040003000200010000000F06E005E2
000600050004000300020001000000EE06E005F200EE000D000C000B000A000900080007000600050004000300020001000000E006E005F100EE000D000C000B
000200010000001F06E006D1001F000D000C000B000A0009000800070006000500040003000200010000001106E006D000FC000D000C000B000A000900080007
06E006E0002D000D000C000B000A0009000800070006000500040003000200010000001F06E006D2002D000D000C000B000A0009000800070006000500040003
000000000000000000000000000000000000000000000000000000000000000000FE000D000C000B000A000900080007000600050004000300020001000000F0
01010101010101010101010101010101010101010101010101010101010101010101010101010101010101010101010101000000000000000000000000000001
02010101010101010101010101010102020101010101010101010101010101020201010101010101010101010101010201010101010101010101010101010101
000A000900080007000600050004000300020001000000FE06E006E200FE000D000C000B000A000900080007000600050004000300020001000000F006E006E1
000600050004000300020001000000FF06E006F100FF000D000C000B000A000900080007000600050004000300020001000000F106E006F0010C000D000C000B
000200010000000006E007D0010D000D000C000B000A000900080007000600050004000300020001000000FF06E006F2010D000D000C000B000A000900080007
06E007D20000000D000C000B000A0009000800070006000500040003000200010000000006E007D10000000D000C000B000A0009000800070006000500040003
00000000000000000000000000000000000000000000000000000000000000000000000D000C000B000A00090008000700060005000400030002000100000000
02010101010101010101010101010102020101010101010101010101010101020201010101010101010101010101010202010101010101010101010101010102
01010101010101010101010101010101010101010101010101010101010101010201010101010101010101010101010202010101010101010101010101010102
000A0009000800070006000500040003000200010000000006E007E10000000D000C000B000A0009000800070006000500040003000200010000000006E007E0
0006000500040003000200010000000006E007F00000000D000C000B000A0009000800070006000500040003000200010000000006E007E20000000D000C000B
000200010000000006E007F20000000D000C000B000A0009000800070006000500040003000200010000000006E007F10000000D000C000B000A000900080007
06F005E1000E000D000C000B000A0009000800070006000500040003000200010000000006F005E00000000D000C000B000A0009000800070006000500040003
0000000000000000000000000000000000000000000000000000000000000000000E000D000C000B000A00090008000700060005000400030002000100000000
01010101010101010101010101010101010101010101010101010101010101010101010101010101010101010101010101010101010101010101010101010101
01010101010101010101010101010101010101010101010101010101010101010001010101010101010101010101010101010101010101010101010101010100
000A0009000800070006000500040003000200010000000106F005F0001C000D000C000B000A0009000800070006000500040003000200010000000E06F005E2
000600050004000300020001000000EF06F005F200FD000D000C000B000A000900080007000600050004000300020001000000EF06F005F1000F000D000C000B
000200010000001006F006E1001E000D000C000B000A0009000800070006000500040003000200010000001006F006E000FD000D000C000B000A000900080007
06F006F0010C000D000C000B000A000900080007000600050004000300020001000000FE06F006E2001E000D000C000B000A0009000800070006000500040003
000000000000000000000000000000000000000000000000000000000000000000FF000D000C000B000A000900080007000600050004000300020001000000F1
02010101010101010101010101010102020101010101010101010101010101020101010101010101010101010101010101000000000000000000000000000001
02010101010101010101010101010102020101010101010101010101010101020201010101010101010101010101010202010101010101010101010101010102
000A000900080007000600050004000300020001000000FF06F006F2010D000D000C000B000A000900080007000600050004000300020001000000FF06F006F1
0006000500040003000200010000000006F007E10000000D000C000B000A0009000800070006000500040003000200010000000006F007E0010D000D000C000B
000200010000000006F007F00000000D000C000B000A0009000800070006000500040003000200010000000006F007E20000000D000C000B000A000900080007
06F007F20000000D000C000B000A0009000800070006000500040003000200010000000006F007F10000000D000C000B000A0009000800070006000500040003
00000000000000000000000000000000000000000000000000000000000000000000000D000C000B000A00090008000700060005000400030002000100000000
01010101010101010101010101010101010101010101010101010101010101010101010101010101010101010101010101010101010101010101010101010101
01000000000000000000000000000001010101010101010101010101010101010001010101010101010101010101010101010101010101010101010101010100
000A0009000800070006000500040003000200010000000007000601000E000D000C000B000A0009000800070006000500040003000200010000000007000600
0006000500040003000200010000000107000610001C000D000C000B000A0009000800070006000500040003000200010000000E07000602000E000D000C000B
00020001000000EF0700061200FD000D000C000B000A000900080007000600050004000300020001000000EF07000611000F000D000C000B000A000900080007
07000701001E000D000C000B000A000900080007000600050004000300020001000000100700070000FD000D000C000B000A0009000800070006000500040003
0000000000000000000000000000000000000000000000000000000000000000001E000D000C000B000A00090008000700060005000400030002000100000010
01010101010101010101010101010101010101010101010101010101010101010101010101010101010101010101010101010101010101010101010101010101
02010101010101010101010101010102020101010101010101010101010101020201010101010101010101010101010202010101010101010101010101010102
000A000900080007000600050004000300020001000000F107000710010C000D000C000B000A000900080007000600050004000300020001000000FE07000702
000600050004000300020001000000FF07000712010D000D000C000B000A000900080007000600050004000300020001000000FF0700071100FF000D000C000B
0002000100000000070008010000000D000C000B000A0009000800070006000500040003000200010000000007000800010D000D000C000B000A000900080007
070008100000000D000C000B000A00090008000700060005000400030002000100000000070008020000000D000C000B000A0009000800070006000500040003
00000000000000000000000000000000000000000000000000000000000000000000000D000C000B000A00090008000700060005000400030002000100000000
01010101010101010101010101010101010101010101010101010101010101010201010101010101010101010101010202010101010101010101010101010102
01010101010101010101010101010101010101010101010101010101010101010101010101010101010101010101010101010101010101010101010101010101
000A00090008000700060005000400030002000100000000070008120000000D000C000B000A0009000800070006000500040003000200010000000007000811
0006000500040003000200010000000007100601000E000D000C000B000A00090008000700060005000400030002000100000000071006000000000D000C000B
000200010000000107100610001C000D000C000B000A0009000800070006000500040003000200010000000E07100602000E000D000C000B000A000900080007
07100612001D000D000C000B000A0009000800070006000500040003000200010000000F07100611000F000D000C000B000A0009000800070006000500040003
0000000000000000000000000000000000000000000000000000000000000000001D000D000C000B000A0009000800070006000500040003000200010000000F
00010101010101010101010101010101010101010101010101010101010101000101010101010101010101010101010101010101010101010101010101010101
01000000000000000000000000000001010101010101010101010101010101010101010101010101010101010101010101010101010101010101010101010101
000A000900080007000600050004000300020001000000E00710062100EE000D000C000B000A000900080007000600050004000300020001000000E007100620
000600050004000300020001000000110710070000FC000D000C000B000A000900080007000600050004000300020001000000EE0710062200EE000D000C000B
000200010000001F07100702002D000D000C000B000A0009000800070006000500040003000200010000001F07100701001F000D000C000B000A000900080007
0710071100FE000D000C000B000A000900080007000600050004000300020001000000F007100710002D000D000C000B000A0009000800070006000500040003
000000000000000000000000000000000000000000000000000000000000000000FE000D000C000B000A000900080007000600050004000300020001000000F0
01010101010101010101010101010101010101010101010101010101010101010101010101010101010101010101010101010101010101010101010101010101
02010101010101010101010101010102020101010101010101010101010101020201010101010101010101010101010202010101010101010101010101010102
000A000900080007000600050004000300020001000000F107100720010C000D000C000B000A000900080007000600050004000300020001000000FE07100712
000600050004000300020001000000FF07100722010D000D000C000B000A000900080007000600050004000300020001000000FF0710072100FF000D000C000B
0002000100000000071008010000000D000C000B000A0009000800070006000500040003000200010000000007100800010D000D000C000B000A000900080007
071008100000000D000C000B000A00090008000700060005000400030002000100000000071008020000000D000C000B000A0009000800070006000500040003
00000000000000000000000000000000000000000000000000000000000000000000000D000C000B000A00090008000700060005000400030002000100000000
02010101010101010101010101010102020101010101010101010101010101020201010101010101010101010101010202010101010101010101010101010102
01010101010101010101010101010101010101010101010101010101010101010101010101010101010101010101010102010101010101010101010101010102
000A00090008000700060005000400030002000100000000071008120000000D000C000B000A0009000800070006000500040003000200010000000007100811
00060005000400030002000100000000071008210000000D000C000B000A00090008000700060005000400030002000100000000071008200000000D000C000B
0002000100000000072006100000000D000C000B000A00090008000700060005000400030002000100000000071008220000000D000C000B000A000900080007
07200612000E000D000C000B000A0009000800070006000500040003000200010000000007200611000E000D000C000B000A0009000800070006000500040003
0000000000000000000000000000000000000000000000000000000000000000001C000D000C000B000A0009000800070006000500040003000200010000000E
01010101010101010101010101010101010101010101010101010101010101010101010101010101010101010101010101010101010101010101010101010101
01010101010101010101010101010101000101010101010101010101010101010101010101010101010101010101010001010101010101010101010101010101
000A0009000800070006000500040003000200010000000F07200621000F000D000C000B000A0009000800070006000500040003000200010000000107200620
000600050004000300020001000000E007200630001D000D000C000B000A0009000800070006000500040003000200010000000F07200622001D000D000C000B
00020001000000EE0720063200EE000D000C000B000A000900080007000600050004000300020001000000E00720063100EE000D000C000B000A000900080007
07200711001F000D000C000B000A000900080007000600050004000300020001000000110720071000FC000D000C000B000A0009000800070006000500040003
0000000000000000000000000000000000000000000000000000000000000000002D000D000C000B000A0009000800070006000500040003000200010000001F
01010101010101010101010101010101010000000000000000000000000000010101010101010101010101010101010101010101010101010101010101010101
02010101010101010101010101010102010101010101010101010101010101010101010101010101010101010101010101010101010101010101010101010101
000A000900080007000600050004000300020001000000F007200720002D000D000C000B000A0009000800070006000500040003000200010000001F07200712
000600050004000300020001000000FE0720072200FE000D000C000B000A000900080007000600050004000300020001000000F00720072100FE000D000C000B
00020001000000FF0720073100FF000D000C000B000A000900080007000600050004000300020001000000F107200730010C000D000C000B000A000900080007
07200810010D000D000C000B000A000900080007000600050004000300020001000000FF07200732010D000D000C000B000A0009000800070006000500040003
00000000000000000000000000000000000000000000000000000000000000000000000D000C000B000A00090008000700060005000400030002000100000000
02010101010101010101010101010102020101010101010101010101010101020201010101010101010101010101010202010101010101010101010101010102
02010101010101010101010101010102020101010101010101010101010101020201010101010101010101010101010202010101010101010101010101010102
000A00090008000700060005000400030002000100000000072008120000000D000C000B000A0009000800070006000500040003000200010000000007200811
00060005000400030002000100000000072008210000000D000C000B000A00090008000700060005000400030002000100000000072008200000000D000C000B
0002000100000000072008300000000D000C000B000A00090008000700060005000400030002000100000000072008220000000D000C000B000A000900080007
072008320000000D000C000B000A00090008000700060005000400030002000100000000072008310000000D000C000B000A0009000800070006000500040003
00000000000000000000000000000000000000000000000000000000000000000000000D000C000B000A00090008000700060005000400030002000100000000
01010101010101010101010101010101010101010101010101010101010101010101010101010101010101010101010101010101010101010101010101010101
01010101010101010101010101010101010101010101010101010101010101010101010101010101010101010101010101010101010101010101010101010101
000A0009000800070006000500040003000200010000000007300621000E000D000C000B000A0009000800070006000500040003000200010000000007300620
0006000500040003000200010000000107300630001C000D000C000B000A0009000800070006000500040003000200010000000E07300622000E000D000C000B
000200010000000F07300632001D000D000C000B000A0009000800070006000500040003000200010000000F07300631000F000D000C000B000A000900080007
0730064100EE000D000C000B000A000900080007000600050004000300020001000000E007300640001D000D000C000B000A0009000800070006000500040003
000000000000000000000000000000000000000000000000000000000000000000EE000D000C000B000A000900080007000600050004000300020001000000E0
01010101010101010101010101010101010101010101010101010101010101010001010101010101010101010101010101010101010101010101010101010100
01010101010101010101010101010101010101010101010101010101010101010100000000000000000000000000000101010101010101010101010101010101
000A000900080007000600050004000300020001000000110730072000FC000D000C000B000A000900080007000600050004000300020001000000EE07300642
0006000500040003000200010000001F07300722002D000D000C000B000A0009000800070006000500040003000200010000001F07300721001F000D000C000B
00020001000000F00730073100FE000D000C000B000A000900080007000600050004000300020001000000F007300730002D000D000C000B000A000900080007
07300740010C000D000C000B000A000900080007000600050004000300020001000000FE0730073200FE000D000C000B000A0009000800070006000500040003
000000000000000000000000000000000000000000000000000000000000000000FF000D000C000B000A000900080007000600050004000300020001000000F1
02010101010101010101010101010102020101010101010101010101010101020101010101010101010101010101010101010101010101010101010101010101
02010101010101010101010101010102020101010101010101010101010101020201010101010101010101010101010202010101010101010101010101010102
000A000900080007000600050004000300020001000000FF07300742010D000D000C000B000A000900080007000600050004000300020001000000FF07300741
00060005000400030002000100000000073008210000000D000C000B000A0009000800070006000500040003000200010000000007300820010D000D000C000B
0002000100000000073008300000000D000C000B000A00090008000700060005000400030002000100000000073008220000000D000C000B000A000900080007
073008320000000D000C000B000A00090008000700060005000400030002000100000000073008310000000D000C000B000A0009000800070006000500040003
00000000000000000000000000000000000000000000000000000000000000000000000D000C000B000A00090008000700060005000400030002000100000000
01010101010101010101010101010101020101010101010101010101010101020201010101010101010101010101010202010101010101010101010101010102
01010101010101010101010101010101010101010101010101010101010101010101010101010101010101010101010101010101010101010101010101010101
000A00090008000700060005000400030002000100000000073008410000000D000C000B000A0009000800070006000500040003000200010000000007300840
00060005000400030002000100000000074006300000000D000C000B000A00090008000700060005000400030002000100000000073008420000000D000C000B
000200010000000E07400632000E000D000C000B000A0009000800070006000500040003000200010000000007400631000E000D000C000B000A000900080007
07400641000F000D000C000B000A0009000800070006000500040003000200010000000107400640001C000D000C000B000A0009000800070006000500040003
0000000000000000000000000000000000000000000000000000000000000000001D000D000C000B000A0009000800070006000500040003000200010000000F
01010101010101010101010101010100010101010101010101010101010101010101010101010101010101010101010101010101010101010101010101010101
01010101010101010101010101010101010101010101010101010101010101010101010101010101010101010101010100010101010101010101010101010101
000A000900080007000600050004000300020001000000E007400650001D000D000C000B000A0009000800070006000500040003000200010000000F07400642
000600050004000300020001000000EE0740065200EE000D000C000B000A000900080007000600050004000300020001000000E00740065100EE000D000C000B
000200010000001F07400731001F000D000C000B000A000900080007000600050004000300020001000000110740073000FC000D000C000B000A000900080007
07400740002D000D000C000B000A0009000800070006000500040003000200010000001F07400732002D000D000C000B000A0009000800070006000500040003
000000000000000000000000000000000000000000000000000000000000000000FE000D000C000B000A000900080007000600050004000300020001000000F0
01010101010101010101010101010101010101010101010101010101010101010101010101010101010101010101010101000000000000000000000000000001
02010101010101010101010101010102020101010101010101010101010101020201010101010101010101010101010201010101010101010101010101010101
000A000900080007000600050004000300020001000000FE0740074200FE000D000C000B000A000900080007000600050004000300020001000000F007400741
000600050004000300020001000000FF0740075100FF000D000C000B000A000900080007000600050004000300020001000000F107400750010C000D000C000B
000200010000000007400830010D000D000C000B000A000900080007000600050004000300020001000000FF07400752010D000D000C000B000A000900080007
074008320000000D000C000B000A00090008000700060005000400030002000100000000074008310000000D000C000B000A0009000800070006000500040003
00000000000000000000000000000000000000000000000000000000000000000000000D000C000B000A00090008000700060005000400030002000100000000
02010101010101010101010101010102020101010101010101010101010101020201010101010101010101010101010202010101010101010101010101010102
01010101010101010101010101010101010101010101010101010101010101010201010101010101010101010101010202010101010101010101010101010102
000A00090008000700060005000400030002000100000000074008410000000D000C000B000A0009000800070006000500040003000200010000000007400840
00060005000400030002000100000000074008500000000D000C000B000A00090008000700060005000400030002000100000000074008420000000D000C000B
0002000100000000074008520000000D000C000B000A00090008000700060005000400030002000100000000074008510000000D000C000B000A000900080007
07500641000E000D000C000B000A00090008000700060005000400030002000100000000075006400000000D000C000B000A0009000800070006000500040003
0000000000000000000000000000000000000000000000000000000000000000000E000D000C000B000A00090008000700060005000400030002000100000000
01010101010101010101010101010101010101010101010101010101010101010101010101010101010101010101010101010101010101010101010101010101
00010101010101010101010101010101010101010101010101010101010101000101010101010101010101010101010101010101010101010101010101010101
000A0009000800070006000500040003000200010000000107500650001C000D000C000B000A0009000800070006000500040003000200010000000E07500642
0006000500040003000200010000000F07500652001D000D000C000B000A0009000800070006000500040003000200010000000F07500651000F000D000C000B
00020001000000E00750066100EE000D000C000B000A000900080007000600050004000300020001000000E007500660001D000D000C000B000A000900080007
0750074000FC000D000C000B000A000900080007000600050004000300020001000000EE0750066200EE000D000C000B000A0009000800070006000500040003
0000000000000000000000000000000000000000000000000000000000000000001F000D000C000B000A00090008000700060005000400030002000100000011
01000000000000000000000000000001010101010101010101010101010101010101010101010101010101010101010101010101010101010101010101010101
01010101010101010101010101010101010101010101010101010101010101010101010101010101010101010101010101010101010101010101010101010101
000A0009000800070006000500040003000200010000001F07500742002D000D000C000B000A0009000800070006000500040003000200010000001F07500741
000600050004000300020001000000F00750075100FE000D000C000B000A000900080007000600050004000300020001000000F007500750002D000D000C000B
00020001000000F107500760010C000D000C000B000A000900080007000600050004000300020001000000FE0750075200FE000D000C000B000A000900080007
07500762010D000D000C000B000A000900080007000600050004000300020001000000FF0750076100FF000D000C000B000A0009000800070006000500040003
0000000000000000000000000000000000000000000000000000000000000000010D000D000C000B000A000900080007000600050004000300020001000000FF
02010101010101010101010101010102020101010101010101010101010101020201010101010101010101010101010202010101010101010101010101010102
02010101010101010101010101010102020101010101010101010101010101020201010101010101010101010101010202010101010101010101010101010102
000A00090008000700060005000400030002000100000000075008410000000D000C000B000A0009000800070006000500040003000200010000000007500840
00060005000400030002000100000000075008500000000D000C000B000A00090008000700060005000400030002000100000000075008420000000D000C000B
0002000100000000075008520000000D000C000B000A00090008000700060005000400030002000100000000075008510000000D000C000B000A000900080007
075008610000000D000C000B000A00090008000700060005000400030002000100000000075008600000000D000C000B000A0009000800070006000500040003
00000000000000000000000000000000000000000000000000000000000000000000000D000C000B000A00090008000700060005000400030002000100000000
01010101010101010101010101010101010101010101010101010101010101010101010101010101010101010101010102010101010101010101010101010102
01010101010101010101010101010101010101010101010101010101010101010101010101010101010101010101010101010101010101010101010101010101
000A00090008000700060005000400030002000100000000076006500000000D000C000B000A0009000800070006000500040003000200010000000007500862
0006000500040003000200010000000E07600652000E000D000C000B000A0009000800070006000500040003000200010000000007600651000E000D000C000B
000200010000000F07600661000F000D000C000B000A0009000800070006000500040003000200010000000107600660001C000D000C000B000A000900080007
07600670001D000D000C000B000A0009000800070006000500040003000200010000000F07600662001D000D000C000B000A0009000800070006000500040003
000000000000000000000000000000000000000000000000000000000000000000EE000D000C000B000A000900080007000600050004000300020001000000E0
01010101010101010101010101010101000101010101010101010101010101010101010101010101010101010101010001010101010101010101010101010101
01010101010101010101010101010101010000000000000000000000000000010101010101010101010101010101010101010101010101010101010101010101
000A000900080007000600050004000300020001000000EE0760067200EE000D000C000B000A000900080007000600050004000300020001000000E007600671
0006000500040003000200010000001F07600751001F000D000C000B000A000900080007000600050004000300020001000000110760075000FC000D000C000B
00020001000000F007600760002D000D000C000B000A0009000800070006000500040003000200010000001F07600752002D000D000C000B000A000900080007
0760076200FE000D000C000B000A000900080007000600050004000300020001000000F00760076100FE000D000C000B000A0009000800070006000500040003
0000000000000000000000000000000000000000000000000000000000000000010C000D000C000B000A000900080007000600050004000300020001000000FE
02010101010101010101010101010102010101010101010101010101010101010101010101010101010101010101010101010101010101010101010101010101
02010101010101010101010101010102020101010101010101010101010101020201010101010101010101010101010202010101010101010101010101010102
000A000900080007000600050004000300020001000000FF0760077100FF000D000C000B000A000900080007000600050004000300020001000000F107600770
0006000500040003000200010000000007600850010D000D000C000B000A000900080007000600050004000300020001000000FF07600772010D000D000C000B
0002000100000000076008520000000D000C000B000A00090008000700060005000400030002000100000000076008510000000D000C000B000A000900080007
076008610000000D000C000B000A00090008000700060005000400030002000100000000076008600000000D000C000B000A0009000800070006000500040003
00000000000000000000000000000000000000000000000000000000000000000000000D000C000B000A00090008000700060005000400030002000100000000
02010101010101010101010101010102020101010101010101010101010101020201010101010101010101010101010202010101010101010101010101010102
01010101010101010101010101010101010101010101010101010101010101010101010101010101010101010101010101010101010101010101010101010101
000A00090008000700060005000400030002000100000000076008700000000D000C000B000A0009000800070006000500040003000200010000000007600862
00060005000400030002000100000000076008720000000D000C000B000A00090008000700060005000400030002000100000000076008710000000D000C000B
000200010000000007700661000E000D000C000B000A00090008000700060005000400030002000100000000077006600000000D000C000B000A000900080007
07700670001C000D000C000B000A0009000800070006000500040003000200010000000E07700662000E000D000C000B000A0009000800070006000500040003
0000000000000000000000000000000000000000000000000000000000000000000F000D000C000B000A00090008000700060005000400030002000100000001
01010101010101010101010101010101010101010101010101010101010101010101010101010101010101010101010101010101010101010101010101010101
01010101010101010101010101010101010101010101010101010101010101010001010101010101010101010101010101010101010101010101010101010100
000A0009000800070006000500040003000200010000000F07700672001D000D000C000B000A0009000800070006000500040003000200010000000F07700671
000600050004000300020001000000E00770068100EE000D000C000B000A000900080007000600050004000300020001000000E007700680001D000D000C000B
00020001000000110770076000FC000D000C000B000A000900080007000600050004000300020001000000EE0770068200EE000D000C000B000A000900080007
07700762002D000D000C000B000A0009000800070006000500040003000200010000001F07700761001F000D000C000B000A0009000800070006000500040003
0000000000000000000000000000000000000000000000000000000000000000002D000D000C000B000A0009000800070006000500040003000200010000001F
01010101010101010101010101010101010101010101010101010101010101010100000000000000000000000000000101010101010101010101010101010101
02010101010101010101010101010102020101010101010101010101010101020101010101010101010101010101010101010101010101010101010101010101
000A000900080007000600050004000300020001000000F00770077100FE000D000C000B000A000900080007000600050004000300020001000000F007700770
000600050004000300020001000000F107700780010C000D000C000B000A000900080007000600050004000300020001000000FE0770077200FE000D000C000B
00020001000000FF07700782010D000D000C000B000A000900080007000600050004000300020001000000FF0770078100FF000D000C000B000A000900080007
077008610000000D000C000B000A0009000800070006000500040003000200010000000007700860010D000D000C000B000A0009000800070006000500040003
00000000000000000000000000000000000000000000000000000000000000000000000D000C000B000A00090008000700060005000400030002000100000000
02010101010101010101010101010102020101010101010101010101010101020201010101010101010101010101010202010101010101010101010101010102
01010101010101010101010101010101020101010101010101010101010101020201010101010101010101010101010202010101010101010101010101010102
000A00090008000700060005000400030002000100000000077008700000000D000C000B000A0009000800070006000500040003000200010000000007700862
00060005000400030002000100000000077008720000000D000C000B000A00090008000700060005000400030002000100000000077008710000000D000C000B
0002000100000000077008810000000D000C000B000A00090008000700060005000400030002000100000000077008800000000D000C000B000A000900080007
078006700000000D000C000B000A00090008000700060005000400030002000100000000077008820000000D000C000B000A0009000800070006000500040003
0000000000000000000000000000000000000000000000000000000000000000000E000D000C000B000A00090008000700060005000400030002000100000000
01010101010101010101010101010101010101010101010101010101010101010101010101010101010101010101010101010101010101010101010101010101
01010101010101010101010101010100010101010101010101010101010101010101010101010101010101010101010101010101010101010101010101010101
000A0009000800070006000500040003000200010000000E07800672000E000D000C000B000A0009000800070006000500040003000200010000000007800671
0006000500040003000200010000000F07800681000F000D000C000B000A0009000800070006000500040003000200010000000107800680001C000D000C000B
00020001000000E007800690001D000D000C000B000A0009000800070006000500040003000200010000000F07800682001D000D000C000B000A000900080007
0780069200EE000D000C000B000A000900080007000600050004000300020001000000E00780069100EE000D000C000B000A0009000800070006000500040003
000000000000000000000000000000000000000000000000000000000000000000FC000D000C000B000A000900080007000600050004000300020001000000EE
01010101010101010101010101010101010101010101010101010101010101010101010101010101010101010101010100010101010101010101010101010101
01010101010101010101010101010101010101010101010101010101010101010101010101010101010101010101010101000000000000000000000000000001
000A0009000800070006000500040003000200010000001F07800771001F000D000C000B000A0009000800070006000500040003000200010000001107800770
000600050004000300020001000000F007800780002D000D000C000B000A0009000800070006000500040003000200010000001F07800772002D000D000C000B
00020001000000FE0780078200FE000D000C000B000A000900080007000600050004000300020001000000F00780078100FE000D000C000B000A000900080007
0780079100FF000D000C000B000A000900080007000600050004000300020001000000F107800790010C000D000C000B000A0009000800070006000500040003
0000000000000000000000000000000000000000000000000000000000000000010D000D000C000B000A000900080007000600050004000300020001000000FF
02010101010101010101010101010102020101010101010101010101010101020201010101010101010101010101010201010101010101010101010101010101
02010101010101010101010101010102020101010101010101010101010101020201010101010101010101010101010202010101010101010101010101010102
000A0009000800070006000500040003000200010000000007800870010D000D000C000B000A000900080007000600050004000300020001000000FF07800792
00060005000400030002000100000000078008720000000D000C000B000A00090008000700060005000400030002000100000000078008710000000D000C000B
0002000100000000078008810000000D000C000B000A00090008000700060005000400030002000100000000078008800000000D000C000B000A000900080007
078008900000000D000C000B000A00090008000700060005000400030002000100000000078008820000000D000C000B000A0009000800070006000500040003
00000000000000000000000000000000000000000000000000000000000000000000000D000C000B000A00090008000700060005000400030002000100000000
01010101010101010101010101010101010101010101010101010101010101010201010101010101010101010101010202010101010101010101010101010102
01010101010101010101010101010101010101010101010101010101010101010101010101010101010101010101010101010101010101010101010101010101
000A00090008000700060005000400030002000100000000078008920000000D000C000B000A0009000800070006000500040003000200010000000007800891
0006000500040003000200010000000007900681000E000D000C000B000A00090008000700060005000400030002000100000000079006800000000D000C000B
000200010000000107900690001C000D000C000B000A0009000800070006000500040003000200010000000E07900682000E000D000C000B000A000900080007
07900692001D000D000C000B000A0009000800070006000500040003000200010000000F07900691000F000D000C000B000A0009000800070006000500040003
0000000000000000000000000000000000000000000000000000000000000000001D000D000C000B000A0009000800070006000500040003000200010000000F
00010101010101010101010101010101010101010101010101010101010101000101010101010101010101010101010101010101010101010101010101010101
01000000000000000000000000000001010101010101010101010101010101010101010101010101010101010101010101010101010101010101010101010101
000A000900080007000600050004000300020001000000E0079006A100EE000D000C000B000A000900080007000600050004000300020001000000E0079006A0
000600050004000300020001000000110790078000FC000D000C000B000A000900080007000600050004000300020001000000EE079006A200EE000D000C000B
000200010000001F07900782002D000D000C000B000A0009000800070006000500040003000200010000001F07900781001F000D000C000B000A000900080007
0790079100FE000D000C000B000A000900080007000600050004000300020001000000F007900790002D000D000C000B000A0009000800070006000500040003
000000000000000000000000000000000000000000000000000000000000000000FE000D000C000B000A000900080007000600050004000300020001000000F0
01010101010101010101010101010101010101010101010101010101010101010101010101010101010101010101010101010101010101010101010101010101
02010101010101010101010101010102020101010101010101010101010101020201010101010101010101010101010202010101010101010101010101010102
000A000900080007000600050004000300020001000000F1079007A0010C000D000C000B000A000900080007000600050004000300020001000000FE07900792
000600050004000300020001000000FF079007A2010D000D000C000B000A000900080007000600050004000300020001000000FF079007A100FF000D000C000B
0002000100000000079008810000000D000C000B000A0009000800070006000500040003000200010000000007900880010D000D000C000B000A000900080007
079008900000000D000C000B000A00090008000700060005000400030002000100000000079008820000000D000C000B000A0009000800070006000500040003
00000000000000000000000000000000000000000000000000000000000000000000000D000C000B000A00090008000700060005000400030002000100000000
02010101010101010101010101010102020101010101010101010101010101020201010101010101010101010101010202010101010101010101010101010102
01010101010101010101010101010101010101010101010101010101010101010101010101010101010101010101010102010101010101010101010101010102
000A00090008000700060005000400030002000100000000079008920000000D000C000B000A0009000800070006000500040003000200010000000007900891
00060005000400030002000100000000079008A10000000D000C000B000A00090008000700060005000400030002000100000000079008A00000000D000C000B
000200010000000007A006900000000D000C000B000A00090008000700060005000400030002000100000000079008A20000000D000C000B000A000900080007
07A00692000E000D000C000B000A0009000800070006000500040003000200010000000007A00691000E000D000C000B000A0009000800070006000500040003
0000000000000000000000000000000000000000000000000000000000000000001C000D000C000B000A0009000800070006000500040003000200010000000E
01010101010101010101010101010101010101010101010101010101010101010101010101010101010101010101010101010101010101010101010101010101
01010101010101010101010101010101000101010101010101010101010101010101010101010101010101010101010001010101010101010101010101010101
000A0009000800070006000500040003000200010000000F07A006A1000F000D000C000B000A0009000800070006000500040003000200010000000107A006A0
000600050004000300020001000000E007A006B0001D000D000C000B000A0009000800070006000500040003000200010000000F07A006A2001D000D000C000B
00020001000000EE07A006B200EE000D000C000B000A000900080007000600050004000300020001000000E007A006B100EE000D000C000B000A000900080007
07A00791001F000D000C000B000A0009000800070006000500040003000200010000001107A0079000FC000D000C000B000A0009000800070006000500040003
0000000000000000000000000000000000000000000000000000000000000000002D000D000C000B000A0009000800070006000500040003000200010000001F
01010101010101010101010101010101010000000000000000000000000000010101010101010101010101010101010101010101010101010101010101010101
02010101010101010101010101010102010101010101010101010101010101010101010101010101010101010101010101010101010101010101010101010101
000A000900080007000600050004000300020001000000F007A007A0002D000D000C000B000A0009000800070006000500040003000200010000001F07A00792
000600050004000300020001000000FE07A007A200FE000D000C000B000A000900080007000600050004000300020001000000F007A007A100FE000D000C000B
00020001000000FF07A007B100FF000D000C000B000A000900080007000600050004000300020001000000F107A007B0010C000D000C000B000A000900080007
07A00890010D000D000C000B000A000900080007000600050004000300020001000000FF07A007B2010D000D000C000B000A0009000800070006000500040003
00000000000000000000000000000000000000000000000000000000000000000000000D000C000B000A00090008000700060005000400030002000100000000
02010101010101010101010101010102020101010101010101010101010101020201010101010101010101010101010202010101010101010101010101010102
02010101010101010101010101010102020101010101010101010101010101020201010101010101010101010101010202010101010101010101010101010102
000A0009000800070006000500040003000200010000000007A008920000000D000C000B000A0009000800070006000500040003000200010000000007A00891
0006000500040003000200010000000007A008A10000000D000C000B000A0009000800070006000500040003000200010000000007A008A00000000D000C000B
000200010000000007A008B00000000D000C000B000A0009000800070006000500040003000200010000000007A008A20000000D000C000B000A000900080007
07A008B20000000D000C000B000A0009000800070006000500040003000200010000000007A008B10000000D000C000B000A0009000800070006000500040003
00000000000000000000000000000000000000000000000000000000000000000000000D000C000B000A00090008000700060005000400030002000100000000
01010101010101010101010101010101010101010101010101010101010101010101010101010101010101010101010101010101010101010101010101010101
01010101010101010101010101010101010101010101010101010101010101010101010101010101010101010101010101010101010101010101010101010101
000A0009000800070006000500040003000200010000000007B006A1000E000D000C000B000A0009000800070006000500040003000200010000000007B006A0
0006000500040003000200010000000107B006B0001C000D000C000B000A0009000800070006000500040003000200010000000E07B006A2000E000D000C000B
000200010000000F07B006B2001D000D000C000B000A0009000800070006000500040003000200010000000F07B006B1000F000D000C000B000A000900080007
07B006C100EE000D000C000B000A000900080007000600050004000300020001000000E007B006C0001D000D000C000B000A0009000800070006000500040003
000000000000000000000000000000000000000000000000000000000000000000EE000D000C000B000A000900080007000600050004000300020001000000E0
01010101010101010101010101010101010101010101010101010101010101010001010101010101010101010101010101010101010101010101010101010100
01010101010101010101010101010101010101010101010101010101010101010100000000000000000000000000000101010101010101010101010101010101
000A0009000800070006000500040003000200010000001107B007A000FC000D000C000B000A000900080007000600050004000300020001000000EE07B006C2
0006000500040003000200010000001F07B007A2002D000D000C000B000A0009000800070006000500040003000200010000001F07B007A1001F000D000C000B
00020001000000F007B007B100FE000D000C000B000A000900080007000600050004000300020001000000F007B007B0002D000D000C000B000A000900080007
07B007C0010C000D000C000B000A000900080007000600050004000300020001000000FE07B007B200FE000D000C000B000A0009000800070006000500040003
000000000000000000000000000000000000000000000000000000000000000000FF000D000C000B000A000900080007000600050004000300020001000000F1
02010101010101010101010101010102020101010101010101010101010101020101010101010101010101010101010101010101010101010101010101010101
02010101010101010101010101010102020101010101010101010101010101020201010101010101010101010101010202010101010101010101010101010102
000A000900080007000600050004000300020001000000FF07B007C2010D000D000C000B000A000900080007000600050004000300020001000000FF07B007C1
0006000500040003000200010000000007B008A10000000D000C000B000A0009000800070006000500040003000200010000000007B008A0010D000D000C000B
000200010000000007B008B00000000D000C000B000A0009000800070006000500040003000200010000000007B008A20000000D000C000B000A000900080007
07B008B20000000D000C000B000A0009000800070006000500040003000200010000000007B008B10000000D000C000B000A0009000800070006000500040003
00000000000000000000000000000000000000000000000000000000000000000000000D000C000B000A00090008000700060005000400030002000100000000
01010101010101010101010101010101020101010101010101010101010101020201010101010101010101010101010202010101010101010101010101010102
01010101010101010101010101010101010101010101010101010101010101010101010101010101010101010101010101010101010101010101010101010101
000A0009000800070006000500040003000200010000000007B008C10000000D000C000B000A0009000800070006000500040003000200010000000007B008C0
0006000500040003000200010000000007C006B00000000D000C000B000A0009000800070006000500040003000200010000000007B008C20000000D000C000B
000200010000000E07C006B2000E000D000C000B000A0009000800070006000500040003000200010000000007C006B1000E000D000C000B000A000900080007
07C006C1000F000D000C000B000A0009000800070006000500040003000200010000000107C006C0001C000D000C000B000A0009000800070006000500040003
0000000000000000000000000000000000000000000000000000000000000000001D000D000C000B000A0009000800070006000500040003000200010000000F
01010101010101010101010101010100010101010101010101010101010101010101010101010101010101010101010101010101010101010101010101010101
01010101010101010101010101010101010101010101010101010101010101010101010101010101010101010101010100010101010101010101010101010101
000A000900080007000600050004000300020001000000E007C006D0001D000D000C000B000A0009000800070006000500040003000200010000000F07C006C2
000600050004000300020001000000EE07C006D200EE000D000C000B000A000900080007000600050004000300020001000000E007C006D100EE000D000C000B
000200010000001F07C007B1001F000D000C000B000A0009000800070006000500040003000200010000001107C007B000FC000D000C000B000A000900080007
07C007C0002D000D000C000B000A0009000800070006000500040003000200010000001F07C007B2002D000D000C000B000A0009000800070006000500040003
000000000000000000000000000000000000000000000000000000000000000000FE000D000C000B000A000900080007000600050004000300020001000000F0
01010101010101010101010101010101010101010101010101010101010101010101010101010101010101010101010101000000000000000000000000000001
02010101010101010101010101010102020101010101010101010101010101020201010101010101010101010101010201010101010101010101010101010101
000A000900080007000600050004000300020001000000FE07C007C200FE000D000C000B000A000900080007000600050004000300020001000000F007C007C1
000600050004000300020001000000FF07C007D100FF000D000C000B000A000900080007000600050004000300020001000000F107C007D0010C000D000C000B
000200010000000007C008B0010D000D000C000B000A000900080007000600050004000300020001000000FF07C007D2010D000D000C000B000A000900080007
07C008B20000000D000C000B000A0009000800070006000500040003000200010000000007C008B10000000D000C000B000A0009000800070006000500040003
00000000000000000000000000000000000000000000000000000000000000000000000D000C000B000A00090008000700060005000400030002000100000000
02010101010101010101010101010102020101010101010101010101010101020201010101010101010101010101010202010101010101010101010101010102
01010101010101010101010101010101010101010101010101010101010101010201010101010101010101010101010202010101010101010101010101010102
000A0009000800070006000500040003000200010000000007C008C10000000D000C000B000A0009000800070006000500040003000200010000000007C008C0
0006000500040003000200010000000007C008D00000000D000C000B000A0009000800070006000500040003000200010000000007C008C20000000D000C000B
000200010000000007C008D20000000D000C000B000A0009000800070006000500040003000200010000000007C008D10000000D000C000B000A000900080007
07D006C1000E000D000C000B000A0009000800070006000500040003000200010000000007D006C00000000D000C000B000A0009000800070006000500040003
0000000000000000000000000000000000000000000000000000000000000000000E000D000C000B000A00090008000700060005000400030002000100000000
01010101010101010101010101010101010101010101010101010101010101010101010101010101010101010101010101010101010101010101010101010101
00010101010101010101010101010101010101010101010101010101010101000101010101010101010101010101010101010101010101010101010101010101
000A0009000800070006000500040003000200010000000107D006D0001C000D000C000B000A0009000800070006000500040003000200010000000E07D006C2
0006000500040003000200010000000F07D006D2001D000D000C000B000A0009000800070006000500040003000200010000000F07D006D1000F000D000C000B
00020001000000E007D006E100EE000D000C000B000A000900080007000600050004000300020001000000E007D006E0001D000D000C000B000A000900080007
07D007C000FC000D000C000B000A000900080007000600050004000300020001000000EE07D006E200EE000D000C000B000A0009000800070006000500040003
0000000000000000000000000000000000000000000000000000000000000000001F000D000C000B000A00090008000700060005000400030002000100000011
01000000000000000000000000000001010101010101010101010101010101010101010101010101010101010101010101010101010101010101010101010101
01010101010101010101010101010101010101010101010101010101010101010101010101010101010101010101010101010101010101010101010101010101
000A0009000800070006000500040003000200010000001F07D007C2002D000D000C000B000A0009000800070006000500040003000200010000001F07D007C1
000600050004000300020001000000F007D007D100FE000D000C000B000A000900080007000600050004000300020001000000F007D007D0002D000D000C000B
00020001000000F107D007E0010C000D000C000B000A000900080007000600050004000300020001000000FE07D007D200FE000D000C000B000A000900080007
07D007E2010D000D000C000B000A000900080007000600050004000300020001000000FF07D007E100FF000D000C000B000A0009000800070006000500040003
0000000000000000000000000000000000000000000000000000000000000000010D000D000C000B000A000900080007000600050004000300020001000000FF
02010101010101010101010101010102020101010101010101010101010101020201010101010101010101010101010202010101010101010101010101010102
02010101010101010101010101010102020101010101010101010101010101020201010101010101010101010101010202010101010101010101010101010102
000A0009000800070006000500040003000200010000000007D008C10000000D000C000B000A0009000800070006000500040003000200010000000007D008C0
0006000500040003000200010000000007D008D00000000D000C000B000A0009000800070006000500040003000200010000000007D008C20000000D000C000B
000200010000000007D008D20000000D000C000B000A0009000800070006000500040003000200010000000007D008D10000000D000C000B000A000900080007
07D008E10000000D000C000B000A0009000800070006000500040003000200010000000007D008E00000000D000C000B000A0009000800070006000500040003
00000000000000000000000000000000000000000000000000000000000000000000000D000C000B000A00090008000700060005000400030002000100000000
01010101010101010101010101010101010101010101010101010101010101010101010101010101010101010101010102010101010101010101010101010102
01010101010101010101010101010101010101010101010101010101010101010101010101010101010101010101010101010101010101010101010101010101
000A0009000800070006000500040003000200010000000007E006D00000000D000C000B000A0009000800070006000500040003000200010000000007D008E2
0006000500040003000200010000000E07E006D2000E000D000C000B000A0009000800070006000500040003000200010000000007E006D1000E000D000C000B
000200010000000F07E006E1000F000D000C000B000A0009000800070006000500040003000200010000000107E006E0001C000D000C000B000A000900080007
07E006F0001D000D000C000B000A0009000800070006000500040003000200010000000F07E006E2001D000D000C000B000A0009000800070006000500040003
000000000000000000000000000000000000000000000000000000000000000000EE000D000C000B000A000900080007000600050004000300020001000000E0
01010101010101010101010101010101000101010101010101010101010101010101010101010101010101010101010001010101010101010101010101010101
01010101010101010101010101010101010000000000000000000000000000010101010101010101010101010101010101010101010101010101010101010101
000A000900080007000600050004000300020001000000EE07E006F200EE000D000C000B000A000900080007000600050004000300020001000000E007E006F1
0006000500040003000200010000001F07E007D1001F000D000C000B000A0009000800070006000500040003000200010000001107E007D000FC000D000C000B
00020001000000F007E007E0002D000D000C000B000A0009000800070006000500040003000200010000001F07E007D2002D000D000C000B000A000900080007
07E007E200FE000D000C000B000A000900080007000600050004000300020001000000F007E007E100FE000D000C000B000A0009000800070006000500040003
0000000000000000000000000000000000000000000000000000000000000000010C000D000C000B000A000900080007000600050004000300020001000000FE
02010101010101010101010101010102010101010101010101010101010101010101010101010101010101010101010101010101010101010101010101010101
02010101010101010101010101010102020101010101010101010101010101020201010101010101010101010101010202010101010101010101010101010102
000A000900080007000600050004000300020001000000FF07E007F100FF000D000C000B000A000900080007000600050004000300020001000000F107E007F0
0006000500040003000200010000000007E008D0010D000D000C000B000A000900080007000600050004000300020001000000FF07E007F2010D000D000C000B
000200010000000007E008D20000000D000C000B000A0009000800070006000500040003000200010000000007E008D10000000D000C000B000A000900080007
07E008E10000000D000C000B000A0009000800070006000500040003000200010000000007E008E00000000D000C000B000A0009000800070006000500040003
00000000000000000000000000000000000000000000000000000000000000000000000D000C000B000A00090008000700060005000400030002000100000000
02010101010101010101010101010102020101010101010101010101010101020201010101010101010101010101010202010101010101010101010101010102
01010101010101010101010101010101010101010101010101010101010101010101010101010101010101010101010101010101010101010101010101010101
000A0009000800070006000500040003000200010000000007E008F00000000D000C000B000A0009000800070006000500040003000200010000000007E008E2
0006000500040003000200010000000007E008F20000000D000C000B000A0009000800070006000500040003000200010000000007E008F10000000D000C000B
000200010000000007F006E1000E000D000C000B000A0009000800070006000500040003000200010000000007F006E00000000D000C000B000A000900080007
07F006F0001C000D000C000B000A0009000800070006000500040003000200010000000E07F006E2000E000D000C000B000A0009000800070006000500040003
0000000000000000000000000000000000000000000000000000000000000000000F000D000C000B000A00090008000700060005000400030002000100000001
00010101010101010101010101010101010101010101010101010101010101000101010101010101010101010101010101010101010101010101010101010101
01010101010101010101010101010101010000000000000000000000000000010101010101010101010101010101010101010101010101010101010101010101
000A000900080007000600050004000300020001000000EF07F006F200FD000D000C000B000A000900080007000600050004000300020001000000EF07F006F1
0006000500040003000200010000001007F007E1001E000D000C000B000A0009000800070006000500040003000200010000001007F007E000FD000D000C000B
00020001000000F107F007F0010C000D000C000B000A000900080007000600050004000300020001000000FE07F007E2001E000D000C000B000A000900080007
07F007F2010D000D000C000B000A000900080007000600050004000300020001000000FF07F007F100FF000D000C000B000A0009000800070006000500040003
0000000000000000000000000000000000000000000000000000000000000000010D000D000C000B000A000900080007000600050004000300020001000000FF
02010101010101010101010101010102020101010101010101010101010101020201010101010101010101010101010202010101010101010101010101010102
01010101010101010101010101010101010101010101010101010101010101010201010101010101010101010101010202010101010101010101010101010102
000A0009000800070006000500040003000200010000000007F008E10000000D000C000B000A0009000800070006000500040003000200010000000007F008E0
0006000500040003000200010000000007F008F00000000D000C000B000A0009000800070006000500040003000200010000000007F008E20000000D000C000B
000200010000000007F008F20000000D000C000B000A0009000800070006000500040003000200010000000007F008F10000000D000C000B000A000900080007
08000701000E000D000C000B000A00090008000700060005000400030002000100000000080007000000000D000C000B000A0009000800070006000500040003
0000000000000000000000000000000000000000000000000000000000000000000E000D000C000B000A00090008000700060005000400030002000100000000
00010101010101010101010101010101010101010101010101010101010101000101010101010101010101010101010101010101010101010101010101010101
01010101010101010101010101010101010101010101010101010101010101010100000000000000000000000000000101010101010101010101010101010101
000A0009000800070006000500040003000200010000000108000710001C000D000C000B000A0009000800070006000500040003000200010000000E08000702
000600050004000300020001000000EF0800071200FD000D000C000B000A000900080007000600050004000300020001000000EF08000711000F000D000C000B
000200010000001008000801001E000D000C000B000A000900080007000600050004000300020001000000100800080000FD000D000C000B000A000900080007
08000810010C000D000C000B000A000900080007000600050004000300020001000000FE08000802001E000D000C000B000A0009000800070006000500040003
000000000000000000000000000000000000000000000000000000000000000000FF000D000C000B000A000900080007000600050004000300020001000000F1
02010101010101010101010101010102020101010101010101010101010101020101010101010101010101010101010101010101010101010101010101010101
02010101010101010101010101010102020101010101010101010101010101020201010101010101010101010101010202010101010101010101010101010102
000A000900080007000600050004000300020001000000FF08000812010D000D000C000B000A000900080007000600050004000300020001000000FF08000811
00060005000400030002000100000000080009010000000D000C000B000A0009000800070006000500040003000200010000000008000900010D000D000C000B
0002000100000000080009100000000D000C000B000A00090008000700060005000400030002000100000000080009020000000D000C000B000A000900080007
080009120000000D000C000B000A00090008000700060005000400030002000100000000080009110000000D000C000B000A0009000800070006000500040003
00000000000000000000000000000000000000000000000000000000000000000000000D000C000B000A00090008000700060005000400030002000100000000
01010101010101010101010101010101010101010101010101010101010101010101010101010101010101010101010101010101010101010101010101010101
01010101010101010101010101010101010101010101010101010101010101010101010101010101010101010101010101010101010101010101010101010101
000A0009000800070006000500040003000200010000000008100701000E000D000C000B000A0009000800070006000500040003000200010000000008100700
0006000500040003000200010000000108100710001C000D000C000B000A0009000800070006000500040003000200010000000E08100702000E000D000C000B
000200010000000F08100712001D000D000C000B000A0009000800070006000500040003000200010000000F08100711000F000D000C000B000A000900080007
0810072100EE000D000C000B000A000900080007000600050004000300020001000000E008100720001D000D000C000B000A0009000800070006000500040003
000000000000000000000000000000000000000000000000000000000000000000EE000D000C000B000A000900080007000600050004000300020001000000E0
01010101010101010101010101010101010101010101010101010101010101010001010101010101010101010101010101010101010101010101010101010100
01010101010101010101010101010101010101010101010101010101010101010100000000000000000000000000000101010101010101010101010101010101
000A000900080007000600050004000300020001000000110810080000FC000D000C000B000A000900080007000600050004000300020001000000EE08100722
0006000500040003000200010000001F08100802002D000D000C000B000A0009000800070006000500040003000200010000001F08100801001F000D000C000B
00020001000000F00810081100FE000D000C000B000A000900080007000600050004000300020001000000F008100810002D000D000C000B000A000900080007
08100820010C000D000C000B000A000900080007000600050004000300020001000000FE0810081200FE000D000C000B000A0009000800070006000500040003
000000000000000000000000000000000000000000000000000000000000000000FF000D000C000B000A000900080007000600050004000300020001000000F1
02010101010101010101010101010102020101010101010101010101010101020101010101010101010101010101010101010101010101010101010101010101
02010101010101010101010101010102020101010101010101010101010101020201010101010101010101010101010202010101010101010101010101010102
000A000900080007000600050004000300020001000000FF08100822010D000D000C000B000A000900080007000600050004000300020001000000FF08100821
00060005000400030002000100000000081009010000000D000C000B000A0009000800070006000500040003000200010000000008100900010D000D000C000B
0002000100000000081009100000000D000C000B000A00090008000700060005000400030002000100000000081009020000000D000C000B000A000900080007
081009120000000D000C000B000A00090008000700060005000400030002000100000000081009110000000D000C000B000A0009000800070006000500040003
00000000000000000000000000000000000000000000000000000000000000000000000D000C000B000A00090008000700060005000400030002000100000000
01010101010101010101010101010101020101010101010101010101010101020201010101010101010101010101010202010101010101010101010101010102
01010101010101010101010101010101010101010101010101010101010101010101010101010101010101010101010101010101010101010101010101010101
000A00090008000700060005000400030002000100000000081009210000000D000C000B000A0009000800070006000500040003000200010000000008100920
00060005000400030002000100000000082007100000000D000C000B000A00090008000700060005000400030002000100000000081009220000000D000C000B
000200010000000E08200712000E000D000C000B000A0009000800070006000500040003000200010000000008200711000E000D000C000B000A000900080007
08200721000F000D000C000B000A0009000800070006000500040003000200010000000108200720001C000D000C000B000A0009000800070006000500040003
0000000000000000000000000000000000000000000000000000000000000000001D000D000C000B000A0009000800070006000500040003000200010000000F
01010101010101010101010101010100010101010101010101010101010101010101010101010101010101010101010101010101010101010101010101010101
01010101010101010101010101010101010101010101010101010101010101010101010101010101010101010101010100010101010101010101010101010101
000A000900080007000600050004000300020001000000E008200730001D000D000C000B000A0009000800070006000500040003000200010000000F08200722
000600050004000300020001000000EE0820073200EE000D000C000B000A000900080007000600050004000300020001000000E00820073100EE000D000C000B
000200010000001F08200811001F000D000C000B000A000900080007000600050004000300020001000000110820081000FC000D000C000B000A000900080007
08200820002D000D000C000B000A0009000800070006000500040003000200010000001F08200812002D000D000C000B000A0009000800070006000500040003
000000000000000000000000000000000000000000000000000000000000000000FE000D000C000B000A000900080007000600050004000300020001000000F0
01010101010101010101010101010101010101010101010101010101010101010101010101010101010101010101010101000000000000000000000000000001
02010101010101010101010101010102020101010101010101010101010101020201010101010101010101010101010201010101010101010101010101010101
000A000900080007000600050004000300020001000000FE0820082200FE000D000C000B000A000900080007000600050004000300020001000000F008200821
000600050004000300020001000000FF0820083100FF000D000C000B000A000900080007000600050004000300020001000000F108200830010C000D000C000B
000200010000000008200910010D000D000C000B000A000900080007000600050004000300020001000000FF08200832010D000D000C000B000A000900080007
082009120000000D000C000B000A00090008000700060005000400030002000100000000082009110000000D000C000B000A0009000800070006000500040003
00000000000000000000000000000000000000000000000000000000000000000000000D000C000B000A00090008000700060005000400030002000100000000
02010101010101010101010101010102020101010101010101010101010101020201010101010101010101010101010202010101010101010101010101010102
01010101010101010101010101010101010101010101010101010101010101010201010101010101010101010101010202010101010101010101010101010102
000A00090008000700060005000400030002000100000000082009210000000D000C000B000A0009000800070006000500040003000200010000000008200920
00060005000400030002000100000000082009300000000D000C000B000A00090008000700060005000400030002000100000000082009220000000D000C000B
0002000100000000082009320000000D000C000B000A00090008000700060005000400030002000100000000082009310000000D000C000B000A000900080007
08300721000E000D000C000B000A00090008000700060005000400030002000100000000083007200000000D000C000B000A0009000800070006000500040003
0000000000000000000000000000000000000000000000000000000000000000000E000D000C000B000A00090008000700060005000400030002000100000000
01010101010101010101010101010101010101010101010101010101010101010101010101010101010101010101010101010101010101010101010101010101
00010101010101010101010101010101010101010101010101010101010101000101010101010101010101010101010101010101010101010101010101010101
000A0009000800070006000500040003000200010000000108300730001C000D000C000B000A0009000800070006000500040003000200010000000E08300722
0006000500040003000200010000000F08300732001D000D000C000B000A0009000800070006000500040003000200010000000F08300731000F000D000C000B
00020001000000E00830074100EE000D000C000B000A000900080007000600050004000300020001000000E008300740001D000D000C000B000A000900080007
0830082000FC000D000C000B000A000900080007000600050004000300020001000000EE0830074200EE000D000C000B000A0009000800070006000500040003
0000000000000000000000000000000000000000000000000000000000000000001F000D000C000B000A00090008000700060005000400030002000100000011
01000000000000000000000000000001010101010101010101010101010101010101010101010101010101010101010101010101010101010101010101010101
01010101010101010101010101010101010101010101010101010101010101010101010101010101010101010101010101010101010101010101010101010101
000A0009000800070006000500040003000200010000001F08300822002D000D000C000B000A0009000800070006000500040003000200010000001F08300821
000600050004000300020001000000F00830083100FE000D000C000B000A000900080007000600050004000300020001000000F008300830002D000D000C000B
00020001000000F108300840010C000D000C000B000A000900080007000600050004000300020001000000FE0830083200FE000D000C000B000A000900080007
08300842010D000D000C000B000A000900080007000600050004000300020001000000FF0830084100FF000D000C000B000A0009000800070006000500040003
0000000000000000000000000000000000000000000000000000000000000000010D000D000C000B000A000900080007000600050004000300020001000000FF
02010101010101010101010101010102020101010101010101010101010101020201010101010101010101010101010202010101010101010101010101010102
02010101010101010101010101010102020101010101010101010101010101020201010101010101010101010101010202010101010101010101010101010102
000A00090008000700060005000400030002000100000000083009210000000D000C000B000A0009000800070006000500040003000200010000000008300920
00060005000400030002000100000000083009300000000D000C000B000A00090008000700060005000400030002000100000000083009220000000D000C000B
0002000100000000083009320000000D000C000B000A00090008000700060005000400030002000100000000083009310000000D000C000B000A000900080007
083009410000000D000C000B000A00090008000700060005000400030002000100000000083009400000000D000C000B000A0009000800070006000500040003
00000000000000000000000000000000000000000000000000000000000000000000000D000C000B000A00090008000700060005000400030002000100000000
01010101010101010101010101010101010101010101010101010101010101010101010101010101010101010101010102010101010101010101010101010102
01010101010101010101010101010101010101010101010101010101010101010101010101010101010101010101010101010101010101010101010101010101
000A00090008000700060005000400030002000100000000084007300000000D000C000B000A0009000800070006000500040003000200010000000008300942
0006000500040003000200010000000E08400732000E000D000C000B000A0009000800070006000500040003000200010000000008400731000E000D000C000B
000200010000000F08400741000F000D000C000B000A0009000800070006000500040003000200010000000108400740001C000D000C000B000A000900080007
08400750001D000D000C000B000A0009000800070006000500040003000200010000000F08400742001D000D000C000B000A0009000800070006000500040003
000000000000000000000000000000000000000000000000000000000000000000EE000D000C000B000A000900080007000600050004000300020001000000E0
01010101010101010101010101010101000101010101010101010101010101010101010101010101010101010101010001010101010101010101010101010101
01010101010101010101010101010101010000000000000000000000000000010101010101010101010101010101010101010101010101010101010101010101
000A000900080007000600050004000300020001000000EE0840075200EE000D000C000B000A000900080007000600050004000300020001000000E008400751
0006000500040003000200010000001F08400831001F000D000C000B000A000900080007000600050004000300020001000000110840083000FC000D000C000B
00020001000000F008400840002D000D000C000B000A0009000800070006000500040003000200010000001F08400832002D000D000C000B000A000900080007
0840084200FE000D000C000B000A000900080007000600050004000300020001000000F00840084100FE000D000C000B000A0009000800070006000500040003
0000000000000000000000000000000000000000000000000000000000000000010C000D000C000B000A000900080007000600050004000300020001000000FE
02010101010101010101010101010102010101010101010101010101010101010101010101010101010101010101010101010101010101010101010101010101
02010101010101010101010101010102020101010101010101010101010101020201010101010101010101010101010202010101010101010101010101010102
000A000900080007000600050004000300020001000000FF0840085100FF000D000C000B000A000900080007000600050004000300020001000000F108400850
0006000500040003000200010000000008400930010D000D000C000B000A000900080007000600050004000300020001000000FF08400852010D000D000C000B
0002000100000000084009320000000D000C000B000A00090008000700060005000400030002000100000000084009310000000D000C000B000A000900080007
084009410000000D000C000B000A00090008000700060005000400030002000100000000084009400000000D000C000B000A0009000800070006000500040003
00000000000000000000000000000000000000000000000000000000000000000000000D000C000B000A00090008000700060005000400030002000100000000
02010101010101010101010101010102020101010101010101010101010101020201010101010101010101010101010202010101010101010101010101010102
01010101010101010101010101010101010101010101010101010101010101010101010101010101010101010101010101010101010101010101010101010101
000A00090008000700060005000400030002000100000000084009500000000D000C000B000A0009000800070006000500040003000200010000000008400942
00060005000400030002000100000000084009520000000D000C000B000A00090008000700060005000400030002000100000000084009510000000D000C000B
000200010000000008500741000E000D000C000B000A00090008000700060005000400030002000100000000085007400000000D000C000B000A000900080007
08500750001C000D000C000B000A0009000800070006000500040003000200010000000E08500742000E000D000C000B000A0009000800070006000500040003
0000000000000000000000000000000000000000000000000000000000000000000F000D000C000B000A00090008000700060005000400030002000100000001
01010101010101010101010101010101010101010101010101010101010101010101010101010101010101010101010101010101010101010101010101010101
01010101010101010101010101010101010101010101010101010101010101010001010101010101010101010101010101010101010101010101010101010100
000A0009000800070006000500040003000200010000000F08500752001D000D000C000B000A0009000800070006000500040003000200010000000F08500751
000600050004000300020001000000E00850076100EE000D000C000B000A000900080007000600050004000300020001000000E008500760001D000D000C000B
00020001000000110850084000FC000D000C000B000A000900080007000600050004000300020001000000EE0850076200EE000D000C000B000A000900080007
08500842002D000D000C000B000A0009000800070006000500040003000200010000001F08500841001F000D000C000B000A0009000800070006000500040003
0000000000000000000000000000000000000000000000000000000000000000002D000D000C000B000A0009000800070006000500040003000200010000001F
01010101010101010101010101010101010101010101010101010101010101010100000000000000000000000000000101010101010101010101010101010101
02010101010101010101010101010102020101010101010101010101010101020101010101010101010101010101010101010101010101010101010101010101
000A000900080007000600050004000300020001000000F00850085100FE000D000C000B000A000900080007000600050004000300020001000000F008500850
000600050004000300020001000000F108500860010C000D000C000B000A000900080007000600050004000300020001000000FE0850085200FE000D000C000B
00020001000000FF08500862010D000D000C000B000A000900080007000600050004000300020001000000FF0850086100FF000D000C000B000A000900080007
085009410000000D000C000B000A0009000800070006000500040003000200010000000008500940010D000D000C000B000A0009000800070006000500040003
00000000000000000000000000000000000000000000000000000000000000000000000D000C000B000A00090008000700060005000400030002000100000000
02010101010101010101010101010102020101010101010101010101010101020201010101010101010101010101010202010101010101010101010101010102
01010101010101010101010101010101020101010101010101010101010101020201010101010101010101010101010202010101010101010101010101010102
000A00090008000700060005000400030002000100000000085009500000000D000C000B000A0009000800070006000500040003000200010000000008500942
00060005000400030002000100000000085009520000000D000C000B000A00090008000700060005000400030002000100000000085009510000000D000C000B
0002000100000000085009610000000D000C000B000A00090008000700060005000400030002000100000000085009600000000D000C000B000A000900080007
086007500000000D000C000B000A00090008000700060005000400030002000100000000085009620000000D000C000B000A0009000800070006000500040003
0000000000000000000000000000000000000000000000000000000000000000000E000D000C000B000A00090008000700060005000400030002000100000000
01010101010101010101010101010101010101010101010101010101010101010101010101010101010101010101010101010101010101010101010101010101
01010101010101010101010101010100010101010101010101010101010101010101010101010101010101010101010101010101010101010101010101010101
000A0009000800070006000500040003000200010000000E08600752000E000D000C000B000A0009000800070006000500040003000200010000000008600751
0006000500040003000200010000000F08600761000F000D000C000B000A0009000800070006000500040003000200010000000108600760001C000D000C000B
00020001000000E008600770001D000D000C000B000A0009000800070006000500040003000200010000000F08600762001D000D000C000B000A000900080007
0860077200EE000D000C000B000A000900080007000600050004000300020001000000E00860077100EE000D000C000B000A0009000800070006000500040003
000000000000000000000000000000000000000000000000000000000000000000FC000D000C000B000A000900080007000600050004000300020001000000EE
01010101010101010101010101010101010101010101010101010101010101010101010101010101010101010101010100010101010101010101010101010101
01010101010101010101010101010101010101010101010101010101010101010101010101010101010101010101010101000000000000000000000000000001
000A0009000800070006000500040003000200010000001F08600851001F000D000C000B000A0009000800070006000500040003000200010000001108600850
000600050004000300020001000000F008600860002D000D000C000B000A0009000800070006000500040003000200010000001F08600852002D000D000C000B
00020001000000FE0860086200FE000D000C000B000A000900080007000600050004000300020001000000F00860086100FE000D000C000B000A000900080007
0860087100FF000D000C000B000A000900080007000600050004000300020001000000F108600870010C000D000C000B000A0009000800070006000500040003
0000000000000000000000000000000000000000000000000000000000000000010D000D000C000B000A000900080007000600050004000300020001000000FF
02010101010101010101010101010102020101010101010101010101010101020201010101010101010101010101010201010101010101010101010101010101
02010101010101010101010101010102020101010101010101010101010101020201010101010101010101010101010202010101010101010101010101010102
000A0009000800070006000500040003000200010000000008600950010D000D000C000B000A000900080007000600050004000300020001000000FF08600872
00060005000400030002000100000000086009520000000D000C000B000A00090008000700060005000400030002000100000000086009510000000D000C000B
0002000100000000086009610000000D000C000B000A00090008000700060005000400030002000100000000086009600000000D000C000B000A000900080007
086009700000000D000C000B000A00090008000700060005000400030002000100000000086009620000000D000C000B000A0009000800070006000500040003
00000000000000000000000000000000000000000000000000000000000000000000000D000C000B000A00090008000700060005000400030002000100000000
01010101010101010101010101010101010101010101010101010101010101010201010101010101010101010101010202010101010101010101010101010102
01010101010101010101010101010101010101010101010101010101010101010101010101010101010101010101010101010101010101010101010101010101
000A00090008000700060005000400030002000100000000086009720000000D000C000B000A0009000800070006000500040003000200010000000008600971
0006000500040003000200010000000008700761000E000D000C000B000A00090008000700060005000400030002000100000000087007600000000D000C000B
000200010000000108700770001C000D000C000B000A0009000800070006000500040003000200010000000E08700762000E000D000C000B000A000900080007
08700772001D000D000C000B000A0009000800070006000500040003000200010000000F08700771000F000D000C000B000A0009000800070006000500040003
0000000000000000000000000000000000000000000000000000000000000000001D000D000C000B000A0009000800070006000500040003000200010000000F
00010101010101010101010101010101010101010101010101010101010101000101010101010101010101010101010101010101010101010101010101010101
01000000000000000000000000000001010101010101010101010101010101010101010101010101010101010101010101010101010101010101010101010101
000A000900080007000600050004000300020001000000E00870078100EE000D000C000B000A000900080007000600050004000300020001000000E008700780
000600050004000300020001000000110870086000FC000D000C000B000A000900080007000600050004000300020001000000EE0870078200EE000D000C000B
000200010000001F08700862002D000D000C000B000A0009000800070006000500040003000200010000001F08700861001F000D000C000B000A000900080007
0870087100FE000D000C000B000A000900080007000600050004000300020001000000F008700870002D000D000C000B000A0009000800070006000500040003
000000000000000000000000000000000000000000000000000000000000000000FE000D000C000B000A000900080007000600050004000300020001000000F0
01010101010101010101010101010101010101010101010101010101010101010101010101010101010101010101010101010101010101010101010101010101
02010101010101010101010101010102020101010101010101010101010101020201010101010101010101010101010202010101010101010101010101010102
000A000900080007000600050004000300020001000000F108700880010C000D000C000B000A000900080007000600050004000300020001000000FE08700872
000600050004000300020001000000FF08700882010D000D000C000B000A000900080007000600050004000300020001000000FF0870088100FF000D000C000B
0002000100000000087009610000000D000C000B000A0009000800070006000500040003000200010000000008700960010D000D000C000B000A000900080007
087009700000000D000C000B000A00090008000700060005000400030002000100000000087009620000000D000C000B000A0009000800070006000500040003
00000000000000000000000000000000000000000000000000000000000000000000000D000C000B000A00090008000700060005000400030002000100000000
02010101010101010101010101010102020101010101010101010101010101020201010101010101010101010101010202010101010101010101010101010102
01010101010101010101010101010101010101010101010101010101010101010101010101010101010101010101010102010101010101010101010101010102
000A00090008000700060005000400030002000100000000087009720000000D000C000B000A0009000800070006000500040003000200010000000008700971
00060005000400030002000100000000087009810000000D000C000B000A00090008000700060005000400030002000100000000087009800000000D000C000B
0002000100000000088007700000000D000C000B000A00090008000700060005000400030002000100000000087009820000000D000C000B000A000900080007
08800772000E000D000C000B000A0009000800070006000500040003000200010000000008800771000E000D000C000B000A0009000800070006000500040003
0000000000000000000000000000000000000000000000000000000000000000001C000D000C000B000A0009000800070006000500040003000200010000000E
01010101010101010101010101010101010101010101010101010101010101010101010101010101010101010101010101010101010101010101010101010101
01010101010101010101010101010101000101010101010101010101010101010101010101010101010101010101010001010101010101010101010101010101
000A0009000800070006000500040003000200010000000F08800781000F000D000C000B000A0009000800070006000500040003000200010000000108800780
000600050004000300020001000000E008800790001D000D000C000B000A0009000800070006000500040003000200010000000F08800782001D000D000C000B
00020001000000EE0880079200EE000D000C000B000A000900080007000600050004000300020001000000E00880079100EE000D000C000B000A000900080007
08800871001F000D000C000B000A000900080007000600050004000300020001000000110880087000FC000D000C000B000A0009000800070006000500040003
0000000000000000000000000000000000000000000000000000000000000000002D000D000C000B000A0009000800070006000500040003000200010000001F
01010101010101010101010101010101010000000000000000000000000000010101010101010101010101010101010101010101010101010101010101010101
02010101010101010101010101010102010101010101010101010101010101010101010101010101010101010101010101010101010101010101010101010101
000A000900080007000600050004000300020001000000F008800880002D000D000C000B000A0009000800070006000500040003000200010000001F08800872
000600050004000300020001000000FE0880088200FE000D000C000B000A000900080007000600050004000300020001000000F00880088100FE000D000C000B
00020001000000FF0880089100FF000D000C000B000A000900080007000600050004000300020001000000F108800890010C000D000C000B000A000900080007
08800970010D000D000C000B000A000900080007000600050004000300020001000000FF08800892010D000D000C000B000A0009000800070006000500040003
00000000000000000000000000000000000000000000000000000000000000000000000D000C000B000A00090008000700060005000400030002000100000000
02010101010101010101010101010102020101010101010101010101010101020201010101010101010101010101010202010101010101010101010101010102
02010101010101010101010101010102020101010101010101010101010101020201010101010101010101010101010202010101010101010101010101010102
000A00090008000700060005000400030002000100000000088009720000000D000C000B000A0009000800070006000500040003000200010000000008800971
00060005000400030002000100000000088009810000000D000C000B000A00090008000700060005000400030002000100000000088009800000000D000C000B
0002000100000000088009900000000D000C000B000A00090008000700060005000400030002000100000000088009820000000D000C000B000A000900080007
088009920000000D000C000B000A00090008000700060005000400030002000100000000088009910000000D000C000B000A0009000800070006000500040003
00000000000000000000000000000000000000000000000000000000000000000000000D000C000B000A00090008000700060005000400030002000100000000
01010101010101010101010101010101010101010101010101010101010101010101010101010101010101010101010101010101010101010101010101010101
01010101010101010101010101010101010101010101010101010101010101010101010101010101010101010101010101010101010101010101010101010101
000A0009000800070006000500040003000200010000000008900781000E000D000C000B000A0009000800070006000500040003000200010000000008900780
0006000500040003000200010000000108900790001C000D000C000B000A0009000800070006000500040003000200010000000E08900782000E000D000C000B
000200010000000F08900792001D000D000C000B000A0009000800070006000500040003000200010000000F08900791000F000D000C000B000A000900080007
089007A100EE000D000C000B000A000900080007000600050004000300020001000000E0089007A0001D000D000C000B000A0009000800070006000500040003
000000000000000000000000000000000000000000000000000000000000000000EE000D000C000B000A000900080007000600050004000300020001000000E0
01010101010101010101010101010101010101010101010101010101010101010001010101010101010101010101010101010101010101010101010101010100
01010101010101010101010101010101010101010101010101010101010101010100000000000000000000000000000101010101010101010101010101010101
000A000900080007000600050004000300020001000000110890088000FC000D000C000B000A000900080007000600050004000300020001000000EE089007A2
0006000500040003000200010000001F08900882002D000D000C000B000A0009000800070006000500040003000200010000001F08900881001F000D000C000B
00020001000000F00890089100FE000D000C000B000A000900080007000600050004000300020001000000F008900890002D000D000C000B000A000900080007
089008A0010C000D000C000B000A000900080007000600050004000300020001000000FE0890089200FE000D000C000B000A0009000800070006000500040003
000000000000000000000000000000000000000000000000000000000000000000FF000D000C000B000A000900080007000600050004000300020001000000F1
02010101010101010101010101010102020101010101010101010101010101020101010101010101010101010101010101010101010101010101010101010101
02010101010101010101010101010102020101010101010101010101010101020201010101010101010101010101010202010101010101010101010101010102
000A000900080007000600050004000300020001000000FF089008A2010D000D000C000B000A000900080007000600050004000300020001000000FF089008A1
00060005000400030002000100000000089009810000000D000C000B000A0009000800070006000500040003000200010000000008900980010D000D000C000B
0002000100000000089009900000000D000C000B000A00090008000700060005000400030002000100000000089009820000000D000C000B000A000900080007
089009920000000D000C000B000A00090008000700060005000400030002000100000000089009910000000D000C000B000A0009000800070006000500040003
00000000000000000000000000000000000000000000000000000000000000000000000D000C000B000A00090008000700060005000400030002000100000000
01010101010101010101010101010101020101010101010101010101010101020201010101010101010101010101010202010101010101010101010101010102
01010101010101010101010101010101010101010101010101010101010101010101010101010101010101010101010101010101010101010101010101010101
000A00090008000700060005000400030002000100000000089009A10000000D000C000B000A00090008000700060005000400030002000100000000089009A0
0006000500040003000200010000000008A007900000000D000C000B000A00090008000700060005000400030002000100000000089009A20000000D000C000B
000200010000000E08A00792000E000D000C000B000A0009000800070006000500040003000200010000000008A00791000E000D000C000B000A000900080007
08A007A1000F000D000C000B000A0009000800070006000500040003000200010000000108A007A0001C000D000C000B000A0009000800070006000500040003
0000000000000000000000000000000000000000000000000000000000000000001D000D000C000B000A0009000800070006000500040003000200010000000F
01010101010101010101010101010100010101010101010101010101010101010101010101010101010101010101010101010101010101010101010101010101
01010101010101010101010101010101010101010101010101010101010101010101010101010101010101010101010100010101010101010101010101010101
000A000900080007000600050004000300020001000000E008A007B0001D000D000C000B000A0009000800070006000500040003000200010000000F08A007A2
000600050004000300020001000000EE08A007B200EE000D000C000B000A000900080007000600050004000300020001000000E008A007B100EE000D000C000B
000200010000001F08A00891001F000D000C000B000A0009000800070006000500040003000200010000001108A0089000FC000D000C000B000A000900080007
08A008A0002D000D000C000B000A0009000800070006000500040003000200010000001F08A00892002D000D000C000B000A0009000800070006000500040003
000000000000000000000000000000000000000000000000000000000000000000FE000D000C000B000A000900080007000600050004000300020001000000F0
01010101010101010101010101010101010101010101010101010101010101010101010101010101010101010101010101000000000000000000000000000001
02010101010101010101010101010102020101010101010101010101010101020201010101010101010101010101010201010101010101010101010101010101
000A000900080007000600050004000300020001000000FE08A008A200FE000D000C000B000A000900080007000600050004000300020001000000F008A008A1
000600050004000300020001000000FF08A008B100FF000D000C000B000A000900080007000600050004000300020001000000F108A008B0010C000D000C000B
000200010000000008A00990010D000D000C000B000A000900080007000600050004000300020001000000FF08A008B2010D000D000C000B000A000900080007
08A009920000000D000C000B000A0009000800070006000500040003000200010000000008A009910000000D000C000B000A0009000800070006000500040003
00000000000000000000000000000000000000000000000000000000000000000000000D000C000B000A00090008000700060005000400030002000100000000
02010101010101010101010101010102020101010101010101010101010101020201010101010101010101010101010202010101010101010101010101010102
01010101010101010101010101010101010101010101010101010101010101010201010101010101010101010101010202010101010101010101010101010102
000A0009000800070006000500040003000200010000000008A009A10000000D000C000B000A0009000800070006000500040003000200010000000008A009A0
0006000500040003000200010000000008A009B00000000D000C000B000A0009000800070006000500040003000200010000000008A009A20000000D000C000B
000200010000000008A009B20000000D000C000B000A0009000800070006000500040003000200010000000008A009B10000000D000C000B000A000900080007
08B007A1000E000D000C000B000A0009000800070006000500040003000200010000000008B007A00000000D000C000B000A0009000800070006000500040003
0000000000000000000000000000000000000000000000000000000000000000000E000D000C000B000A00090008000700060005000400030002000100000000
01010101010101010101010101010101010101010101010101010101010101010101010101010101010101010101010101010101010101010101010101010101
00010101010101010101010101010101010101010101010101010101010101000101010101010101010101010101010101010101010101010101010101010101
000A0009000800070006000500040003000200010000000108B007B0001C000D000C000B000A0009000800070006000500040003000200010000000E08B007A2
0006000500040003000200010000000F08B007B2001D000D000C000B000A0009000800070006000500040003000200010000000F08B007B1000F000D000C000B
00020001000000E008B007C100EE000D000C000B000A000900080007000600050004000300020001000000E008B007C0001D000D000C000B000A000900080007
08B008A000FC000D000C000B000A000900080007000600050004000300020001000000EE08B007C200EE000D000C000B000A0009000800070006000500040003
0000000000000000000000000000000000000000000000000000000000000000001F000D000C000B000A00090008000700060005000400030002000100000011
01000000000000000000000000000001010101010101010101010101010101010101010101010101010101010101010101010101010101010101010101010101
01010101010101010101010101010101010101010101010101010101010101010101010101010101010101010101010101010101010101010101010101010101
000A0009000800070006000500040003000200010000001F08B008A2002D000D000C000B000A0009000800070006000500040003000200010000001F08B008A1
000600050004000300020001000000F008B008B100FE000D000C000B000A000900080007000600050004000300020001000000F008B008B0002D000D000C000B
00020001000000F108B008C0010C000D000C000B000A000900080007000600050004000300020001000000FE08B008B200FE000D000C000B000A000900080007
08B008C2010D000D000C000B000A000900080007000600050004000300020001000000FF08B008C100FF000D000C000B000A0009000800070006000500040003
0000000000000000000000000000000000000000000000000000000000000000010D000D000C000B000A000900080007000600050004000300020001000000FF
02010101010101010101010101010102020101010101010101010101010101020201010101010101010101010101010202010101010101010101010101010102
02010101010101010101010101010102020101010101010101010101010101020201010101010101010101010101010202010101010101010101010101010102
000A0009000800070006000500040003000200010000000008B009A10000000D000C000B000A0009000800070006000500040003000200010000000008B009A0
0006000500040003000200010000000008B009B00000000D000C000B000A0009000800070006000500040003000200010000000008B009A20000000D000C000B
000200010000000008B009B20000000D000C000B000A0009000800070006000500040003000200010000000008B009B10000000D000C000B000A000900080007
08B009C10000000D000C000B000A0009000800070006000500040003000200010000000008B009C00000000D000C000B000A0009000800070006000500040003
00000000000000000000000000000000000000000000000000000000000000000000000D000C000B000A00090008000700060005000400030002000100000000
01010101010101010101010101010101010101010101010101010101010101010101010101010101010101010101010102010101010101010101010101010102
01010101010101010101010101010101010101010101010101010101010101010101010101010101010101010101010101010101010101010101010101010101
000A0009000800070006000500040003000200010000000008C007B00000000D000C000B000A0009000800070006000500040003000200010000000008B009C2
0006000500040003000200010000000E08C007B2000E000D000C000B000A0009000800070006000500040003000200010000000008C007B1000E000D000C000B
000200010000000F08C007C1000F000D000C000B000A0009000800070006000500040003000200010000000108C007C0001C000D000C000B000A000900080007
08C007D0001D000D000C000B000A0009000800070006000500040003000200010000000F08C007C2001D000D000C000B000A0009000800070006000500040003
000000000000000000000000000000000000000000000000000000000000000000EE000D000C000B000A000900080007000600050004000300020001000000E0
01010101010101010101010101010101000101010101010101010101010101010101010101010101010101010101010001010101010101010101010101010101
01010101010101010101010101010101010000000000000000000000000000010101010101010101010101010101010101010101010101010101010101010101
000A000900080007000600050004000300020001000000EE08C007D200EE000D000C000B000A000900080007000600050004000300020001000000E008C007D1
0006000500040003000200010000001F08C008B1001F000D000C000B000A0009000800070006000500040003000200010000001108C008B000FC000D000C000B
00020001000000F008C008C0002D000D000C000B000A0009000800070006000500040003000200010000001F08C008B2002D000D000C000B000A000900080007
08C008C200FE000D000C000B000A000900080007000600050004000300020001000000F008C008C100FE000D000C000B000A0009000800070006000500040003
0000000000000000000000000000000000000000000000000000000000000000010C000D000C000B000A000900080007000600050004000300020001000000FE
02010101010101010101010101010102010101010101010101010101010101010101010101010101010101010101010101010101010101010101010101010101
02010101010101010101010101010102020101010101010101010101010101020201010101010101010101010101010202010101010101010101010101010102
000A000900080007000600050004000300020001000000FF08C008D100FF000D000C000B000A000900080007000600050004000300020001000000F108C008D0
0006000500040003000200010000000008C009B0010D000D000C000B000A000900080007000600050004000300020001000000FF08C008D2010D000D000C000B
000200010000000008C009B20000000D000C000B000A0009000800070006000500040003000200010000000008C009B10000000D000C000B000A000900080007
08C009C10000000D000C000B000A0009000800070006000500040003000200010000000008C009C00000000D000C000B000A0009000800070006000500040003
00000000000000000000000000000000000000000000000000000000000000000000000D000C000B000A00090008000700060005000400030002000100000000
02010101010101010101010101010102020101010101010101010101010101020201010101010101010101010101010202010101010101010101010101010102
01010101010101010101010101010101010101010101010101010101010101010101010101010101010101010101010101010101010101010101010101010101
000A0009000800070006000500040003000200010000000008C009D00000000D000C000B000A0009000800070006000500040003000200010000000008C009C2
0006000500040003000200010000000008C009D20000000D000C000B000A0009000800070006000500040003000200010000000008C009D10000000D000C000B
000200010000000008D007C1000E000D000C000B000A0009000800070006000500040003000200010000000008D007C00000000D000C000B000A000900080007
08D007D0001C000D000C000B000A0009000800070006000500040003000200010000000E08D007C2000E000D000C000B000A0009000800070006000500040003
0000000000000000000000000000000000000000000000000000000000000000000F000D000C000B000A00090008000700060005000400030002000100000001
01010101010101010101010101010101010101010101010101010101010101010101010101010101010101010101010101010101010101010101010101010101
01010101010101010101010101010101010101010101010101010101010101010001010101010101010101010101010101010101010101010101010101010100
000A0009000800070006000500040003000200010000000F08D007D2001D000D000C000B000A0009000800070006000500040003000200010000000F08D007D1
000600050004000300020001000000E008D007E100EE000D000C000B000A000900080007000600050004000300020001000000E008D007E0001D000D000C000B
000200010000001108D008C000FC000D000C000B000A000900080007000600050004000300020001000000EE08D007E200EE000D000C000B000A000900080007
08D008C2002D000D000C000B000A0009000800070006000500040003000200010000001F08D008C1001F000D000C000B000A0009000800070006000500040003
0000000000000000000000000000000000000000000000000000000000000000002D000D000C000B000A0009000800070006000500040003000200010000001F
01010101010101010101010101010101010101010101010101010101010101010100000000000000000000000000000101010101010101010101010101010101
02010101010101010101010101010102020101010101010101010101010101020101010101010101010101010101010101010101010101010101010101010101
000A000900080007000600050004000300020001000000F008D008D100FE000D000C000B000A000900080007000600050004000300020001000000F008D008D0
000600050004000300020001000000F108D008E0010C000D000C000B000A000900080007000600050004000300020001000000FE08D008D200FE000D000C000B
00020001000000FF08D008E2010D000D000C000B000A000900080007000600050004000300020001000000FF08D008E100FF000D000C000B000A000900080007
08D009C10000000D000C000B000A0009000800070006000500040003000200010000000008D009C0010D000D000C000B000A0009000800070006000500040003
00000000000000000000000000000000000000000000000000000000000000000000000D000C000B000A00090008000700060005000400030002000100000000
02010101010101010101010101010102020101010101010101010101010101020201010101010101010101010101010202010101010101010101010101010102
01010101010101010101010101010101020101010101010101010101010101020201010101010101010101010101010202010101010101010101010101010102
000A0009000800070006000500040003000200010000000008D009D00000000D000C000B000A0009000800070006000500040003000200010000000008D009C2
0006000500040003000200010000000008D009D20000000D000C000B000A0009000800070006000500040003000200010000000008D009D10000000D000C000B
000200010000000008D009E10000000D000C000B000A0009000800070006000500040003000200010000000008D009E00000000D000C000B000A000900080007
08E007D00000000D000C000B000A0009000800070006000500040003000200010000000008D009E20000000D000C000B000A0009000800070006000500040003
0000000000000000000000000000000000000000000000000000000000000000000E000D000C000B000A00090008000700060005000400030002000100000000
01010101010101010101010101010101010101010101010101010101010101010101010101010101010101010101010101010101010101010101010101010101
01010101010101010101010101010100010101010101010101010101010101010101010101010101010101010101010101010101010101010101010101010101
000A0009000800070006000500040003000200010000000E08E007D2000E000D000C000B000A0009000800070006000500040003000200010000000008E007D1
0006000500040003000200010000000F08E007E1000F000D000C000B000A0009000800070006000500040003000200010000000108E007E0001C000D000C000B
00020001000000E008E007F0001D000D000C000B000A0009000800070006000500040003000200010000000F08E007E2001D000D000C000B000A000900080007
08E007F200EE000D000C000B000A000900080007000600050004000300020001000000E008E007F100EE000D000C000B000A0009000800070006000500040003
000000000000000000000000000000000000000000000000000000000000000000FC000D000C000B000A000900080007000600050004000300020001000000EE
01010101010101010101010101010101010101010101010101010101010101010101010101010101010101010101010100010101010101010101010101010101
01010101010101010101010101010101010101010101010101010101010101010101010101010101010101010101010101000000000000000000000000000001
000A0009000800070006000500040003000200010000001F08E008D1001F000D000C000B000A0009000800070006000500040003000200010000001108E008D0
000600050004000300020001000000F008E008E0002D000D000C000B000A0009000800070006000500040003000200010000001F08E008D2002D000D000C000B
00020001000000FE08E008E200FE000D000C000B000A000900080007000600050004000300020001000000F008E008E100FE000D000C000B000A000900080007
08E008F100FF000D000C000B000A000900080007000600050004000300020001000000F108E008F0010C000D000C000B000A0009000800070006000500040003
0000000000000000000000000000000000000000000000000000000000000000010D000D000C000B000A000900080007000600050004000300020001000000FF
02010101010101010101010101010102020101010101010101010101010101020201010101010101010101010101010201010101010101010101010101010101
02010101010101010101010101010102020101010101010101010101010101020201010101010101010101010101010202010101010101010101010101010102
000A0009000800070006000500040003000200010000000008E009D0010D000D000C000B000A000900080007000600050004000300020001000000FF08E008F2
0006000500040003000200010000000008E009D20000000D000C000B000A0009000800070006000500040003000200010000000008E009D10000000D000C000B
000200010000000008E009E10000000D000C000B000A0009000800070006000500040003000200010000000008E009E00000000D000C000B000A000900080007
08E009F00000000D000C000B000A0009000800070006000500040003000200010000000008E009E20000000D000C000B000A0009000800070006000500040003
00000000000000000000000000000000000000000000000000000000000000000000000D000C000B000A00090008000700060005000400030002000100000000
01010101010101010101010101010101010101010101010101010101010101010201010101010101010101010101010202010101010101010101010101010102
01010101010101010101010101010101010101010101010101010101010101010101010101010101010101010101010101010101010101010101010101010101
000A0009000800070006000500040003000200010000000008E009F20000000D000C000B000A0009000800070006000500040003000200010000000008E009F1
0006000500040003000200010000000008F007E1000E000D000C000B000A0009000800070006000500040003000200010000000008F007E00000000D000C000B
000200010000000108F007F0001C000D000C000B000A0009000800070006000500040003000200010000000E08F007E2000E000D000C000B000A000900080007
08F007F200FD000D000C000B000A000900080007000600050004000300020001000000EF08F007F1000F000D000C000B000A0009000800070006000500040003
000000000000000000000000000000000000000000000000000000000000000000FD000D000C000B000A000900080007000600050004000300020001000000EF
01010101010101010101010101010101010101010101010101010101010101010001010101010101010101010101010101010101010101010101010101010100
02010101010101010101010101010102020101010101010101010101010101020101010101010101010101010101010101000000000000000000000000000001
000A0009000800070006000500040003000200010000001008F008E1001E000D000C000B000A0009000800070006000500040003000200010000001008F008E0
000600050004000300020001000000F108F008F0010C000D000C000B000A000900080007000600050004000300020001000000FE08F008E2001E000D000C000B
00020001000000FF08F008F2010D000D000C000B000A000900080007000600050004000300020001000000FF08F008F100FF000D000C000B000A000900080007
08F009E10000000D000C000B000A0009000800070006000500040003000200010000000008F009E0010D000D000C000B000A0009000800070006000500040003
00000000000000000000000000000000000000000000000000000000000000000000000D000C000B000A00090008000700060005000400030002000100000000
02010101010101010101010101010102020101010101010101010101010101020201010101010101010101010101010202010101010101010101010101010102
01010101010101010101010101010101010101010101010101010101010101010101010101010101010101010101010101010101010101010101010101010101
000A0009000800070006000500040003000200010000000008F009F00000000D000C000B000A0009000800070006000500040003000200010000000008F009E2
0006000500040003000200010000000008F009F20000000D000C000B000A0009000800070006000500040003000200010000000008F009F10000000D000C000B
000200010000000009000801000E000D000C000B000A00090008000700060005000400030002000100000000090008000000000D000C000B000A000900080007
09000810001C000D000C000B000A0009000800070006000500040003000200010000000E09000802000E000D000C000B000A0009000800070006000500040003
0000000000000000000000000000000000000000000000000000000000000000000F000D000C000B000A00090008000700060005000400030002000100000001
01000000000000000000000000000001010101010101010101010101010101010001010101010101010101010101010101010101010101010101010101010100
01010101010101010101010101010101010101010101010101010101010101010101010101010101010101010101010101010101010101010101010101010101
000A000900080007000600050004000300020001000000EF0900081200FD000D000C000B000A000900080007000600050004000300020001000000EF09000811
0006000500040003000200010000001009000901001E000D000C000B000A000900080007000600050004000300020001000000100900090000FD000D000C000B
00020001000000F109000910010C000D000C000B000A000900080007000600050004000300020001000000FE09000902001E000D000C000B000A000900080007
09000912010D000D000C000B000A000900080007000600050004000300020001000000FF0900091100FF000D000C000B000A0009000800070006000500040003
0000000000000000000000000000000000000000000000000000000000000000010D000D000C000B000A000900080007000600050004000300020001000000FF
02010101010101010101010101010102020101010101010101010101010101020201010101010101010101010101010202010101010101010101010101010102
01010101010101010101010101010101010101010101010101010101010101010201010101010101010101010101010202010101010101010101010101010102
000A0009000800070006000500040003000200010000000009000A010000000D000C000B000A0009000800070006000500040003000200010000000009000A00
0006000500040003000200010000000009000A100000000D000C000B000A0009000800070006000500040003000200010000000009000A020000000D000C000B
000200010000000009000A120000000D000C000B000A0009000800070006000500040003000200010000000009000A110000000D000C000B000A000900080007
09100801000E000D000C000B000A00090008000700060005000400030002000100000000091008000000000D000C000B000A0009000800070006000500040003
0000000000000000000000000000000000000000000000000000000000000000000E000D000C000B000A00090008000700060005000400030002000100000000
01010101010101010101010101010101010101010101010101010101010101010101010101010101010101010101010101010101010101010101010101010101
00010101010101010101010101010101010101010101010101010101010101000101010101010101010101010101010101010101010101010101010101010101
000A0009000800070006000500040003000200010000000109100810001C000D000C000B000A0009000800070006000500040003000200010000000E09100802
0006000500040003000200010000000F09100812001D000D000C000B000A0009000800070006000500040003000200010000000F09100811000F000D000C000B
00020001000000E00910082100EE000D000C000B000A000900080007000600050004000300020001000000E009100820001D000D000C000B000A000900080007
0910090000FC000D000C000B000A000900080007000600050004000300020001000000EE0910082200EE000D000C000B000A0009000800070006000500040003
0000000000000000000000000000000000000000000000000000000000000000001F000D000C000B000A00090008000700060005000400030002000100000011
01000000000000000000000000000001010101010101010101010101010101010101010101010101010101010101010101010101010101010101010101010101
01010101010101010101010101010101010101010101010101010101010101010101010101010101010101010101010101010101010101010101010101010101
000A0009000800070006000500040003000200010000001F09100902002D000D000C000B000A0009000800070006000500040003000200010000001F09100901
000600050004000300020001000000F00910091100FE000D000C000B000A000900080007000600050004000300020001000000F009100910002D000D000C000B
00020001000000F109100920010C000D000C000B000A000900080007000600050004000300020001000000FE0910091200FE000D000C000B000A000900080007
09100922010D000D000C000B000A000900080007000600050004000300020001000000FF0910092100FF000D000C000B000A0009000800070006000500040003
0000000000000000000000000000000000000000000000000000000000000000010D000D000C000B000A000900080007000600050004000300020001000000FF
02010101010101010101010101010102020101010101010101010101010101020201010101010101010101010101010202010101010101010101010101010102
02010101010101010101010101010102020101010101010101010101010101020201010101010101010101010101010202010101010101010101010101010102
000A0009000800070006000500040003000200010000000009100A010000000D000C000B000A0009000800070006000500040003000200010000000009100A00
0006000500040003000200010000000009100A100000000D000C000B000A0009000800070006000500040003000200010000000009100A020000000D000C000B
000200010000000009100A120000000D000C000B000A0009000800070006000500040003000200010000000009100A110000000D000C000B000A000900080007
09100A210000000D000C000B000A0009000800070006000500040003000200010000000009100A200000000D000C000B000A0009000800070006000500040003
00000000000000000000000000000000000000000000000000000000000000000000000D000C000B000A00090008000700060005000400030002000100000000
01010101010101010101010101010101010101010101010101010101010101010101010101010101010101010101010102010101010101010101010101010102
01010101010101010101010101010101010101010101010101010101010101010101010101010101010101010101010101010101010101010101010101010101
000A00090008000700060005000400030002000100000000092008100000000D000C000B000A0009000800070006000500040003000200010000000009100A22
0006000500040003000200010000000E09200812000E000D000C000B000A0009000800070006000500040003000200010000000009200811000E000D000C000B
000200010000000F09200821000F000D000C000B000A0009000800070006000500040003000200010000000109200820001C000D000C000B000A000900080007
09200830001D000D000C000B000A0009000800070006000500040003000200010000000F09200822001D000D000C000B000A0009000800070006000500040003
000000000000000000000000000000000000000000000000000000000000000000EE000D000C000B000A000900080007000600050004000300020001000000E0
01010101010101010101010101010101000101010101010101010101010101010101010101010101010101010101010001010101010101010101010101010101
01010101010101010101010101010101010000000000000000000000000000010101010101010101010101010101010101010101010101010101010101010101
000A000900080007000600050004000300020001000000EE0920083200EE000D000C000B000A000900080007000600050004000300020001000000E009200831
0006000500040003000200010000001F09200911001F000D000C000B000A000900080007000600050004000300020001000000110920091000FC000D000C000B
00020001000000F009200920002D000D000C000B000A0009000800070006000500040003000200010000001F09200912002D000D000C000B000A000900080007
0920092200FE000D000C000B000A000900080007000600050004000300020001000000F00920092100FE000D000C000B000A0009000800070006000500040003
0000000000000000000000000000000000000000000000000000000000000000010C000D000C000B000A000900080007000600050004000300020001000000FE
02010101010101010101010101010102010101010101010101010101010101010101010101010101010101010101010101010101010101010101010101010101
02010101010101010101010101010102020101010101010101010101010101020201010101010101010101010101010202010101010101010101010101010102
000A000900080007000600050004000300020001000000FF0920093100FF000D000C000B000A000900080007000600050004000300020001000000F109200930
0006000500040003000200010000000009200A10010D000D000C000B000A000900080007000600050004000300020001000000FF09200932010D000D000C000B
000200010000000009200A120000000D000C000B000A0009000800070006000500040003000200010000000009200A110000000D000C000B000A000900080007
09200A210000000D000C000B000A0009000800070006000500040003000200010000000009200A200000000D000C000B000A0009000800070006000500040003
00000000000000000000000000000000000000000000000000000000000000000000000D000C000B000A00090008000700060005000400030002000100000000
02010101010101010101010101010102020101010101010101010101010101020201010101010101010101010101010202010101010101010101010101010102
01010101010101010101010101010101010101010101010101010101010101010101010101010101010101010101010101010101010101010101010101010101
000A0009000800070006000500040003000200010000000009200A300000000D000C000B000A0009000800070006000500040003000200010000000009200A22
0006000500040003000200010000000009200A320000000D000C000B000A0009000800070006000500040003000200010000000009200A310000000D000C000B
000200010000000009300821000E000D000C000B000A00090008000700060005000400030002000100000000093008200000000D000C000B000A000900080007
09300830001C000D000C000B000A0009000800070006000500040003000200010000000E09300822000E000D000C000B000A0009000800070006000500040003
0000000000000000000000000000000000000000000000000000000000000000000F000D000C000B000A00090008000700060005000400030002000100000001
01010101010101010101010101010101010101010101010101010101010101010101010101010101010101010101010101010101010101010101010101010101
01010101010101010101010101010101010101010101010101010101010101010001010101010101010101010101010101010101010101010101010101010100
000A0009000800070006000500040003000200010000000F09300832001D000D000C000B000A0009000800070006000500040003000200010000000F09300831
000600050004000300020001000000E00930084100EE000D000C000B000A000900080007000600050004000300020001000000E009300840001D000D000C000B
00020001000000110930092000FC000D000C000B000A000900080007000600050004000300020001000000EE0930084200EE000D000C000B000A000900080007
09300922002D000D000C000B000A0009000800070006000500040003000200010000001F09300921001F000D000C000B000A0009000800070006000500040003
0000000000000000000000000000000000000000000000000000000000000000002D000D000C000B000A0009000800070006000500040003000200010000001F
01010101010101010101010101010101010101010101010101010101010101010100000000000000000000000000000101010101010101010101010101010101
02010101010101010101010101010102020101010101010101010101010101020101010101010101010101010101010101010101010101010101010101010101
000A000900080007000600050004000300020001000000F00930093100FE000D000C000B000A000900080007000600050004000300020001000000F009300930
000600050004000300020001000000F109300940010C000D000C000B000A000900080007000600050004000300020001000000FE0930093200FE000D000C000B
00020001000000FF09300942010D000D000C000B000A000900080007000600050004000300020001000000FF0930094100FF000D000C000B000A000900080007
09300A210000000D000C000B000A0009000800070006000500040003000200010000000009300A20010D000D000C000B000A0009000800070006000500040003
00000000000000000000000000000000000000000000000000000000000000000000000D000C000B000A00090008000700060005000400030002000100000000
02010101010101010101010101010102020101010101010101010101010101020201010101010101010101010101010202010101010101010101010101010102
01010101010101010101010101010101020101010101010101010101010101020201010101010101010101010101010202010101010101010101010101010102
000A0009000800070006000500040003000200010000000009300A300000000D000C000B000A0009000800070006000500040003000200010000000009300A22
0006000500040003000200010000000009300A320000000D000C000B000A0009000800070006000500040003000200010000000009300A310000000D000C000B
000200010000000009300A410000000D000C000B000A0009000800070006000500040003000200010000000009300A400000000D000C000B000A000900080007
094008300000000D000C000B000A0009000800070006000500040003000200010000000009300A420000000D000C000B000A0009000800070006000500040003
0000000000000000000000000000000000000000000000000000000000000000000E000D000C000B000A00090008000700060005000400030002000100000000
01010101010101010101010101010101010101010101010101010101010101010101010101010101010101010101010101010101010101010101010101010101
01010101010101010101010101010100010101010101010101010101010101010101010101010101010101010101010101010101010101010101010101010101
000A0009000800070006000500040003000200010000000E09400832000E000D000C000B000A0009000800070006000500040003000200010000000009400831
0006000500040003000200010000000F09400841000F000D000C000B000A0009000800070006000500040003000200010000000109400840001C000D000C000B
00020001000000E009400850001D000D000C000B000A0009000800070006000500040003000200010000000F09400842001D000D000C000B000A000900080007
0940085200EE000D000C000B000A000900080007000600050004000300020001000000E00940085100EE000D000C000B000A0009000800070006000500040003
000000000000000000000000000000000000000000000000000000000000000000FC000D000C000B000A000900080007000600050004000300020001000000EE
01010101010101010101010101010101010101010101010101010101010101010101010101010101010101010101010100010101010101010101010101010101
01010101010101010101010101010101010101010101010101010101010101010101010101010101010101010101010101000000000000000000000000000001
000A0009000800070006000500040003000200010000001F09400931001F000D000C000B000A0009000800070006000500040003000200010000001109400930
000600050004000300020001000000F009400940002D000D000C000B000A0009000800070006000500040003000200010000001F09400932002D000D000C000B
00020001000000FE0940094200FE000D000C000B000A000900080007000600050004000300020001000000F00940094100FE000D000C000B000A000900080007
0940095100FF000D000C000B000A000900080007000600050004000300020001000000F109400950010C000D000C000B000A0009000800070006000500040003
0000000000000000000000000000000000000000000000000000000000000000010D000D000C000B000A000900080007000600050004000300020001000000FF
02010101010101010101010101010102020101010101010101010101010101020201010101010101010101010101010201010101010101010101010101010101
02010101010101010101010101010102020101010101010101010101010101020201010101010101010101010101010202010101010101010101010101010102
000A0009000800070006000500040003000200010000000009400A30010D000D000C000B000A000900080007000600050004000300020001000000FF09400952
0006000500040003000200010000000009400A320000000D000C000B000A0009000800070006000500040003000200010000000009400A310000000D000C000B
000200010000000009400A410000000D000C000B000A0009000800070006000500040003000200010000000009400A400000000D000C000B000A000900080007
09400A500000000D000C000B000A0009000800070006000500040003000200010000000009400A420000000D000C000B000A0009000800070006000500040003
00000000000000000000000000000000000000000000000000000000000000000000000D000C000B000A00090008000700060005000400030002000100000000
01010101010101010101010101010101010101010101010101010101010101010201010101010101010101010101010202010101010101010101010101010102
01010101010101010101010101010101010101010101010101010101010101010101010101010101010101010101010101010101010101010101010101010101
000A0009000800070006000500040003000200010000000009400A520000000D000C000B000A0009000800070006000500040003000200010000000009400A51
0006000500040003000200010000000009500841000E000D000C000B000A00090008000700060005000400030002000100000000095008400000000D000C000B
000200010000000109500850001C000D000C000B000A0009000800070006000500040003000200010000000E09500842000E000D000C000B000A000900080007
09500852001D000D000C000B000A0009000800070006000500040003000200010000000F09500851000F000D000C000B000A0009000800070006000500040003
0000000000000000000000000000000000000000000000000000000000000000001D000D000C000B000A0009000800070006000500040003000200010000000F
00010101010101010101010101010101010101010101010101010101010101000101010101010101010101010101010101010101010101010101010101010101
01000000000000000000000000000001010101010101010101010101010101010101010101010101010101010101010101010101010101010101010101010101
000A000900080007000600050004000300020001000000E00950086100EE000D000C000B000A000900080007000600050004000300020001000000E009500860
000600050004000300020001000000110950094000FC000D000C000B000A000900080007000600050004000300020001000000EE0950086200EE000D000C000B
000200010000001F09500942002D000D000C000B000A0009000800070006000500040003000200010000001F09500941001F000D000C000B000A000900080007
0950095100FE000D000C000B000A000900080007000600050004000300020001000000F009500950002D000D000C000B000A0009000800070006000500040003
000000000000000000000000000000000000000000000000000000000000000000FE000D000C000B000A000900080007000600050004000300020001000000F0
01010101010101010101010101010101010101010101010101010101010101010101010101010101010101010101010101010101010101010101010101010101
02010101010101010101010101010102020101010101010101010101010101020201010101010101010101010101010202010101010101010101010101010102
000A000900080007000600050004000300020001000000F109500960010C000D000C000B000A000900080007000600050004000300020001000000FE09500952
000600050004000300020001000000FF09500962010D000D000C000B000A000900080007000600050004000300020001000000FF0950096100FF000D000C000B
000200010000000009500A410000000D000C000B000A0009000800070006000500040003000200010000000009500A40010D000D000C000B000A000900080007
09500A500000000D000C000B000A0009000800070006000500040003000200010000000009500A420000000D000C000B000A0009000800070006000500040003
00000000000000000000000000000000000000000000000000000000000000000000000D000C000B000A00090008000700060005000400030002000100000000
02010101010101010101010101010102020101010101010101010101010101020201010101010101010101010101010202010101010101010101010101010102
01010101010101010101010101010101010101010101010101010101010101010101010101010101010101010101010102010101010101010101010101010102
000A0009000800070006000500040003000200010000000009500A520000000D000C000B000A0009000800070006000500040003000200010000000009500A51
0006000500040003000200010000000009500A610000000D000C000B000A0009000800070006000500040003000200010000000009500A600000000D000C000B
0002000100000000096008500000000D000C000B000A0009000800070006000500040003000200010000000009500A620000000D000C000B000A000900080007
09600852000E000D000C000B000A0009000800070006000500040003000200010000000009600851000E000D000C000B000A0009000800070006000500040003
0000000000000000000000000000000000000000000000000000000000000000001C000D000C000B000A0009000800070006000500040003000200010000000E
01010101010101010101010101010101010101010101010101010101010101010101010101010101010101010101010101010101010101010101010101010101
01010101010101010101010101010101000101010101010101010101010101010101010101010101010101010101010001010101010101010101010101010101
000A0009000800070006000500040003000200010000000F09600861000F000D000C000B000A0009000800070006000500040003000200010000000109600860
000600050004000300020001000000E009600870001D000D000C000B000A0009000800070006000500040003000200010000000F09600862001D000D000C000B
00020001000000EE0960087200EE000D000C000B000A000900080007000600050004000300020001000000E00960087100EE000D000C000B000A000900080007
09600951001F000D000C000B000A000900080007000600050004000300020001000000110960095000FC000D000C000B000A0009000800070006000500040003
0000000000000000000000000000000000000000000000000000000000000000002D000D000C000B000A0009000800070006000500040003000200010000001F
01010101010101010101010101010101010000000000000000000000000000010101010101010101010101010101010101010101010101010101010101010101
02010101010101010101010101010102010101010101010101010101010101010101010101010101010101010101010101010101010101010101010101010101
000A000900080007000600050004000300020001000000F009600960002D000D000C000B000A0009000800070006000500040003000200010000001F09600952
000600050004000300020001000000FE0960096200FE000D000C000B000A000900080007000600050004000300020001000000F00960096100FE000D000C000B
00020001000000FF0960097100FF000D000C000B000A000900080007000600050004000300020001000000F109600970010C000D000C000B000A000900080007
09600A50010D000D000C000B000A000900080007000600050004000300020001000000FF09600972010D000D000C000B000A0009000800070006000500040003
00000000000000000000000000000000000000000000000000000000000000000000000D000C000B000A00090008000700060005000400030002000100000000
02010101010101010101010101010102020101010101010101010101010101020201010101010101010101010101010202010101010101010101010101010102
02010101010101010101010101010102020101010101010101010101010101020201010101010101010101010101010202010101010101010101010101010102
000A0009000800070006000500040003000200010000000009600A520000000D000C000B000A0009000800070006000500040003000200010000000009600A51
0006000500040003000200010000000009600A610000000D000C000B000A0009000800070006000500040003000200010000000009600A600000000D000C000B
000200010000000009600A700000000D000C000B000A0009000800070006000500040003000200010000000009600A620000000D000C000B000A000900080007
09600A720000000D000C000B000A0009000800070006000500040003000200010000000009600A710000000D000C000B000A0009000800070006000500040003
00000000000000000000000000000000000000000000000000000000000000000000000D000C000B000A00090008000700060005000400030002000100000000
01010101010101010101010101010101010101010101010101010101010101010101010101010101010101010101010101010101010101010101010101010101
01010101010101010101010101010101010101010101010101010101010101010101010101010101010101010101010101010101010101010101010101010101
000A0009000800070006000500040003000200010000000009700861000E000D000C000B000A0009000800070006000500040003000200010000000009700860
0006000500040003000200010000000109700870001C000D000C000B000A0009000800070006000500040003000200010000000E09700862000E000D000C000B
000200010000000F09700872001D000D000C000B000A0009000800070006000500040003000200010000000F09700871000F000D000C000B000A000900080007
0970088100EE000D000C000B000A000900080007000600050004000300020001000000E009700880001D000D000C000B000A0009000800070006000500040003
000000000000000000000000000000000000000000000000000000000000000000EE000D000C000B000A000900080007000600050004000300020001000000E0
01010101010101010101010101010101010101010101010101010101010101010001010101010101010101010101010101010101010101010101010101010100
01010101010101010101010101010101010101010101010101010101010101010100000000000000000000000000000101010101010101010101010101010101
000A000900080007000600050004000300020001000000110970096000FC000D000C000B000A000900080007000600050004000300020001000000EE09700882
0006000500040003000200010000001F09700962002D000D000C000B000A0009000800070006000500040003000200010000001F09700961001F000D000C000B
00020001000000F00970097100FE000D000C000B000A000900080007000600050004000300020001000000F009700970002D000D000C000B000A000900080007
09700980010C000D000C000B000A000900080007000600050004000300020001000000FE0970097200FE000D000C000B000A0009000800070006000500040003
000000000000000000000000000000000000000000000000000000000000000000FF000D000C000B000A000900080007000600050004000300020001000000F1
02010101010101010101010101010102020101010101010101010101010101020101010101010101010101010101010101010101010101010101010101010101
02010101010101010101010101010102020101010101010101010101010101020201010101010101010101010101010202010101010101010101010101010102
000A000900080007000600050004000300020001000000FF09700982010D000D000C000B000A000900080007000600050004000300020001000000FF09700981
0006000500040003000200010000000009700A610000000D000C000B000A0009000800070006000500040003000200010000000009700A60010D000D000C000B
000200010000000009700A700000000D000C000B000A0009000800070006000500040003000200010000000009700A620000000D000C000B000A000900080007
09700A720000000D000C000B000A0009000800070006000500040003000200010000000009700A710000000D000C000B000A0009000800070006000500040003
00000000000000000000000000000000000000000000000000000000000000000000000D000C000B000A00090008000700060005000400030002000100000000
01010101010101010101010101010101020101010101010101010101010101020201010101010101010101010101010202010101010101010101010101010102
01010101010101010101010101010101010101010101010101010101010101010101010101010101010101010101010101010101010101010101010101010101
000A0009000800070006000500040003000200010000000009700A810000000D000C000B000A0009000800070006000500040003000200010000000009700A80
00060005000400030002000100000000098008700000000D000C000B000A0009000800070006000500040003000200010000000009700A820000000D000C000B
000200010000000E09800872000E000D000C000B000A0009000800070006000500040003000200010000000009800871000E000D000C000B000A000900080007
09800881000F000D000C000B000A0009000800070006000500040003000200010000000109800880001C000D000C000B000A0009000800070006000500040003
0000000000000000000000000000000000000000000000000000000000000000001D000D000C000B000A0009000800070006000500040003000200010000000F
01010101010101010101010101010100010101010101010101010101010101010101010101010101010101010101010101010101010101010101010101010101
01010101010101010101010101010101010101010101010101010101010101010101010101010101010101010101010100010101010101010101010101010101
000A000900080007000600050004000300020001000000E009800890001D000D000C000B000A0009000800070006000500040003000200010000000F09800882
000600050004000300020001000000EE0980089200EE000D000C000B000A000900080007000600050004000300020001000000E00980089100EE000D000C000B
000200010000001F09800971001F000D000C000B000A000900080007000600050004000300020001000000110980097000FC000D000C000B000A000900080007
09800980002D000D000C000B000A0009000800070006000500040003000200010000001F09800972002D000D000C000B000A0009000800070006000500040003
000000000000000000000000000000000000000000000000000000000000000000FE000D000C000B000A000900080007000600050004000300020001000000F0
01010101010101010101010101010101010101010101010101010101010101010101010101010101010101010101010101000000000000000000000000000001
02010101010101010101010101010102020101010101010101010101010101020201010101010101010101010101010201010101010101010101010101010101
000A000900080007000600050004000300020001000000FE0980098200FE000D000C000B000A000900080007000600050004000300020001000000F009800981
000600050004000300020001000000FF0980099100FF000D000C000B000A000900080007000600050004000300020001000000F109800990010C000D000C000B
000200010000000009800A70010D000D000C000B000A000900080007000600050004000300020001000000FF09800992010D000D000C000B000A000900080007
09800A720000000D000C000B000A0009000800070006000500040003000200010000000009800A710000000D000C000B000A0009000800070006000500040003
00000000000000000000000000000000000000000000000000000000000000000000000D000C000B000A00090008000700060005000400030002000100000000
02010101010101010101010101010102020101010101010101010101010101020201010101010101010101010101010202010101010101010101010101010102
01010101010101010101010101010101010101010101010101010101010101010201010101010101010101010101010202010101010101010101010101010102
000A0009000800070006000500040003000200010000000009800A810000000D000C000B000A0009000800070006000500040003000200010000000009800A80
0006000500040003000200010000000009800A900000000D000C000B000A0009000800070006000500040003000200010000000009800A820000000D000C000B
000200010000000009800A920000000D000C000B000A0009000800070006000500040003000200010000000009800A910000000D000C000B000A000900080007
09900881000E000D000C000B000A00090008000700060005000400030002000100000000099008800000000D000C000B000A0009000800070006000500040003
0000000000000000000000000000000000000000000000000000000000000000000E000D000C000B000A00090008000700060005000400030002000100000000
01010101010101010101010101010101010101010101010101010101010101010101010101010101010101010101010101010101010101010101010101010101
00010101010101010101010101010101010101010101010101010101010101000101010101010101010101010101010101010101010101010101010101010101
000A0009000800070006000500040003000200010000000109900890001C000D000C000B000A0009000800070006000500040003000200010000000E09900882
0006000500040003000200010000000F09900892001D000D000C000B000A0009000800070006000500040003000200010000000F09900891000F000D000C000B
00020001000000E0099008A100EE000D000C000B000A000900080007000600050004000300020001000000E0099008A0001D000D000C000B000A000900080007
0990098000FC000D000C000B000A000900080007000600050004000300020001000000EE099008A200EE000D000C000B000A0009000800070006000500040003
0000000000000000000000000000000000000000000000000000000000000000001F000D000C000B000A00090008000700060005000400030002000100000011
01000000000000000000000000000001010101010101010101010101010101010101010101010101010101010101010101010101010101010101010101010101
01010101010101010101010101010101010101010101010101010101010101010101010101010101010101010101010101010101010101010101010101010101
000A0009000800070006000500040003000200010000001F09900982002D000D000C000B000A0009000800070006000500040003000200010000001F09900981
000600050004000300020001000000F00990099100FE000D000C000B000A000900080007000600050004000300020001000000F009900990002D000D000C000B
00020001000000F1099009A0010C000D000C000B000A000900080007000600050004000300020001000000FE0990099200FE000D000C000B000A000900080007
099009A2010D000D000C000B000A000900080007000600050004000300020001000000FF099009A100FF000D000C000B000A0009000800070006000500040003
0000000000000000000000000000000000000000000000000000000000000000010D000D000C000B000A000900080007000600050004000300020001000000FF
02010101010101010101010101010102020101010101010101010101010101020201010101010101010101010101010202010101010101010101010101010102
02010101010101010101010101010102020101010101010101010101010101020201010101010101010101010101010202010101010101010101010101010102
000A0009000800070006000500040003000200010000000009900A810000000D000C000B000A0009000800070006000500040003000200010000000009900A80
0006000500040003000200010000000009900A900000000D000C000B000A0009000800070006000500040003000200010000000009900A820000000D000C000B
000200010000000009900A920000000D000C000B000A0009000800070006000500040003000200010000000009900A910000000D000C000B000A000900080007
09900AA10000000D000C000B000A0009000800070006000500040003000200010000000009900AA00000000D000C000B000A0009000800070006000500040003
00000000000000000000000000000000000000000000000000000000000000000000000D000C000B000A00090008000700060005000400030002000100000000
01010101010101010101010101010101010101010101010101010101010101010101010101010101010101010101010102010101010101010101010101010102
01010101010101010101010101010101010101010101010101010101010101010101010101010101010101010101010101010101010101010101010101010101
000A0009000800070006000500040003000200010000000009A008900000000D000C000B000A0009000800070006000500040003000200010000000009900AA2
0006000500040003000200010000000E09A00892000E000D000C000B000A0009000800070006000500040003000200010000000009A00891000E000D000C000B
000200010000000F09A008A1000F000D000C000B000A0009000800070006000500040003000200010000000109A008A0001C000D000C000B000A000900080007
09A008B0001D000D000C000B000A0009000800070006000500040003000200010000000F09A008A2001D000D000C000B000A0009000800070006000500040003
000000000000000000000000000000000000000000000000000000000000000000EE000D000C000B000A000900080007000600050004000300020001000000E0
01010101010101010101010101010101000101010101010101010101010101010101010101010101010101010101010001010101010101010101010101010101
01010101010101010101010101010101010000000000000000000000000000010101010101010101010101010101010101010101010101010101010101010101
000A000900080007000600050004000300020001000000EE09A008B200EE000D000C000B000A000900080007000600050004000300020001000000E009A008B1
0006000500040003000200010000001F09A00991001F000D000C000B000A0009000800070006000500040003000200010000001109A0099000FC000D000C000B
00020001000000F009A009A0002D000D000C000B000A0009000800070006000500040003000200010000001F09A00992002D000D000C000B000A000900080007
09A009A200FE000D000C000B000A000900080007000600050004000300020001000000F009A009A100FE000D000C000B000A0009000800070006000500040003
0000000000000000000000000000000000000000000000000000000000000000010C000D000C000B000A000900080007000600050004000300020001000000FE
02010101010101010101010101010102010101010101010101010101010101010101010101010101010101010101010101010101010101010101010101010101
02010101010101010101010101010102020101010101010101010101010101020201010101010101010101010101010202010101010101010101010101010102
000A000900080007000600050004000300020001000000FF09A009B100FF000D000C000B000A000900080007000600050004000300020001000000F109A009B0
0006000500040003000200010000000009A00A90010D000D000C000B000A000900080007000600050004000300020001000000FF09A009B2010D000D000C000B
000200010000000009A00A920000000D000C000B000A0009000800070006000500040003000200010000000009A00A910000000D000C000B000A000900080007
09A00AA10000000D000C000B000A0009000800070006000500040003000200010000000009A00AA00000000D000C000B000A0009000800070006000500040003
00000000000000000000000000000000000000000000000000000000000000000000000D000C000B000A00090008000700060005000400030002000100000000
02010101010101010101010101010102020101010101010101010101010101020201010101010101010101010101010202010101010101010101010101010102
01010101010101010101010101010101010101010101010101010101010101010101010101010101010101010101010101010101010101010101010101010101
000A0009000800070006000500040003000200010000000009A00AB00000000D000C000B000A0009000800070006000500040003000200010000000009A00AA2
0006000500040003000200010000000009A00AB20000000D000C000B000A0009000800070006000500040003000200010000000009A00AB10000000D000C000B
000200010000000009B008A1000E000D000C000B000A0009000800070006000500040003000200010000000009B008A00000000D000C000B000A000900080007
09B008B0001C000D000C000B000A0009000800070006000500040003000200010000000E09B008A2000E000D000C000B000A0009000800070006000500040003
0000000000000000000000000000000000000000000000000000000000000000000F000D000C000B000A00090008000700060005000400030002000100000001
01010101010101010101010101010101010101010101010101010101010101010101010101010101010101010101010101010101010101010101010101010101
01010101010101010101010101010101010101010101010101010101010101010001010101010101010101010101010101010101010101010101010101010100
000A0009000800070006000500040003000200010000000F09B008B2001D000D000C000B000A0009000800070006000500040003000200010000000F09B008B1
000600050004000300020001000000E009B008C100EE000D000C000B000A000900080007000600050004000300020001000000E009B008C0001D000D000C000B
000200010000001109B009A000FC000D000C000B000A000900080007000600050004000300020001000000EE09B008C200EE000D000C000B000A000900080007
09B009A2002D000D000C000B000A0009000800070006000500040003000200010000001F09B009A1001F000D000C000B000A0009000800070006000500040003
0000000000000000000000000000000000000000000000000000000000000000002D000D000C000B000A0009000800070006000500040003000200010000001F
01010101010101010101010101010101010101010101010101010101010101010100000000000000000000000000000101010101010101010101010101010101
02010101010101010101010101010102020101010101010101010101010101020101010101010101010101010101010101010101010101010101010101010101
000A000900080007000600050004000300020001000000F009B009B100FE000D000C000B000A000900080007000600050004000300020001000000F009B009B0
000600050004000300020001000000F109B009C0010C000D000C000B000A000900080007000600050004000300020001000000FE09B009B200FE000D000C000B
00020001000000FF09B009C2010D000D000C000B000A000900080007000600050004000300020001000000FF09B009C100FF000D000C000B000A000900080007
09B00AA10000000D000C000B000A0009000800070006000500040003000200010000000009B00AA0010D000D000C000B000A0009000800070006000500040003
00000000000000000000000000000000000000000000000000000000000000000000000D000C000B000A00090008000700060005000400030002000100000000
02010101010101010101010101010102020101010101010101010101010101020201010101010101010101010101010202010101010101010101010101010102
01010101010101010101010101010101020101010101010101010101010101020201010101010101010101010101010202010101010101010101010101010102
000A0009000800070006000500040003000200010000000009B00AB00000000D000C000B000A0009000800070006000500040003000200010000000009B00AA2
0006000500040003000200010000000009B00AB20000000D000C000B000A0009000800070006000500040003000200010000000009B00AB10000000D000C000B
000200010000000009B00AC10000000D000C000B000A0009000800070006000500040003000200010000000009B00AC00000000D000C000B000A000900080007
09C008B00000000D000C000B000A0009000800070006000500040003000200010000000009B00AC20000000D000C000B000A0009000800070006000500040003
0000000000000000000000000000000000000000000000000000000000000000000E000D000C000B000A00090008000700060005000400030002000100000000
01010101010101010101010101010101010101010101010101010101010101010101010101010101010101010101010101010101010101010101010101010101
01010101010101010101010101010100010101010101010101010101010101010101010101010101010101010101010101010101010101010101010101010101
000A0009000800070006000500040003000200010000000E09C008B2000E000D000C000B000A0009000800070006000500040003000200010000000009C008B1
0006000500040003000200010000000F09C008C1000F000D000C000B000A0009000800070006000500040003000200010000000109C008C0001C000D000C000B
00020001000000E009C008D0001D000D000C000B000A0009000800070006000500040003000200010000000F09C008C2001D000D000C000B000A000900080007
09C008D200EE000D000C000B000A000900080007000600050004000300020001000000E009C008D100EE000D000C000B000A0009000800070006000500040003
000000000000000000000000000000000000000000000000000000000000000000FC000D000C000B000A000900080007000600050004000300020001000000EE
01010101010101010101010101010101010101010101010101010101010101010101010101010101010101010101010100010101010101010101010101010101
01010101010101010101010101010101010101010101010101010101010101010101010101010101010101010101010101000000000000000000000000000001
000A0009000800070006000500040003000200010000001F09C009B1001F000D000C000B000A0009000800070006000500040003000200010000001109C009B0
000600050004000300020001000000F009C009C0002D000D000C000B000A0009000800070006000500040003000200010000001F09C009B2002D000D000C000B
00020001000000FE09C009C200FE000D000C000B000A000900080007000600050004000300020001000000F009C009C100FE000D000C000B000A000900080007
09C009D100FF000D000C000B000A000900080007000600050004000300020001000000F109C009D0010C000D000C000B000A0009000800070006000500040003
0000000000000000000000000000000000000000000000000000000000000000010D000D000C000B000A000900080007000600050004000300020001000000FF
02010101010101010101010101010102020101010101010101010101010101020201010101010101010101010101010201010101010101010101010101010101
02010101010101010101010101010102020101010101010101010101010101020201010101010101010101010101010202010101010101010101010101010102
000A0009000800070006000500040003000200010000000009C00AB0010D000D000C000B000A000900080007000600050004000300020001000000FF09C009D2
0006000500040003000200010000000009C00AB20000000D000C000B000A0009000800070006000500040003000200010000000009C00AB10000000D000C000B
000200010000000009C00AC10000000D000C000B000A0009000800070006000500040003000200010000000009C00AC00000000D000C000B000A000900080007
09C00AD00000000D000C000B000A0009000800070006000500040003000200010000000009C00AC20000000D000C000B000A0009000800070006000500040003
00000000000000000000000000000000000000000000000000000000000000000000000D000C000B000A00090008000700060005000400030002000100000000
01010101010101010101010101010101010101010101010101010101010101010201010101010101010101010101010202010101010101010101010101010102
01010101010101010101010101010101010101010101010101010101010101010101010101010101010101010101010101010101010101010101010101010101
000A0009000800070006000500040003000200010000000009C00AD20000000D000C000B000A0009000800070006000500040003000200010000000009C00AD1
0006000500040003000200010000000009D008C1000E000D000C000B000A0009000800070006000500040003000200010000000009D008C00000000D000C000B
000200010000000109D008D0001C000D000C000B000A0009000800070006000500040003000200010000000E09D008C2000E000D000C000B000A000900080007
09D008D2001D000D000C000B000A0009000800070006000500040003000200010000000F09D008D1000F000D000C000B000A0009000800070006000500040003
0000000000000000000000000000000000000000000000000000000000000000001D000D000C000B000A0009000800070006000500040003000200010000000F
00010101010101010101010101010101010101010101010101010101010101000101010101010101010101010101010101010101010101010101010101010101
01000000000000000000000000000001010101010101010101010101010101010101010101010101010101010101010101010101010101010101010101010101
000A000900080007000600050004000300020001000000E009D008E100EE000D000C000B000A000900080007000600050004000300020001000000E009D008E0
0006000500040003000200010000001109D009C000FC000D000C000B000A000900080007000600050004000300020001000000EE09D008E200EE000D000C000B
000200010000001F09D009C2002D000D000C000B000A0009000800070006000500040003000200010000001F09D009C1001F000D000C000B000A000900080007
09D009D100FE000D000C000B000A000900080007000600050004000300020001000000F009D009D0002D000D000C000B000A0009000800070006000500040003
000000000000000000000000000000000000000000000000000000000000000000FE000D000C000B000A000900080007000600050004000300020001000000F0
01010101010101010101010101010101010101010101010101010101010101010101010101010101010101010101010101010101010101010101010101010101
02010101010101010101010101010102020101010101010101010101010101020201010101010101010101010101010202010101010101010101010101010102
000A000900080007000600050004000300020001000000F109D009E0010C000D000C000B000A000900080007000600050004000300020001000000FE09D009D2
000600050004000300020001000000FF09D009E2010D000D000C000B000A000900080007000600050004000300020001000000FF09D009E100FF000D000C000B
000200010000000009D00AC10000000D000C000B000A0009000800070006000500040003000200010000000009D00AC0010D000D000C000B000A000900080007
09D00AD00000000D000C000B000A0009000800070006000500040003000200010000000009D00AC20000000D000C000B000A0009000800070006000500040003
00000000000000000000000000000000000000000000000000000000000000000000000D000C000B000A00090008000700060005000400030002000100000000
02010101010101010101010101010102020101010101010101010101010101020201010101010101010101010101010202010101010101010101010101010102
01010101010101010101010101010101010101010101010101010101010101010101010101010101010101010101010102010101010101010101010101010102
000A0009000800070006000500040003000200010000000009D00AD20000000D000C000B000A0009000800070006000500040003000200010000000009D00AD1
0006000500040003000200010000000009D00AE10000000D000C000B000A0009000800070006000500040003000200010000000009D00AE00000000D000C000B
000200010000000009E008D00000000D000C000B000A0009000800070006000500040003000200010000000009D00AE20000000D000C000B000A000900080007
09E008D2000E000D000C000B000A0009000800070006000500040003000200010000000009E008D1000E000D000C000B000A0009000800070006000500040003
0000000000000000000000000000000000000000000000000000000000000000001C000D000C000B000A0009000800070006000500040003000200010000000E
01010101010101010101010101010101010101010101010101010101010101010101010101010101010101010101010101010101010101010101010101010101
01010101010101010101010101010101000101010101010101010101010101010101010101010101010101010101010001010101010101010101010101010101
000A0009000800070006000500040003000200010000000F09E008E1000F000D000C000B000A0009000800070006000500040003000200010000000109E008E0
000600050004000300020001000000E009E008F0001D000D000C000B000A0009000800070006000500040003000200010000000F09E008E2001D000D000C000B
00020001000000EE09E008F200EE000D000C000B000A000900080007000600050004000300020001000000E009E008F100EE000D000C000B000A000900080007
09E009D1001F000D000C000B000A0009000800070006000500040003000200010000001109E009D000FC000D000C000B000A0009000800070006000500040003
0000000000000000000000000000000000000000000000000000000000000000002D000D000C000B000A0009000800070006000500040003000200010000001F
01010101010101010101010101010101010000000000000000000000000000010101010101010101010101010101010101010101010101010101010101010101
02010101010101010101010101010102010101010101010101010101010101010101010101010101010101010101010101010101010101010101010101010101
000A000900080007000600050004000300020001000000F009E009E0002D000D000C000B000A0009000800070006000500040003000200010000001F09E009D2
000600050004000300020001000000FE09E009E200FE000D000C000B000A000900080007000600050004000300020001000000F009E009E100FE000D000C000B
00020001000000FF09E009F100FF000D000C000B000A000900080007000600050004000300020001000000F109E009F0010C000D000C000B000A000900080007
09E00AD0010D000D000C000B000A000900080007000600050004000300020001000000FF09E009F2010D000D000C000B000A0009000800070006000500040003
00000000000000000000000000000000000000000000000000000000000000000000000D000C000B000A00090008000700060005000400030002000100000000
02010101010101010101010101010102020101010101010101010101010101020201010101010101010101010101010202010101010101010101010101010102
02010101010101010101010101010102020101010101010101010101010101020201010101010101010101010101010202010101010101010101010101010102
000A0009000800070006000500040003000200010000000009E00AD20000000D000C000B000A0009000800070006000500040003000200010000000009E00AD1
0006000500040003000200010000000009E00AE10000000D000C000B000A0009000800070006000500040003000200010000000009E00AE00000000D000C000B
000200010000000009E00AF00000000D000C000B000A0009000800070006000500040003000200010000000009E00AE20000000D000C000B000A000900080007
09E00AF20000000D000C000B000A0009000800070006000500040003000200010000000009E00AF10000000D000C000B000A0009000800070006000500040003
00000000000000000000000000000000000000000000000000000000000000000000000D000C000B000A00090008000700060005000400030002000100000000
01010101010101010101010101010101010101010101010101010101010101010101010101010101010101010101010101010101010101010101010101010101
00010101010101010101010101010101010101010101010101010101010101000101010101010101010101010101010101010101010101010101010101010101
000A0009000800070006000500040003000200010000000009F008E1000E000D000C000B000A0009000800070006000500040003000200010000000009F008E0
0006000500040003000200010000000109F008F0001C000D000C000B000A0009000800070006000500040003000200010000000E09F008E2000E000D000C000B
00020001000000EF09F008F200FD000D000C000B000A000900080007000600050004000300020001000000EF09F008F1000F000D000C000B000A000900080007
09F009E1001E000D000C000B000A0009000800070006000500040003000200010000001009F009E000FD000D000C000B000A0009000800070006000500040003
0000000000000000000000000000000000000000000000000000000000000000001E000D000C000B000A00090008000700060005000400030002000100000010
01010101010101010101010101010101010000000000000000000000000000010101010101010101010101010101010101010101010101010101010101010101
02010101010101010101010101010102020101010101010101010101010101020201010101010101010101010101010202010101010101010101010101010102
000A000900080007000600050004000300020001000000F109F009F0010C000D000C000B000A000900080007000600050004000300020001000000FE09F009E2
000600050004000300020001000000FF09F009F2010D000D000C000B000A000900080007000600050004000300020001000000FF09F009F100FF000D000C000B
000200010000000009F00AE10000000D000C000B000A0009000800070006000500040003000200010000000009F00AE0010D000D000C000B000A000900080007
09F00AF00000000D000C000B000A0009000800070006000500040003000200010000000009F00AE20000000D000C000B000A0009000800070006000500040003
00000000000000000000000000000000000000000000000000000000000000000000000D000C000B000A00090008000700060005000400030002000100000000
01010101010101010101010101010101010101010101010101010101010101010201010101010101010101010101010202010101010101010101010101010102
00010101010101010101010101010101010101010101010101010101010101000101010101010101010101010101010101010101010101010101010101010101
000A0009000800070006000500040003000200010000000009F00AF20000000D000C000B000A0009000800070006000500040003000200010000000009F00AF1
000600050004000300020001000000000A000901000E000D000C000B000A000900080007000600050004000300020001000000000A0009000000000D000C000B
00020001000000010A000910001C000D000C000B000A0009000800070006000500040003000200010000000E0A000902000E000D000C000B000A000900080007
0A00091200FD000D000C000B000A000900080007000600050004000300020001000000EF0A000911000F000D000C000B000A0009000800070006000500040003
000000000000000000000000000000000000000000000000000000000000000000FD000D000C000B000A000900080007000600050004000300020001000000EF
01010101010101010101010101010101010101010101010101010101010101010100000000000000000000000000000101010101010101010101010101010101
02010101010101010101010101010102020101010101010101010101010101020101010101010101010101010101010101010101010101010101010101010101
000A000900080007000600050004000300020001000000100A000A01001E000D000C000B000A000900080007000600050004000300020001000000100A000A00
000600050004000300020001000000F10A000A10010C000D000C000B000A000900080007000600050004000300020001000000FE0A000A02001E000D000C000B
00020001000000FF0A000A12010D000D000C000B000A000900080007000600050004000300020001000000FF0A000A1100FF000D000C000B000A000900080007
0A000B010000000D000C000B000A000900080007000600050004000300020001000000000A000B00010D000D000C000B000A0009000800070006000500040003
00000000000000000000000000000000000000000000000000000000000000000000000D000C000B000A00090008000700060005000400030002000100000000
02010101010101010101010101010102020101010101010101010101010101020201010101010101010101010101010202010101010101010101010101010102
01010101010101010101010101010101010101010101010101010101010101010101010101010101010101010101010101010101010101010101010101010101
000A000900080007000600050004000300020001000000000A000B100000000D000C000B000A000900080007000600050004000300020001000000000A000B02
000600050004000300020001000000000A000B120000000D000C000B000A000900080007000600050004000300020001000000000A000B110000000D000C000B
00020001000000000A100901000E000D000C000B000A000900080007000600050004000300020001000000000A1009000000000D000C000B000A000900080007
0A100910001C000D000C000B000A0009000800070006000500040003000200010000000E0A100902000E000D000C000B000A0009000800070006000500040003
0000000000000000000000000000000000000000000000000000000000000000000F000D000C000B000A00090008000700060005000400030002000100000001
01010101010101010101010101010101010101010101010101010101010101010101010101010101010101010101010101010101010101010101010101010101
01010101010101010101010101010101010101010101010101010101010101010001010101010101010101010101010101010101010101010101010101010100
000A0009000800070006000500040003000200010000000F0A100912001D000D000C000B000A0009000800070006000500040003000200010000000F0A100911
000600050004000300020001000000E00A10092100EE000D000C000B000A000900080007000600050004000300020001000000E00A100920001D000D000C000B
00020001000000110A100A0000FC000D000C000B000A000900080007000600050004000300020001000000EE0A10092200EE000D000C000B000A000900080007
0A100A02002D000D000C000B000A0009000800070006000500040003000200010000001F0A100A01001F000D000C000B000A0009000800070006000500040003
0000000000000000000000000000000000000000000000000000000000000000002D000D000C000B000A0009000800070006000500040003000200010000001F
01010101010101010101010101010101010101010101010101010101010101010100000000000000000000000000000101010101010101010101010101010101
02010101010101010101010101010102020101010101010101010101010101020101010101010101010101010101010101010101010101010101010101010101
000A000900080007000600050004000300020001000000F00A100A1100FE000D000C000B000A000900080007000600050004000300020001000000F00A100A10
000600050004000300020001000000F10A100A20010C000D000C000B000A000900080007000600050004000300020001000000FE0A100A1200FE000D000C000B
00020001000000FF0A100A22010D000D000C000B000A000900080007000600050004000300020001000000FF0A100A2100FF000D000C000B000A000900080007
0A100B010000000D000C000B000A000900080007000600050004000300020001000000000A100B00010D000D000C000B000A0009000800070006000500040003
00000000000000000000000000000000000000000000000000000000000000000000000D000C000B000A00090008000700060005000400030002000100000000
02010101010101010101010101010102020101010101010101010101010101020201010101010101010101010101010202010101010101010101010101010102
01010101010101010101010101010101020101010101010101010101010101020201010101010101010101010101010202010101010101010101010101010102
000A000900080007000600050004000300020001000000000A100B100000000D000C000B000A000900080007000600050004000300020001000000000A100B02
000600050004000300020001000000000A100B120000000D000C000B000A000900080007000600050004000300020001000000000A100B110000000D000C000B
00020001000000000A100B210000000D000C000B000A000900080007000600050004000300020001000000000A100B200000000D000C000B000A000900080007
0A2009100000000D000C000B000A000900080007000600050004000300020001000000000A100B220000000D000C000B000A0009000800070006000500040003
0000000000000000000000000000000000000000000000000000000000000000000E000D000C000B000A00090008000700060005000400030002000100000000
01010101010101010101010101010101010101010101010101010101010101010101010101010101010101010101010101010101010101010101010101010101
01010101010101010101010101010100010101010101010101010101010101010101010101010101010101010101010101010101010101010101010101010101
000A0009000800070006000500040003000200010000000E0A200912000E000D000C000B000A000900080007000600050004000300020001000000000A200911
0006000500040003000200010000000F0A200921000F000D000C000B000A000900080007000600050004000300020001000000010A200920001C000D000C000B
00020001000000E00A200930001D000D000C000B000A0009000800070006000500040003000200010000000F0A200922001D000D000C000B000A000900080007
0A20093200EE000D000C000B000A000900080007000600050004000300020001000000E00A20093100EE000D000C000B000A0009000800070006000500040003
000000000000000000000000000000000000000000000000000000000000000000FC000D000C000B000A000900080007000600050004000300020001000000EE
01010101010101010101010101010101010101010101010101010101010101010101010101010101010101010101010100010101010101010101010101010101
01010101010101010101010101010101010101010101010101010101010101010101010101010101010101010101010101000000000000000000000000000001
000A0009000800070006000500040003000200010000001F0A200A11001F000D000C000B000A000900080007000600050004000300020001000000110A200A10
000600050004000300020001000000F00A200A20002D000D000C000B000A0009000800070006000500040003000200010000001F0A200A12002D000D000C000B
00020001000000FE0A200A2200FE000D000C000B000A000900080007000600050004000300020001000000F00A200A2100FE000D000C000B000A000900080007
0A200A3100FF000D000C000B000A000900080007000600050004000300020001000000F10A200A30010C000D000C000B000A0009000800070006000500040003
0000000000000000000000000000000000000000000000000000000000000000010D000D000C000B000A000900080007000600050004000300020001000000FF
02010101010101010101010101010102020101010101010101010101010101020201010101010101010101010101010201010101010101010101010101010101
02010101010101010101010101010102020101010101010101010101010101020201010101010101010101010101010202010101010101010101010101010102
000A000900080007000600050004000300020001000000000A200B10010D000D000C000B000A000900080007000600050004000300020001000000FF0A200A32
000600050004000300020001000000000A200B120000000D000C000B000A000900080007000600050004000300020001000000000A200B110000000D000C000B
00020001000000000A200B210000000D000C000B000A000900080007000600050004000300020001000000000A200B200000000D000C000B000A000900080007
0A200B300000000D000C000B000A000900080007000600050004000300020001000000000A200B220000000D000C000B000A0009000800070006000500040003
00000000000000000000000000000000000000000000000000000000000000000000000D000C000B000A00090008000700060005000400030002000100000000
01010101010101010101010101010101010101010101010101010101010101010201010101010101010101010101010202010101010101010101010101010102
01010101010101010101010101010101010101010101010101010101010101010101010101010101010101010101010101010101010101010101010101010101
000A000900080007000600050004000300020001000000000A200B320000000D000C000B000A000900080007000600050004000300020001000000000A200B31
000600050004000300020001000000000A300921000E000D000C000B000A000900080007000600050004000300020001000000000A3009200000000D000C000B
00020001000000010A300930001C000D000C000B000A0009000800070006000500040003000200010000000E0A300922000E000D000C000B000A000900080007
0A300932001D000D000C000B000A0009000800070006000500040003000200010000000F0A300931000F000D000C000B000A0009000800070006000500040003
0000000000000000000000000000000000000000000000000000000000000000001D000D000C000B000A0009000800070006000500040003000200010000000F
00010101010101010101010101010101010101010101010101010101010101000101010101010101010101010101010101010101010101010101010101010101
01000000000000000000000000000001010101010101010101010101010101010101010101010101010101010101010101010101010101010101010101010101
000A000900080007000600050004000300020001000000E00A30094100EE000D000C000B000A000900080007000600050004000300020001000000E00A300940
000600050004000300020001000000110A300A2000FC000D000C000B000A000900080007000600050004000300020001000000EE0A30094200EE000D000C000B
000200010000001F0A300A22002D000D000C000B000A0009000800070006000500040003000200010000001F0A300A21001F000D000C000B000A000900080007
0A300A3100FE000D000C000B000A000900080007000600050004000300020001000000F00A300A30002D000D000C000B000A0009000800070006000500040003
000000000000000000000000000000000000000000000000000000000000000000FE000D000C000B000A000900080007000600050004000300020001000000F0
01010101010101010101010101010101010101010101010101010101010101010101010101010101010101010101010101010101010101010101010101010101
02010101010101010101010101010102020101010101010101010101010101020201010101010101010101010101010202010101010101010101010101010102
000A000900080007000600050004000300020001000000F10A300A40010C000D000C000B000A000900080007000600050004000300020001000000FE0A300A32
000600050004000300020001000000FF0A300A42010D000D000C000B000A000900080007000600050004000300020001000000FF0A300A4100FF000D000C000B
00020001000000000A300B210000000D000C000B000A000900080007000600050004000300020001000000000A300B20010D000D000C000B000A000900080007
0A300B300000000D000C000B000A000900080007000600050004000300020001000000000A300B220000000D000C000B000A0009000800070006000500040003
00000000000000000000000000000000000000000000000000000000000000000000000D000C000B000A00090008000700060005000400030002000100000000
02010101010101010101010101010102020101010101010101010101010101020201010101010101010101010101010202010101010101010101010101010102
01010101010101010101010101010101010101010101010101010101010101010101010101010101010101010101010102010101010101010101010101010102
000A000900080007000600050004000300020001000000000A300B320000000D000C000B000A000900080007000600050004000300020001000000000A300B31
000600050004000300020001000000000A300B410000000D000C000B000A000900080007000600050004000300020001000000000A300B400000000D000C000B
00020001000000000A4009300000000D000C000B000A000900080007000600050004000300020001000000000A300B420000000D000C000B000A000900080007
0A400932000E000D000C000B000A000900080007000600050004000300020001000000000A400931000E000D000C000B000A0009000800070006000500040003
0000000000000000000000000000000000000000000000000000000000000000001C000D000C000B000A0009000800070006000500040003000200010000000E
01010101010101010101010101010101010101010101010101010101010101010101010101010101010101010101010101010101010101010101010101010101
01010101010101010101010101010101000101010101010101010101010101010101010101010101010101010101010001010101010101010101010101010101
000A0009000800070006000500040003000200010000000F0A400941000F000D000C000B000A000900080007000600050004000300020001000000010A400940
000600050004000300020001000000E00A400950001D000D000C000B000A0009000800070006000500040003000200010000000F0A400942001D000D000C000B
00020001000000EE0A40095200EE000D000C000B000A000900080007000600050004000300020001000000E00A40095100EE000D000C000B000A000900080007
0A400A31001F000D000C000B000A000900080007000600050004000300020001000000110A400A3000FC000D000C000B000A0009000800070006000500040003
0000000000000000000000000000000000000000000000000000000000000000002D000D000C000B000A0009000800070006000500040003000200010000001F
01010101010101010101010101010101010000000000000000000000000000010101010101010101010101010101010101010101010101010101010101010101
02010101010101010101010101010102010101010101010101010101010101010101010101010101010101010101010101010101010101010101010101010101
000A000900080007000600050004000300020001000000F00A400A40002D000D000C000B000A0009000800070006000500040003000200010000001F0A400A32
000600050004000300020001000000FE0A400A4200FE000D000C000B000A000900080007000600050004000300020001000000F00A400A4100FE000D000C000B
00020001000000FF0A400A5100FF000D000C000B000A000900080007000600050004000300020001000000F10A400A50010C000D000C000B000A000900080007
0A400B30010D000D000C000B000A000900080007000600050004000300020001000000FF0A400A52010D000D000C000B000A0009000800070006000500040003
00000000000000000000000000000000000000000000000000000000000000000000000D000C000B000A00090008000700060005000400030002000100000000
02010101010101010101010101010102020101010101010101010101010101020201010101010101010101010101010202010101010101010101010101010102
02010101010101010101010101010102020101010101010101010101010101020201010101010101010101010101010202010101010101010101010101010102
000A000900080007000600050004000300020001000000000A400B320000000D000C000B000A000900080007000600050004000300020001000000000A400B31
000600050004000300020001000000000A400B410000000D000C000B000A000900080007000600050004000300020001000000000A400B400000000D000C000B
00020001000000000A400B500000000D000C000B000A000900080007000600050004000300020001000000000A400B420000000D000C000B000A000900080007
0A400B520000000D000C000B000A000900080007000600050004000300020001000000000A400B510000000D000C000B000A0009000800070006000500040003
00000000000000000000000000000000000000000000000000000000000000000000000D000C000B000A00090008000700060005000400030002000100000000
01010101010101010101010101010101010101010101010101010101010101010101010101010101010101010101010101010101010101010101010101010101
01010101010101010101010101010101010101010101010101010101010101010101010101010101010101010101010101010101010101010101010101010101
000A000900080007000600050004000300020001000000000A500941000E000D000C000B000A000900080007000600050004000300020001000000000A500940
000600050004000300020001000000010A500950001C000D000C000B000A0009000800070006000500040003000200010000000E0A500942000E000D000C000B
000200010000000F0A500952001D000D000C000B000A0009000800070006000500040003000200010000000F0A500951000F000D000C000B000A000900080007
0A50096100EE000D000C000B000A000900080007000600050004000300020001000000E00A500960001D000D000C000B000A0009000800070006000500040003
000000000000000000000000000000000000000000000000000000000000000000EE000D000C000B000A000900080007000600050004000300020001000000E0
01010101010101010101010101010101010101010101010101010101010101010001010101010101010101010101010101010101010101010101010101010100
01010101010101010101010101010101010101010101010101010101010101010100000000000000000000000000000101010101010101010101010101010101
000A000900080007000600050004000300020001000000110A500A4000FC000D000C000B000A000900080007000600050004000300020001000000EE0A500962
0006000500040003000200010000001F0A500A42002D000D000C000B000A0009000800070006000500040003000200010000001F0A500A41001F000D000C000B
00020001000000F00A500A5100FE000D000C000B000A000900080007000600050004000300020001000000F00A500A50002D000D000C000B000A000900080007
0A500A60010C000D000C000B000A000900080007000600050004000300020001000000FE0A500A5200FE000D000C000B000A0009000800070006000500040003
000000000000000000000000000000000000000000000000000000000000000000FF000D000C000B000A000900080007000600050004000300020001000000F1
02010101010101010101010101010102020101010101010101010101010101020101010101010101010101010101010101010101010101010101010101010101
02010101010101010101010101010102020101010101010101010101010101020201010101010101010101010101010202010101010101010101010101010102
000A000900080007000600050004000300020001000000FF0A500A62010D000D000C000B000A000900080007000600050004000300020001000000FF0A500A61
000600050004000300020001000000000A500B410000000D000C000B000A000900080007000600050004000300020001000000000A500B40010D000D000C000B
00020001000000000A500B500000000D000C000B000A000900080007000600050004000300020001000000000A500B420000000D000C000B000A000900080007
0A500B520000000D000C000B000A000900080007000600050004000300020001000000000A500B510000000D000C000B000A0009000800070006000500040003
00000000000000000000000000000000000000000000000000000000000000000000000D000C000B000A00090008000700060005000400030002000100000000
01010101010101010101010101010101020101010101010101010101010101020201010101010101010101010101010202010101010101010101010101010102
01010101010101010101010101010101010101010101010101010101010101010101010101010101010101010101010101010101010101010101010101010101
000A000900080007000600050004000300020001000000000A500B610000000D000C000B000A000900080007000600050004000300020001000000000A500B60
000600050004000300020001000000000A6009500000000D000C000B000A000900080007000600050004000300020001000000000A500B620000000D000C000B
000200010000000E0A600952000E000D000C000B000A000900080007000600050004000300020001000000000A600951000E000D000C000B000A000900080007
0A600961000F000D000C000B000A000900080007000600050004000300020001000000010A600960001C000D000C000B000A0009000800070006000500040003
0000000000000000000000000000000000000000000000000000000000000000001D000D000C000B000A0009000800070006000500040003000200010000000F
01010101010101010101010101010100010101010101010101010101010101010101010101010101010101010101010101010101010101010101010101010101
01010101010101010101010101010101010101010101010101010101010101010101010101010101010101010101010100010101010101010101010101010101
000A000900080007000600050004000300020001000000E00A600970001D000D000C000B000A0009000800070006000500040003000200010000000F0A600962
000600050004000300020001000000EE0A60097200EE000D000C000B000A000900080007000600050004000300020001000000E00A60097100EE000D000C000B
000200010000001F0A600A51001F000D000C000B000A000900080007000600050004000300020001000000110A600A5000FC000D000C000B000A000900080007
0A600A60002D000D000C000B000A0009000800070006000500040003000200010000001F0A600A52002D000D000C000B000A0009000800070006000500040003
000000000000000000000000000000000000000000000000000000000000000000FE000D000C000B000A000900080007000600050004000300020001000000F0
01010101010101010101010101010101010101010101010101010101010101010101010101010101010101010101010101000000000000000000000000000001
02010101010101010101010101010102020101010101010101010101010101020201010101010101010101010101010201010101010101010101010101010101
000A000900080007000600050004000300020001000000FE0A600A6200FE000D000C000B000A000900080007000600050004000300020001000000F00A600A61
000600050004000300020001000000FF0A600A7100FF000D000C000B000A000900080007000600050004000300020001000000F10A600A70010C000D000C000B
00020001000000000A600B50010D000D000C000B000A000900080007000600050004000300020001000000FF0A600A72010D000D000C000B000A000900080007
0A600B520000000D000C000B000A000900080007000600050004000300020001000000000A600B510000000D000C000B000A0009000800070006000500040003
00000000000000000000000000000000000000000000000000000000000000000000000D000C000B000A00090008000700060005000400030002000100000000
02010101010101010101010101010102020101010101010101010101010101020201010101010101010101010101010202010101010101010101010101010102
01010101010101010101010101010101010101010101010101010101010101010201010101010101010101010101010202010101010101010101010101010102
000A000900080007000600050004000300020001000000000A600B610000000D000C000B000A000900080007000600050004000300020001000000000A600B60
000600050004000300020001000000000A600B700000000D000C000B000A000900080007000600050004000300020001000000000A600B620000000D000C000B
00020001000000000A600B720000000D000C000B000A000900080007000600050004000300020001000000000A600B710000000D000C000B000A000900080007
0A700961000E000D000C000B000A000900080007000600050004000300020001000000000A7009600000000D000C000B000A0009000800070006000500040003
0000000000000000000000000000000000000000000000000000000000000000000E000D000C000B000A00090008000700060005000400030002000100000000
01010101010101010101010101010101010101010101010101010101010101010101010101010101010101010101010101010101010101010101010101010101
00010101010101010101010101010101010101010101010101010101010101000101010101010101010101010101010101010101010101010101010101010101
000A000900080007000600050004000300020001000000010A700970001C000D000C000B000A0009000800070006000500040003000200010000000E0A700962
0006000500040003000200010000000F0A700972001D000D000C000B000A0009000800070006000500040003000200010000000F0A700971000F000D000C000B
00020001000000E00A70098100EE000D000C000B000A000900080007000600050004000300020001000000E00A700980001D000D000C000B000A000900080007
0A700A6000FC000D000C000B000A000900080007000600050004000300020001000000EE0A70098200EE000D000C000B000A0009000800070006000500040003
0000000000000000000000000000000000000000000000000000000000000000001F000D000C000B000A00090008000700060005000400030002000100000011
01000000000000000000000000000001010101010101010101010101010101010101010101010101010101010101010101010101010101010101010101010101
01010101010101010101010101010101010101010101010101010101010101010101010101010101010101010101010101010101010101010101010101010101
000A0009000800070006000500040003000200010000001F0A700A62002D000D000C000B000A0009000800070006000500040003000200010000001F0A700A61
000600050004000300020001000000F00A700A7100FE000D000C000B000A000900080007000600050004000300020001000000F00A700A70002D000D000C000B
00020001000000F10A700A80010C000D000C000B000A000900080007000600050004000300020001000000FE0A700A7200FE000D000C000B000A000900080007
0A700A82010D000D000C000B000A000900080007000600050004000300020001000000FF0A700A8100FF000D000C000B000A0009000800070006000500040003
0000000000000000000000000000000000000000000000000000000000000000010D000D000C000B000A000900080007000600050004000300020001000000FF
02010101010101010101010101010102020101010101010101010101010101020201010101010101010101010101010202010101010101010101010101010102
02010101010101010101010101010102020101010101010101010101010101020201010101010101010101010101010202010101010101010101010101010102
000A000900080007000600050004000300020001000000000A700B610000000D000C000B000A000900080007000600050004000300020001000000000A700B60
000600050004000300020001000000000A700B700000000D000C000B000A000900080007000600050004000300020001000000000A700B620000000D000C000B
00020001000000000A700B720000000D000C000B000A000900080007000600050004000300020001000000000A700B710000000D000C000B000A000900080007
0A700B810000000D000C000B000A000900080007000600050004000300020001000000000A700B800000000D000C000B000A0009000800070006000500040003
00000000000000000000000000000000000000000000000000000000000000000000000D000C000B000A00090008000700060005000400030002000100000000
01010101010101010101010101010101010101010101010101010101010101010101010101010101010101010101010102010101010101010101010101010102
01010101010101010101010101010101010101010101010101010101010101010101010101010101010101010101010101010101010101010101010101010101
000A000900080007000600050004000300020001000000000A8009700000000D000C000B000A000900080007000600050004000300020001000000000A700B82
0006000500040003000200010000000E0A800972000E000D000C000B000A000900080007000600050004000300020001000000000A800971000E000D000C000B
000200010000000F0A800981000F000D000C000B000A000900080007000600050004000300020001000000010A800980001C000D000C000B000A000900080007
0A800990001D000D000C000B000A0009000800070006000500040003000200010000000F0A800982001D000D000C000B000A0009000800070006000500040003
000000000000000000000000000000000000000000000000000000000000000000EE000D000C000B000A000900080007000600050004000300020001000000E0
01010101010101010101010101010101000101010101010101010101010101010101010101010101010101010101010001010101010101010101010101010101
01010101010101010101010101010101010000000000000000000000000000010101010101010101010101010101010101010101010101010101010101010101
000A000900080007000600050004000300020001000000EE0A80099200EE000D000C000B000A000900080007000600050004000300020001000000E00A800991
0006000500040003000200010000001F0A800A71001F000D000C000B000A000900080007000600050004000300020001000000110A800A7000FC000D000C000B
00020001000000F00A800A80002D000D000C000B000A0009000800070006000500040003000200010000001F0A800A72002D000D000C000B000A000900080007
0A800A8200FE000D000C000B000A000900080007000600050004000300020001000000F00A800A8100FE000D000C000B000A0009000800070006000500040003
0000000000000000000000000000000000000000000000000000000000000000010C000D000C000B000A000900080007000600050004000300020001000000FE
02010101010101010101010101010102010101010101010101010101010101010101010101010101010101010101010101010101010101010101010101010101
02010101010101010101010101010102020101010101010101010101010101020201010101010101010101010101010202010101010101010101010101010102
000A000900080007000600050004000300020001000000FF0A800A9100FF000D000C000B000A000900080007000600050004000300020001000000F10A800A90
000600050004000300020001000000000A800B70010D000D000C000B000A000900080007000600050004000300020001000000FF0A800A92010D000D000C000B
00020001000000000A800B720000000D000C000B000A000900080007000600050004000300020001000000000A800B710000000D000C000B000A000900080007
0A800B810000000D000C000B000A000900080007000600050004000300020001000000000A800B800000000D000C000B000A0009000800070006000500040003
00000000000000000000000000000000000000000000000000000000000000000000000D000C000B000A00090008000700060005000400030002000100000000
02010101010101010101010101010102020101010101010101010101010101020201010101010101010101010101010202010101010101010101010101010102
01010101010101010101010101010101010101010101010101010101010101010101010101010101010101010101010101010101010101010101010101010101
000A000900080007000600050004000300020001000000000A800B900000000D000C000B000A000900080007000600050004000300020001000000000A800B82
000600050004000300020001000000000A800B920000000D000C000B000A000900080007000600050004000300020001000000000A800B910000000D000C000B
00020001000000000A900981000E000D000C000B000A000900080007000600050004000300020001000000000A9009800000000D000C000B000A000900080007
0A900990001C000D000C000B000A0009000800070006000500040003000200010000000E0A900982000E000D000C000B000A0009000800070006000500040003
0000000000000000000000000000000000000000000000000000000000000000000F000D000C000B000A00090008000700060005000400030002000100000001
01010101010101010101010101010101010101010101010101010101010101010101010101010101010101010101010101010101010101010101010101010101
01010101010101010101010101010101010101010101010101010101010101010001010101010101010101010101010101010101010101010101010101010100
000A0009000800070006000500040003000200010000000F0A900992001D000D000C000B000A0009000800070006000500040003000200010000000F0A900991
000600050004000300020001000000E00A9009A100EE000D000C000B000A000900080007000600050004000300020001000000E00A9009A0001D000D000C000B
00020001000000110A900A8000FC000D000C000B000A000900080007000600050004000300020001000000EE0A9009A200EE000D000C000B000A000900080007
0A900A82002D000D000C000B000A0009000800070006000500040003000200010000001F0A900A81001F000D000C000B000A0009000800070006000500040003
0000000000000000000000000000000000000000000000000000000000000000002D000D000C000B000A0009000800070006000500040003000200010000001F
01010101010101010101010101010101010101010101010101010101010101010100000000000000000000000000000101010101010101010101010101010101
02010101010101010101010101010102020101010101010101010101010101020101010101010101010101010101010101010101010101010101010101010101
000A000900080007000600050004000300020001000000F00A900A9100FE000D000C000B000A000900080007000600050004000300020001000000F00A900A90
000600050004000300020001000000F10A900AA0010C000D000C000B000A000900080007000600050004000300020001000000FE0A900A9200FE000D000C000B
00020001000000FF0A900AA2010D000D000C000B000A000900080007000600050004000300020001000000FF0A900AA100FF000D000C000B000A000900080007
0A900B810000000D000C000B000A000900080007000600050004000300020001000000000A900B80010D000D000C000B000A0009000800070006000500040003
00000000000000000000000000000000000000000000000000000000000000000000000D000C000B000A00090008000700060005000400030002000100000000
02010101010101010101010101010102020101010101010101010101010101020201010101010101010101010101010202010101010101010101010101010102
01010101010101010101010101010101020101010101010101010101010101020201010101010101010101010101010202010101010101010101010101010102
000A000900080007000600050004000300020001000000000A900B900000000D000C000B000A000900080007000600050004000300020001000000000A900B82
000600050004000300020001000000000A900B920000000D000C000B000A000900080007000600050004000300020001000000000A900B910000000D000C000B
00020001000000000A900BA10000000D000C000B000A000900080007000600050004000300020001000000000A900BA00000000D000C000B000A000900080007
0AA009900000000D000C000B000A000900080007000600050004000300020001000000000A900BA20000000D000C000B000A0009000800070006000500040003
0000000000000000000000000000000000000000000000000000000000000000000E000D000C000B000A00090008000700060005000400030002000100000000
01010101010101010101010101010101010101010101010101010101010101010101010101010101010101010101010101010101010101010101010101010101
01010101010101010101010101010100010101010101010101010101010101010101010101010101010101010101010101010101010101010101010101010101
000A0009000800070006000500040003000200010000000E0AA00992000E000D000C000B000A000900080007000600050004000300020001000000000AA00991
0006000500040003000200010000000F0AA009A1000F000D000C000B000A000900080007000600050004000300020001000000010AA009A0001C000D000C000B
00020001000000E00AA009B0001D000D000C000B000A0009000800070006000500040003000200010000000F0AA009A2001D000D000C000B000A000900080007
0AA009B200EE000D000C000B000A000900080007000600050004000300020001000000E00AA009B100EE000D000C000B000A0009000800070006000500040003
000000000000000000000000000000000000000000000000000000000000000000FC000D000C000B000A000900080007000600050004000300020001000000EE
01010101010101010101010101010101010101010101010101010101010101010101010101010101010101010101010100010101010101010101010101010101
01010101010101010101010101010101010101010101010101010101010101010101010101010101010101010101010101000000000000000000000000000001
000A0009000800070006000500040003000200010000001F0AA00A91001F000D000C000B000A000900080007000600050004000300020001000000110AA00A90
000600050004000300020001000000F00AA00AA0002D000D000C000B000A0009000800070006000500040003000200010000001F0AA00A92002D000D000C000B
00020001000000FE0AA00AA200FE000D000C000B000A000900080007000600050004000300020001000000F00AA00AA100FE000D000C000B000A000900080007
0AA00AB100FF000D000C000B000A000900080007000600050004000300020001000000F10AA00AB0010C000D000C000B000A0009000800070006000500040003
0000000000000000000000000000000000000000000000000000000000000000010D000D000C000B000A000900080007000600050004000300020001000000FF
02010101010101010101010101010102020101010101010101010101010101020201010101010101010101010101010201010101010101010101010101010101
02010101010101010101010101010102020101010101010101010101010101020201010101010101010101010101010202010101010101010101010101010102
000A000900080007000600050004000300020001000000000AA00B90010D000D000C000B000A000900080007000600050004000300020001000000FF0AA00AB2
000600050004000300020001000000000AA00B920000000D000C000B000A000900080007000600050004000300020001000000000AA00B910000000D000C000B
00020001000000000AA00BA10000000D000C000B000A000900080007000600050004000300020001000000000AA00BA00000000D000C000B000A000900080007
0AA00BB00000000D000C000B000A000900080007000600050004000300020001000000000AA00BA20000000D000C000B000A0009000800070006000500040003
00000000000000000000000000000000000000000000000000000000000000000000000D000C000B000A00090008000700060005000400030002000100000000
01010101010101010101010101010101010101010101010101010101010101010201010101010101010101010101010202010101010101010101010101010102
01010101010101010101010101010101010101010101010101010101010101010101010101010101010101010101010101010101010101010101010101010101
000A000900080007000600050004000300020001000000000AA00BB20000000D000C000B000A000900080007000600050004000300020001000000000AA00BB1
000600050004000300020001000000000AB009A1000E000D000C000B000A000900080007000600050004000300020001000000000AB009A00000000D000C000B
00020001000000010AB009B0001C000D000C000B000A0009000800070006000500040003000200010000000E0AB009A2000E000D000C000B000A000900080007
0AB009B2001D000D000C000B000A0009000800070006000500040003000200010000000F0AB009B1000F000D000C000B000A0009000800070006000500040003
0000000000000000000000000000000000000000000000000000000000000000001D000D000C000B000A0009000800070006000500040003000200010000000F
00010101010101010101010101010101010101010101010101010101010101000101010101010101010101010101010101010101010101010101010101010101
01000000000000000000000000000001010101010101010101010101010101010101010101010101010101010101010101010101010101010101010101010101
000A000900080007000600050004000300020001000000E00AB009C100EE000D000C000B000A000900080007000600050004000300020001000000E00AB009C0
000600050004000300020001000000110AB00AA000FC000D000C000B000A000900080007000600050004000300020001000000EE0AB009C200EE000D000C000B
000200010000001F0AB00AA2002D000D000C000B000A0009000800070006000500040003000200010000001F0AB00AA1001F000D000C000B000A000900080007
0AB00AB100FE000D000C000B000A000900080007000600050004000300020001000000F00AB00AB0002D000D000C000B000A0009000800070006000500040003
000000000000000000000000000000000000000000000000000000000000000000FE000D000C000B000A000900080007000600050004000300020001000000F0
01010101010101010101010101010101010101010101010101010101010101010101010101010101010101010101010101010101010101010101010101010101
02010101010101010101010101010102020101010101010101010101010101020201010101010101010101010101010202010101010101010101010101010102
000A000900080007000600050004000300020001000000F10AB00AC0010C000D000C000B000A000900080007000600050004000300020001000000FE0AB00AB2
000600050004000300020001000000FF0AB00AC2010D000D000C000B000A000900080007000600050004000300020001000000FF0AB00AC100FF000D000C000B
00020001000000000AB00BA10000000D000C000B000A000900080007000600050004000300020001000000000AB00BA0010D000D000C000B000A000900080007
0AB00BB00000000D000C000B000A000900080007000600050004000300020001000000000AB00BA20000000D000C000B000A0009000800070006000500040003
00000000000000000000000000000000000000000000000000000000000000000000000D000C000B000A00090008000700060005000400030002000100000000
02010101010101010101010101010102020101010101010101010101010101020201010101010101010101010101010202010101010101010101010101010102
01010101010101010101010101010101010101010101010101010101010101010101010101010101010101010101010102010101010101010101010101010102
000A000900080007000600050004000300020001000000000AB00BB20000000D000C000B000A000900080007000600050004000300020001000000000AB00BB1
000600050004000300020001000000000AB00BC10000000D000C000B000A000900080007000600050004000300020001000000000AB00BC00000000D000C000B
00020001000000000AC009B00000000D000C000B000A000900080007000600050004000300020001000000000AB00BC20000000D000C000B000A000900080007
0AC009B2000E000D000C000B000A000900080007000600050004000300020001000000000AC009B1000E000D000C000B000A0009000800070006000500040003
0000000000000000000000000000000000000000000000000000000000000000001C000D000C000B000A0009000800070006000500040003000200010000000E
01010101010101010101010101010101010101010101010101010101010101010101010101010101010101010101010101010101010101010101010101010101
01010101010101010101010101010101000101010101010101010101010101010101010101010101010101010101010001010101010101010101010101010101
000A0009000800070006000500040003000200010000000F0AC009C1000F000D000C000B000A000900080007000600050004000300020001000000010AC009C0
000600050004000300020001000000E00AC009D0001D000D000C000B000A0009000800070006000500040003000200010000000F0AC009C2001D000D000C000B
00020001000000EE0AC009D200EE000D000C000B000A000900080007000600050004000300020001000000E00AC009D100EE000D000C000B000A000900080007
0AC00AB1001F000D000C000B000A000900080007000600050004000300020001000000110AC00AB000FC000D000C000B000A0009000800070006000500040003
0000000000000000000000000000000000000000000000000000000000000000002D000D000C000B000A0009000800070006000500040003000200010000001F
01010101010101010101010101010101010000000000000000000000000000010101010101010101010101010101010101010101010101010101010101010101
02010101010101010101010101010102010101010101010101010101010101010101010101010101010101010101010101010101010101010101010101010101
000A000900080007000600050004000300020001000000F00AC00AC0002D000D000C000B000A0009000800070006000500040003000200010000001F0AC00AB2
000600050004000300020001000000FE0AC00AC200FE000D000C000B000A000900080007000600050004000300020001000000F00AC00AC100FE000D000C000B
00020001000000FF0AC00AD100FF000D000C000B000A000900080007000600050004000300020001000000F10AC00AD0010C000D000C000B000A000900080007
0AC00BB0010D000D000C000B000A000900080007000600050004000300020001000000FF0AC00AD2010D000D000C000B000A0009000800070006000500040003
00000000000000000000000000000000000000000000000000000000000000000000000D000C000B000A00090008000700060005000400030002000100000000
02010101010101010101010101010102020101010101010101010101010101020201010101010101010101010101010202010101010101010101010101010102
02010101010101010101010101010102020101010101010101010101010101020201010101010101010101010101010202010101010101010101010101010102
000A000900080007000600050004000300020001000000000AC00BB20000000D000C000B000A000900080007000600050004000300020001000000000AC00BB1
000600050004000300020001000000000AC00BC10000000D000C000B000A000900080007000600050004000300020001000000000AC00BC00000000D000C000B
00020001000000000AC00BD00000000D000C000B000A000900080007000600050004000300020001000000000AC00BC20000000D000C000B000A000900080007
0AC00BD20000000D000C000B000A000900080007000600050004000300020001000000000AC00BD10000000D000C000B000A0009000800070006000500040003
00000000000000000000000000000000000000000000000000000000000000000000000D000C000B000A00090008000700060005000400030002000100000000
01010101010101010101010101010101010101010101010101010101010101010101010101010101010101010101010101010101010101010101010101010101
01010101010101010101010101010101010101010101010101010101010101010101010101010101010101010101010101010101010101010101010101010101
000A000900080007000600050004000300020001000000000AD009C1000E000D000C000B000A000900080007000600050004000300020001000000000AD009C0
000600050004000300020001000000010AD009D0001C000D000C000B000A0009000800070006000500040003000200010000000E0AD009C2000E000D000C000B
000200010000000F0AD009D2001D000D000C000B000A0009000800070006000500040003000200010000000F0AD009D1000F000D000C000B000A000900080007
0AD009E100EE000D000C000B000A000900080007000600050004000300020001000000E00AD009E0001D000D000C000B000A0009000800070006000500040003
000000000000000000000000000000000000000000000000000000000000000000EE000D000C000B000A000900080007000600050004000300020001000000E0
01010101010101010101010101010101010101010101010101010101010101010001010101010101010101010101010101010101010101010101010101010100
01010101010101010101010101010101010101010101010101010101010101010100000000000000000000000000000101010101010101010101010101010101
000A000900080007000600050004000300020001000000110AD00AC000FC000D000C000B000A000900080007000600050004000300020001000000EE0AD009E2
0006000500040003000200010000001F0AD00AC2002D000D000C000B000A0009000800070006000500040003000200010000001F0AD00AC1001F000D000C000B
00020001000000F00AD00AD100FE000D000C000B000A000900080007000600050004000300020001000000F00AD00AD0002D000D000C000B000A000900080007
0AD00AE0010C000D000C000B000A000900080007000600050004000300020001000000FE0AD00AD200FE000D000C000B000A0009000800070006000500040003
000000000000000000000000000000000000000000000000000000000000000000FF000D000C000B000A000900080007000600050004000300020001000000F1
02010101010101010101010101010102020101010101010101010101010101020101010101010101010101010101010101010101010101010101010101010101
02010101010101010101010101010102020101010101010101010101010101020201010101010101010101010101010202010101010101010101010101010102
000A000900080007000600050004000300020001000000FF0AD00AE2010D000D000C000B000A000900080007000600050004000300020001000000FF0AD00AE1
000600050004000300020001000000000AD00BC10000000D000C000B000A000900080007000600050004000300020001000000000AD00BC0010D000D000C000B
00020001000000000AD00BD00000000D000C000B000A000900080007000600050004000300020001000000000AD00BC20000000D000C000B000A000900080007
0AD00BD20000000D000C000B000A000900080007000600050004000300020001000000000AD00BD10000000D000C000B000A0009000800070006000500040003
00000000000000000000000000000000000000000000000000000000000000000000000D000C000B000A00090008000700060005000400030002000100000000
01010101010101010101010101010101020101010101010101010101010101020201010101010101010101010101010202010101010101010101010101010102
01010101010101010101010101010101010101010101010101010101010101010101010101010101010101010101010101010101010101010101010101010101
000A000900080007000600050004000300020001000000000AD00BE10000000D000C000B000A000900080007000600050004000300020001000000000AD00BE0
000600050004000300020001000000000AE009D00000000D000C000B000A000900080007000600050004000300020001000000000AD00BE20000000D000C000B
000200010000000E0AE009D2000E000D000C000B000A000900080007000600050004000300020001000000000AE009D1000E000D000C000B000A000900080007
0AE009E1000F000D000C000B000A000900080007000600050004000300020001000000010AE009E0001C000D000C000B000A0009000800070006000500040003
0000000000000000000000000000000000000000000000000000000000000000001D000D000C000B000A0009000800070006000500040003000200010000000F
01010101010101010101010101010100010101010101010101010101010101010101010101010101010101010101010101010101010101010101010101010101
01010101010101010101010101010101010101010101010101010101010101010101010101010101010101010101010100010101010101010101010101010101
000A000900080007000600050004000300020001000000E00AE009F0001D000D000C000B000A0009000800070006000500040003000200010000000F0AE009E2
000600050004000300020001000000EE0AE009F200EE000D000C000B000A000900080007000600050004000300020001000000E00AE009F100EE000D000C000B
000200010000001F0AE00AD1001F000D000C000B000A000900080007000600050004000300020001000000110AE00AD000FC000D000C000B000A000900080007
0AE00AE0002D000D000C000B000A0009000800070006000500040003000200010000001F0AE00AD2002D000D000C000B000A0009000800070006000500040003
000000000000000000000000000000000000000000000000000000000000000000FE000D000C000B000A000900080007000600050004000300020001000000F0
01010101010101010101010101010101010101010101010101010101010101010101010101010101010101010101010101000000000000000000000000000001
02010101010101010101010101010102020101010101010101010101010101020201010101010101010101010101010201010101010101010101010101010101
000A000900080007000600050004000300020001000000FE0AE00AE200FE000D000C000B000A000900080007000600050004000300020001000000F00AE00AE1
000600050004000300020001000000FF0AE00AF100FF000D000C000B000A000900080007000600050004000300020001000000F10AE00AF0010C000D000C000B
00020001000000000AE00BD0010D000D000C000B000A000900080007000600050004000300020001000000FF0AE00AF2010D000D000C000B000A000900080007
0AE00BD20000000D000C000B000A000900080007000600050004000300020001000000000AE00BD10000000D000C000B000A0009000800070006000500040003
00000000000000000000000000000000000000000000000000000000000000000000000D000C000B000A00090008000700060005000400030002000100000000
02010101010101010101010101010102020101010101010101010101010101020201010101010101010101010101010202010101010101010101010101010102
01010101010101010101010101010101010101010101010101010101010101010201010101010101010101010101010202010101010101010101010101010102
000A000900080007000600050004000300020001000000000AE00BE10000000D000C000B000A000900080007000600050004000300020001000000000AE00BE0
000600050004000300020001000000000AE00BF00000000D000C000B000A000900080007000600050004000300020001000000000AE00BE20000000D000C000B
00020001000000000AE00BF20000000D000C000B000A000900080007000600050004000300020001000000000AE00BF10000000D000C000B000A000900080007
0AF009E1000E000D000C000B000A000900080007000600050004000300020001000000000AF009E00000000D000C000B000A0009000800070006000500040003
0000000000000000000000000000000000000000000000000000000000000000000E000D000C000B000A00090008000700060005000400030002000100000000
01010101010101010101010101010101010101010101010101010101010101010101010101010101010101010101010101010101010101010101010101010101
01010101010101010101010101010101010101010101010101010101010101010001010101010101010101010101010101010101010101010101010101010100
000A000900080007000600050004000300020001000000010AF009F0001C000D000C000B000A0009000800070006000500040003000200010000000E0AF009E2
000600050004000300020001000000EF0AF009F200FD000D000C000B000A000900080007000600050004000300020001000000EF0AF009F1000F000D000C000B
00020001000000100AF00AE1001E000D000C000B000A000900080007000600050004000300020001000000100AF00AE000FD000D000C000B000A000900080007
0AF00AF0010C000D000C000B000A000900080007000600050004000300020001000000FE0AF00AE2001E000D000C000B000A0009000800070006000500040003
000000000000000000000000000000000000000000000000000000000000000000FF000D000C000B000A000900080007000600050004000300020001000000F1
02010101010101010101010101010102020101010101010101010101010101020101010101010101010101010101010101000000000000000000000000000001
02010101010101010101010101010102020101010101010101010101010101020201010101010101010101010101010202010101010101010101010101010102
000A000900080007000600050004000300020001000000FF0AF00AF2010D000D000C000B000A000900080007000600050004000300020001000000FF0AF00AF1
000600050004000300020001000000000AF00BE10000000D000C000B000A000900080007000600050004000300020001000000000AF00BE0010D000D000C000B
00020001000000000AF00BF00000000D000C000B000A000900080007000600050004000300020001000000000AF00BE20000000D000C000B000A000900080007
0AF00BF20000000D000C000B000A000900080007000600050004000300020001000000000AF00BF10000000D000C000B000A0009000800070006000500040003
00000000000000000000000000000000000000000000000000000000000000000000000D000C000B000A00090008000700060005000400030002000100000000
01010101010101010101010101010101010101010101010101010101010101010101010101010101010101010101010101010101010101010101010101010101
01000000000000000000000000000001010101010101010101010101010101010001010101010101010101010101010101010101010101010101010101010100
000A000900080007000600050004000300020001000000000B000A01000E000D000C000B000A000900080007000600050004000300020001000000000B000A00
000600050004000300020001000000010B000A10001C000D000C000B000A0009000800070006000500040003000200010000000E0B000A02000E000D000C000B
00020001000000EF0B000A1200FD000D000C000B000A000900080007000600050004000300020001000000EF0B000A11000F000D000C000B000A000900080007
0B000B01001E000D000C000B000A000900080007000600050004000300020001000000100B000B0000FD000D000C000B000A0009000800070006000500040003
0000000000000000000000000000000000000000000000000000000000000000001E000D000C000B000A00090008000700060005000400030002000100000010
01010101010101010101010101010101010101010101010101010101010101010101010101010101010101010101010101010101010101010101010101010101
02010101010101010101010101010102020101010101010101010101010101020201010101010101010101010101010202010101010101010101010101010102
000A000900080007000600050004000300020001000000F10B000B10010C000D000C000B000A000900080007000600050004000300020001000000FE0B000B02
000600050004000300020001000000FF0B000B12010D000D000C000B000A000900080007000600050004000300020001000000FF0B000B1100FF000D000C000B
00020001000000000B000C010000000D000C000B000A000900080007000600050004000300020001000000000B000C00010D000D000C000B000A000900080007
0B000C100000000D000C000B000A000900080007000600050004000300020001000000000B000C020000000D000C000B000A0009000800070006000500040003
00000000000000000000000000000000000000000000000000000000000000000000000D000C000B000A00090008000700060005000400030002000100000000
01010101010101010101010101010101010101010101010101010101010101010201010101010101010101010101010202010101010101010101010101010102
01010101010101010101010101010101010101010101010101010101010101010101010101010101010101010101010101010101010101010101010101010101
000A000900080007000600050004000300020001000000000B000C120000000D000C000B000A000900080007000600050004000300020001000000000B000C11
000600050004000300020001000000000B100A01000E000D000C000B000A000900080007000600050004000300020001000000000B100A000000000D000C000B
00020001000000010B100A10001C000D000C000B000A0009000800070006000500040003000200010000000E0B100A02000E000D000C000B000A000900080007
0B100A12001D000D000C000B000A0009000800070006000500040003000200010000000F0B100A11000F000D000C000B000A0009000800070006000500040003
0000000000000000000000000000000000000000000000000000000000000000001D000D000C000B000A0009000800070006000500040003000200010000000F
00010101010101010101010101010101010101010101010101010101010101000101010101010101010101010101010101010101010101010101010101010101
01000000000000000000000000000001010101010101010101010101010101010101010101010101010101010101010101010101010101010101010101010101
000A000900080007000600050004000300020001000000E00B100A2100EE000D000C000B000A000900080007000600050004000300020001000000E00B100A20
000600050004000300020001000000110B100B0000FC000D000C000B000A000900080007000600050004000300020001000000EE0B100A2200EE000D000C000B
000200010000001F0B100B02002D000D000C000B000A0009000800070006000500040003000200010000001F0B100B01001F000D000C000B000A000900080007
0B100B1100FE000D000C000B000A000900080007000600050004000300020001000000F00B100B10002D000D000C000B000A0009000800070006000500040003
000000000000000000000000000000000000000000000000000000000000000000FE000D000C000B000A000900080007000600050004000300020001000000F0
01010101010101010101010101010101010101010101010101010101010101010101010101010101010101010101010101010101010101010101010101010101
02010101010101010101010101010102020101010101010101010101010101020201010101010101010101010101010202010101010101010101010101010102
000A000900080007000600050004000300020001000000F10B100B20010C000D000C000B000A000900080007000600050004000300020001000000FE0B100B12
000600050004000300020001000000FF0B100B22010D000D000C000B000A000900080007000600050004000300020001000000FF0B100B2100FF000D000C000B
00020001000000000B100C010000000D000C000B000A000900080007000600050004000300020001000000000B100C00010D000D000C000B000A000900080007
0B100C100000000D000C000B000A000900080007000600050004000300020001000000000B100C020000000D000C000B000A0009000800070006000500040003
00000000000000000000000000000000000000000000000000000000000000000000000D000C000B000A00090008000700060005000400030002000100000000
02010101010101010101010101010102020101010101010101010101010101020201010101010101010101010101010202010101010101010101010101010102
01010101010101010101010101010101010101010101010101010101010101010101010101010101010101010101010102010101010101010101010101010102
000A000900080007000600050004000300020001000000000B100C120000000D000C000B000A000900080007000600050004000300020001000000000B100C11
000600050004000300020001000000000B100C210000000D000C000B000A000900080007000600050004000300020001000000000B100C200000000D000C000B
00020001000000000B200A100000000D000C000B000A000900080007000600050004000300020001000000000B100C220000000D000C000B000A000900080007
0B200A12000E000D000C000B000A000900080007000600050004000300020001000000000B200A11000E000D000C000B000A0009000800070006000500040003
0000000000000000000000000000000000000000000000000000000000000000001C000D000C000B000A0009000800070006000500040003000200010000000E
01010101010101010101010101010101010101010101010101010101010101010101010101010101010101010101010101010101010101010101010101010101
01010101010101010101010101010101000101010101010101010101010101010101010101010101010101010101010001010101010101010101010101010101
000A0009000800070006000500040003000200010000000F0B200A21000F000D000C000B000A000900080007000600050004000300020001000000010B200A20
000600050004000300020001000000E00B200A30001D000D000C000B000A0009000800070006000500040003000200010000000F0B200A22001D000D000C000B
00020001000000EE0B200A3200EE000D000C000B000A000900080007000600050004000300020001000000E00B200A3100EE000D000C000B000A000900080007
0B200B11001F000D000C000B000A000900080007000600050004000300020001000000110B200B1000FC000D000C000B000A0009000800070006000500040003
0000000000000000000000000000000000000000000000000000000000000000002D000D000C000B000A0009000800070006000500040003000200010000001F
01010101010101010101010101010101010000000000000000000000000000010101010101010101010101010101010101010101010101010101010101010101
02010101010101010101010101010102010101010101010101010101010101010101010101010101010101010101010101010101010101010101010101010101
000A000900080007000600050004000300020001000000F00B200B20002D000D000C000B000A0009000800070006000500040003000200010000001F0B200B12
000600050004000300020001000000FE0B200B2200FE000D000C000B000A000900080007000600050004000300020001000000F00B200B2100FE000D000C000B
00020001000000FF0B200B3100FF000D000C000B000A000900080007000600050004000300020001000000F10B200B30010C000D000C000B000A000900080007
0B200C10010D000D000C000B000A000900080007000600050004000300020001000000FF0B200B32010D000D000C000B000A0009000800070006000500040003
00000000000000000000000000000000000000000000000000000000000000000000000D000C000B000A00090008000700060005000400030002000100000000
02010101010101010101010101010102020101010101010101010101010101020201010101010101010101010101010202010101010101010101010101010102
02010101010101010101010101010102020101010101010101010101010101020201010101010101010101010101010202010101010101010101010101010102
000A000900080007000600050004000300020001000000000B200C120000000D000C000B000A000900080007000600050004000300020001000000000B200C11
000600050004000300020001000000000B200C210000000D000C000B000A000900080007000600050004000300020001000000000B200C200000000D000C000B
00020001000000000B200C300000000D000C000B000A000900080007000600050004000300020001000000000B200C220000000D000C000B000A000900080007
0B200C320000000D000C000B000A000900080007000600050004000300020001000000000B200C310000000D000C000B000A0009000800070006000500040003
00000000000000000000000000000000000000000000000000000000000000000000000D000C000B000A00090008000700060005000400030002000100000000
01010101010101010101010101010101010101010101010101010101010101010101010101010101010101010101010101010101010101010101010101010101
01010101010101010101010101010101010101010101010101010101010101010101010101010101010101010101010101010101010101010101010101010101
000A000900080007000600050004000300020001000000000B300A21000E000D000C000B000A000900080007000600050004000300020001000000000B300A20
000600050004000300020001000000010B300A30001C000D000C000B000A0009000800070006000500040003000200010000000E0B300A22000E000D000C000B
000200010000000F0B300A32001D000D000C000B000A0009000800070006000500040003000200010000000F0B300A31000F000D000C000B000A000900080007
0B300A4100EE000D000C000B000A000900080007000600050004000300020001000000E00B300A40001D000D000C000B000A0009000800070006000500040003
000000000000000000000000000000000000000000000000000000000000000000EE000D000C000B000A000900080007000600050004000300020001000000E0
01010101010101010101010101010101010101010101010101010101010101010001010101010101010101010101010101010101010101010101010101010100
01010101010101010101010101010101010101010101010101010101010101010100000000000000000000000000000101010101010101010101010101010101
000A000900080007000600050004000300020001000000110B300B2000FC000D000C000B000A000900080007000600050004000300020001000000EE0B300A42
0006000500040003000200010000001F0B300B22002D000D000C000B000A0009000800070006000500040003000200010000001F0B300B21001F000D000C000B
00020001000000F00B300B3100FE000D000C000B000A000900080007000600050004000300020001000000F00B300B30002D000D000C000B000A000900080007
0B300B40010C000D000C000B000A000900080007000600050004000300020001000000FE0B300B3200FE000D000C000B000A0009000800070006000500040003
000000000000000000000000000000000000000000000000000000000000000000FF000D000C000B000A000900080007000600050004000300020001000000F1
02010101010101010101010101010102020101010101010101010101010101020101010101010101010101010101010101010101010101010101010101010101
02010101010101010101010101010102020101010101010101010101010101020201010101010101010101010101010202010101010101010101010101010102
000A000900080007000600050004000300020001000000FF0B300B42010D000D000C000B000A000900080007000600050004000300020001000000FF0B300B41
000600050004000300020001000000000B300C210000000D000C000B000A000900080007000600050004000300020001000000000B300C20010D000D000C000B
00020001000000000B300C300000000D000C000B000A000900080007000600050004000300020001000000000B300C220000000D000C000B000A000900080007
0B300C320000000D000C000B000A000900080007000600050004000300020001000000000B300C310000000D000C000B000A0009000800070006000500040003
00000000000000000000000000000000000000000000000000000000000000000000000D000C000B000A00090008000700060005000400030002000100000000
01010101010101010101010101010101020101010101010101010101010101020201010101010101010101010101010202010101010101010101010101010102
01010101010101010101010101010101010101010101010101010101010101010101010101010101010101010101010101010101010101010101010101010101
000A000900080007000600050004000300020001000000000B300C410000000D000C000B000A000900080007000600050004000300020001000000000B300C40
000600050004000300020001000000000B400A300000000D000C000B000A000900080007000600050004000300020001000000000B300C420000000D000C000B
000200010000000E0B400A32000E000D000C000B000A000900080007000600050004000300020001000000000B400A31000E000D000C000B000A000900080007
0B400A41000F000D000C000B000A000900080007000600050004000300020001000000010B400A40001C000D000C000B000A0009000800070006000500040003
0000000000000000000000000000000000000000000000000000000000000000001D000D000C000B000A0009000800070006000500040003000200010000000F
01010101010101010101010101010100010101010101010101010101010101010101010101010101010101010101010101010101010101010101010101010101
01010101010101010101010101010101010101010101010101010101010101010101010101010101010101010101010100010101010101010101010101010101
000A000900080007000600050004000300020001000000E00B400A50001D000D000C000B000A0009000800070006000500040003000200010000000F0B400A42
000600050004000300020001000000EE0B400A5200EE000D000C000B000A000900080007000600050004000300020001000000E00B400A5100EE000D000C000B
000200010000001F0B400B31001F000D000C000B000A000900080007000600050004000300020001000000110B400B3000FC000D000C000B000A000900080007
0B400B40002D000D000C000B000A0009000800070006000500040003000200010000001F0B400B32002D000D000C000B000A0009000800070006000500040003
000000000000000000000000000000000000000000000000000000000000000000FE000D000C000B000A000900080007000600050004000300020001000000F0
01010101010101010101010101010101010101010101010101010101010101010101010101010101010101010101010101000000000000000000000000000001
02010101010101010101010101010102020101010101010101010101010101020201010101010101010101010101010201010101010101010101010101010101
000A000900080007000600050004000300020001000000FE0B400B4200FE000D000C000B000A000900080007000600050004000300020001000000F00B400B41
000600050004000300020001000000FF0B400B5100FF000D000C000B000A000900080007000600050004000300020001000000F10B400B50010C000D000C000B
00020001000000000B400C30010D000D000C000B000A000900080007000600050004000300020001000000FF0B400B52010D000D000C000B000A000900080007
0B400C320000000D000C000B000A000900080007000600050004000300020001000000000B400C310000000D000C000B000A0009000800070006000500040003
00000000000000000000000000000000000000000000000000000000000000000000000D000C000B000A00090008000700060005000400030002000100000000
02010101010101010101010101010102020101010101010101010101010101020201010101010101010101010101010202010101010101010101010101010102
01010101010101010101010101010101010101010101010101010101010101010201010101010101010101010101010202010101010101010101010101010102
000A000900080007000600050004000300020001000000000B400C410000000D000C000B000A000900080007000600050004000300020001000000000B400C40
000600050004000300020001000000000B400C500000000D000C000B000A000900080007000600050004000300020001000000000B400C420000000D000C000B
00020001000000000B400C520000000D000C000B000A000900080007000600050004000300020001000000000B400C510000000D000C000B000A000900080007
0B500A41000E000D000C000B000A000900080007000600050004000300020001000000000B500A400000000D000C000B000A0009000800070006000500040003
0000000000000000000000000000000000000000000000000000000000000000000E000D000C000B000A00090008000700060005000400030002000100000000
01010101010101010101010101010101010101010101010101010101010101010101010101010101010101010101010101010101010101010101010101010101
00010101010101010101010101010101010101010101010101010101010101000101010101010101010101010101010101010101010101010101010101010101
000A000900080007000600050004000300020001000000010B500A50001C000D000C000B000A0009000800070006000500040003000200010000000E0B500A42
0006000500040003000200010000000F0B500A52001D000D000C000B000A0009000800070006000500040003000200010000000F0B500A51000F000D000C000B
00020001000000E00B500A6100EE000D000C000B000A000900080007000600050004000300020001000000E00B500A60001D000D000C000B000A000900080007
0B500B4000FC000D000C000B000A000900080007000600050004000300020001000000EE0B500A6200EE000D000C000B000A0009000800070006000500040003
0000000000000000000000000000000000000000000000000000000000000000001F000D000C000B000A00090008000700060005000400030002000100000011
01000000000000000000000000000001010101010101010101010101010101010101010101010101010101010101010101010101010101010101010101010101
01010101010101010101010101010101010101010101010101010101010101010101010101010101010101010101010101010101010101010101010101010101
000A0009000800070006000500040003000200010000001F0B500B42002D000D000C000B000A0009000800070006000500040003000200010000001F0B500B41
000600050004000300020001000000F00B500B5100FE000D000C000B000A000900080007000600050004000300020001000000F00B500B50002D000D000C000B
00020001000000F10B500B60010C000D000C000B000A000900080007000600050004000300020001000000FE0B500B5200FE000D000C000B000A000900080007
0B500B62010D000D000C000B000A000900080007000600050004000300020001000000FF0B500B6100FF000D000C000B000A0009000800070006000500040003
0000000000000000000000000000000000000000000000000000000000000000010D000D000C000B000A000900080007000600050004000300020001000000FF
02010101010101010101010101010102020101010101010101010101010101020201010101010101010101010101010202010101010101010101010101010102
02010101010101010101010101010102020101010101010101010101010101020201010101010101010101010101010202010101010101010101010101010102
000A000900080007000600050004000300020001000000000B500C410000000D000C000B000A000900080007000600050004000300020001000000000B500C40
000600050004000300020001000000000B500C500000000D000C000B000A000900080007000600050004000300020001000000000B500C420000000D000C000B
00020001000000000B500C520000000D000C000B000A000900080007000600050004000300020001000000000B500C510000000D000C000B000A000900080007
0B500C610000000D000C000B000A000900080007000600050004000300020001000000000B500C600000000D000C000B000A0009000800070006000500040003
00000000000000000000000000000000000000000000000000000000000000000000000D000C000B000A00090008000700060005000400030002000100000000
01010101010101010101010101010101010101010101010101010101010101010101010101010101010101010101010102010101010101010101010101010102
01010101010101010101010101010101010101010101010101010101010101010101010101010101010101010101010101010101010101010101010101010101
000A000900080007000600050004000300020001000000000B600A500000000D000C000B000A000900080007000600050004000300020001000000000B500C62
0006000500040003000200010000000E0B600A52000E000D000C000B000A000900080007000600050004000300020001000000000B600A51000E000D000C000B
000200010000000F0B600A61000F000D000C000B000A000900080007000600050004000300020001000000010B600A60001C000D000C000B000A000900080007
0B600A70001D000D000C000B000A0009000800070006000500040003000200010000000F0B600A62001D000D000C000B000A0009000800070006000500040003
000000000000000000000000000000000000000000000000000000000000000000EE000D000C000B000A000900080007000600050004000300020001000000E0
01010101010101010101010101010101000101010101010101010101010101010101010101010101010101010101010001010101010101010101010101010101
01010101010101010101010101010101010000000000000000000000000000010101010101010101010101010101010101010101010101010101010101010101
000A000900080007000600050004000300020001000000EE0B600A7200EE000D000C000B000A000900080007000600050004000300020001000000E00B600A71
0006000500040003000200010000001F0B600B51001F000D000C000B000A000900080007000600050004000300020001000000110B600B5000FC000D000C000B
00020001000000F00B600B60002D000D000C000B000A0009000800070006000500040003000200010000001F0B600B52002D000D000C000B000A000900080007
0B600B6200FE000D000C000B000A000900080007000600050004000300020001000000F00B600B6100FE000D000C000B000A0009000800070006000500040003
0000000000000000000000000000000000000000000000000000000000000000010C000D000C000B000A000900080007000600050004000300020001000000FE
02010101010101010101010101010102010101010101010101010101010101010101010101010101010101010101010101010101010101010101010101010101
02010101010101010101010101010102020101010101010101010101010101020201010101010101010101010101010202010101010101010101010101010102
000A000900080007000600050004000300020001000000FF0B600B7100FF000D000C000B000A000900080007000600050004000300020001000000F10B600B70
000600050004000300020001000000000B600C50010D000D000C000B000A000900080007000600050004000300020001000000FF0B600B72010D000D000C000B
00020001000000000B600C520000000D000C000B000A000900080007000600050004000300020001000000000B600C510000000D000C000B000A000900080007
0B600C610000000D000C000B000A000900080007000600050004000300020001000000000B600C600000000D000C000B000A0009000800070006000500040003
00000000000000000000000000000000000000000000000000000000000000000000000D000C000B000A00090008000700060005000400030002000100000000
02010101010101010101010101010102020101010101010101010101010101020201010101010101010101010101010202010101010101010101010101010102
01010101010101010101010101010101010101010101010101010101010101010101010101010101010101010101010101010101010101010101010101010101
000A000900080007000600050004000300020001000000000B600C700000000D000C000B000A000900080007000600050004000300020001000000000B600C62
000600050004000300020001000000000B600C720000000D000C000B000A000900080007000600050004000300020001000000000B600C710000000D000C000B
00020001000000000B700A61000E000D000C000B000A000900080007000600050004000300020001000000000B700A600000000D000C000B000A000900080007
0B700A70001C000D000C000B000A0009000800070006000500040003000200010000000E0B700A62000E000D000C000B000A0009000800070006000500040003
0000000000000000000000000000000000000000000000000000000000000000000F000D000C000B000A00090008000700060005000400030002000100000001
01010101010101010101010101010101010101010101010101010101010101010101010101010101010101010101010101010101010101010101010101010101
01010101010101010101010101010101010101010101010101010101010101010001010101010101010101010101010101010101010101010101010101010100
000A0009000800070006000500040003000200010000000F0B700A72001D000D000C000B000A0009000800070006000500040003000200010000000F0B700A71
000600050004000300020001000000E00B700A8100EE000D000C000B000A000900080007000600050004000300020001000000E00B700A80001D000D000C000B
00020001000000110B700B6000FC000D000C000B000A000900080007000600050004000300020001000000EE0B700A8200EE000D000C000B000A000900080007
0B700B62002D000D000C000B000A0009000800070006000500040003000200010000001F0B700B61001F000D000C000B000A0009000800070006000500040003
0000000000000000000000000000000000000000000000000000000000000000002D000D000C000B000A0009000800070006000500040003000200010000001F
01010101010101010101010101010101010101010101010101010101010101010100000000000000000000000000000101010101010101010101010101010101
02010101010101010101010101010102020101010101010101010101010101020101010101010101010101010101010101010101010101010101010101010101
000A000900080007000600050004000300020001000000F00B700B7100FE000D000C000B000A000900080007000600050004000300020001000000F00B700B70
000600050004000300020001000000F10B700B80010C000D000C000B000A000900080007000600050004000300020001000000FE0B700B7200FE000D000C000B
00020001000000FF0B700B82010D000D000C000B000A000900080007000600050004000300020001000000FF0B700B8100FF000D000C000B000A000900080007
0B700C610000000D000C000B000A000900080007000600050004000300020001000000000B700C60010D000D000C000B000A0009000800070006000500040003
00000000000000000000000000000000000000000000000000000000000000000000000D000C000B000A00090008000700060005000400030002000100000000
02010101010101010101010101010102020101010101010101010101010101020201010101010101010101010101010202010101010101010101010101010102
01010101010101010101010101010101020101010101010101010101010101020201010101010101010101010101010202010101010101010101010101010102
000A000900080007000600050004000300020001000000000B700C700000000D000C000B000A000900080007000600050004000300020001000000000B700C62
000600050004000300020001000000000B700C720000000D000C000B000A000900080007000600050004000300020001000000000B700C710000000D000C000B
00020001000000000B700C810000000D000C000B000A000900080007000600050004000300020001000000000B700C800000000D000C000B000A000900080007
0B800A700000000D000C000B000A000900080007000600050004000300020001000000000B700C820000000D000C000B000A0009000800070006000500040003
0000000000000000000000000000000000000000000000000000000000000000000E000D000C000B000A00090008000700060005000400030002000100000000
01010101010101010101010101010101010101010101010101010101010101010101010101010101010101010101010101010101010101010101010101010101
01010101010101010101010101010100010101010101010101010101010101010101010101010101010101010101010101010101010101010101010101010101
000A0009000800070006000500040003000200010000000E0B800A72000E000D000C000B000A000900080007000600050004000300020001000000000B800A71
0006000500040003000200010000000F0B800A81000F000D000C000B000A000900080007000600050004000300020001000000010B800A80001C000D000C000B
00020001000000E00B800A90001D000D000C000B000A0009000800070006000500040003000200010000000F0B800A82001D000D000C000B000A000900080007
0B800A9200EE000D000C000B000A000900080007000600050004000300020001000000E00B800A9100EE000D000C000B000A0009000800070006000500040003
000000000000000000000000000000000000000000000000000000000000000000FC000D000C000B000A000900080007000600050004000300020001000000EE
01010101010101010101010101010101010101010101010101010101010101010101010101010101010101010101010100010101010101010101010101010101
01010101010101010101010101010101010101010101010101010101010101010101010101010101010101010101010101000000000000000000000000000001
000A0009000800070006000500040003000200010000001F0B800B71001F000D000C000B000A000900080007000600050004000300020001000000110B800B70
000600050004000300020001000000F00B800B80002D000D000C000B000A0009000800070006000500040003000200010000001F0B800B72002D000D000C000B
00020001000000FE0B800B8200FE000D000C000B000A000900080007000600050004000300020001000000F00B800B8100FE000D000C000B000A000900080007
0B800B9100FF000D000C000B000A000900080007000600050004000300020001000000F10B800B90010C000D000C000B000A0009000800070006000500040003
0000000000000000000000000000000000000000000000000000000000000000010D000D000C000B000A000900080007000600050004000300020001000000FF
02010101010101010101010101010102020101010101010101010101010101020201010101010101010101010101010201010101010101010101010101010101
02010101010101010101010101010102020101010101010101010101010101020201010101010101010101010101010202010101010101010101010101010102
000A000900080007000600050004000300020001000000000B800C70010D000D000C000B000A000900080007000600050004000300020001000000FF0B800B92
000600050004000300020001000000000B800C720000000D000C000B000A000900080007000600050004000300020001000000000B800C710000000D000C000B
00020001000000000B800C810000000D000C000B000A000900080007000600050004000300020001000000000B800C800000000D000C000B000A000900080007
0B800C900000000D000C000B000A000900080007000600050004000300020001000000000B800C820000000D000C000B000A0009000800070006000500040003
00000000000000000000000000000000000000000000000000000000000000000000000D000C000B000A00090008000700060005000400030002000100000000
01010101010101010101010101010101010101010101010101010101010101010201010101010101010101010101010202010101010101010101010101010102
01010101010101010101010101010101010101010101010101010101010101010101010101010101010101010101010101010101010101010101010101010101
000A000900080007000600050004000300020001000000000B800C920000000D000C000B000A000900080007000600050004000300020001000000000B800C91
000600050004000300020001000000000B900A81000E000D000C000B000A000900080007000600050004000300020001000000000B900A800000000D000C000B
00020001000000010B900A90001C000D000C000B000A0009000800070006000500040003000200010000000E0B900A82000E000D000C000B000A000900080007
0B900A92001D000D000C000B000A0009000800070006000500040003000200010000000F0B900A91000F000D000C000B000A0009000800070006000500040003
0000000000000000000000000000000000000000000000000000000000000000001D000D000C000B000A0009000800070006000500040003000200010000000F
00010101010101010101010101010101010101010101010101010101010101000101010101010101010101010101010101010101010101010101010101010101
01000000000000000000000000000001010101010101010101010101010101010101010101010101010101010101010101010101010101010101010101010101
000A000900080007000600050004000300020001000000E00B900AA100EE000D000C000B000A000900080007000600050004000300020001000000E00B900AA0
000600050004000300020001000000110B900B8000FC000D000C000B000A000900080007000600050004000300020001000000EE0B900AA200EE000D000C000B
000200010000001F0B900B82002D000D000C000B000A0009000800070006000500040003000200010000001F0B900B81001F000D000C000B000A000900080007
0B900B9100FE000D000C000B000A000900080007000600050004000300020001000000F00B900B90002D000D000C000B000A0009000800070006000500040003
000000000000000000000000000000000000000000000000000000000000000000FE000D000C000B000A000900080007000600050004000300020001000000F0
01010101010101010101010101010101010101010101010101010101010101010101010101010101010101010101010101010101010101010101010101010101
02010101010101010101010101010102020101010101010101010101010101020201010101010101010101010101010202010101010101010101010101010102
000A000900080007000600050004000300020001000000F10B900BA0010C000D000C000B000A000900080007000600050004000300020001000000FE0B900B92
000600050004000300020001000000FF0B900BA2010D000D000C000B000A000900080007000600050004000300020001000000FF0B900BA100FF000D000C000B
00020001000000000B900C810000000D000C000B000A000900080007000600050004000300020001000000000B900C80010D000D000C000B000A000900080007
0B900C900000000D000C000B000A000900080007000600050004000300020001000000000B900C820000000D000C000B000A0009000800070006000500040003
00000000000000000000000000000000000000000000000000000000000000000000000D000C000B000A00090008000700060005000400030002000100000000
02010101010101010101010101010102020101010101010101010101010101020201010101010101010101010101010202010101010101010101010101010102
01010101010101010101010101010101010101010101010101010101010101010101010101010101010101010101010102010101010101010101010101010102
000A000900080007000600050004000300020001000000000B900C920000000D000C000B000A000900080007000600050004000300020001000000000B900C91
000600050004000300020001000000000B900CA10000000D000C000B000A000900080007000600050004000300020001000000000B900CA00000000D000C000B
00020001000000000BA00A900000000D000C000B000A000900080007000600050004000300020001000000000B900CA20000000D000C000B000A000900080007
0BA00A92000E000D000C000B000A000900080007000600050004000300020001000000000BA00A91000E000D000C000B000A0009000800070006000500040003
0000000000000000000000000000000000000000000000000000000000000000001C000D000C000B000A0009000800070006000500040003000200010000000E
01010101010101010101010101010101010101010101010101010101010101010101010101010101010101010101010101010101010101010101010101010101
01010101010101010101010101010101000101010101010101010101010101010101010101010101010101010101010001010101010101010101010101010101
000A0009000800070006000500040003000200010000000F0BA00AA1000F000D000C000B000A000900080007000600050004000300020001000000010BA00AA0
000600050004000300020001000000E00BA00AB0001D000D000C000B000A0009000800070006000500040003000200010000000F0BA00AA2001D000D000C000B
00020001000000EE0BA00AB200EE000D000C000B000A000900080007000600050004000300020001000000E00BA00AB100EE000D000C000B000A000900080007
0BA00B91001F000D000C000B000A000900080007000600050004000300020001000000110BA00B9000FC000D000C000B000A0009000800070006000500040003
0000000000000000000000000000000000000000000000000000000000000000002D000D000C000B000A0009000800070006000500040003000200010000001F
01010101010101010101010101010101010000000000000000000000000000010101010101010101010101010101010101010101010101010101010101010101
02010101010101010101010101010102010101010101010101010101010101010101010101010101010101010101010101010101010101010101010101010101
000A000900080007000600050004000300020001000000F00BA00BA0002D000D000C000B000A0009000800070006000500040003000200010000001F0BA00B92
000600050004000300020001000000FE0BA00BA200FE000D000C000B000A000900080007000600050004000300020001000000F00BA00BA100FE000D000C000B
00020001000000FF0BA00BB100FF000D000C000B000A000900080007000600050004000300020001000000F10BA00BB0010C000D000C000B000A000900080007
0BA00C90010D000D000C000B000A000900080007000600050004000300020001000000FF0BA00BB2010D000D000C000B000A0009000800070006000500040003
00000000000000000000000000000000000000000000000000000000000000000000000D000C000B000A00090008000700060005000400030002000100000000
02010101010101010101010101010102020101010101010101010101010101020201010101010101010101010101010202010101010101010101010101010102
02010101010101010101010101010102020101010101010101010101010101020201010101010101010101010101010202010101010101010101010101010102
000A000900080007000600050004000300020001000000000BA00C920000000D000C000B000A000900080007000600050004000300020001000000000BA00C91
000600050004000300020001000000000BA00CA10000000D000C000B000A000900080007000600050004000300020001000000000BA00CA00000000D000C000B
00020001000000000BA00CB00000000D000C000B000A000900080007000600050004000300020001000000000BA00CA20000000D000C000B000A000900080007
0BA00CB20000000D000C000B000A000900080007000600050004000300020001000000000BA00CB10000000D000C000B000A0009000800070006000500040003
00000000000000000000000000000000000000000000000000000000000000000000000D000C000B000A00090008000700060005000400030002000100000000
01010101010101010101010101010101010101010101010101010101010101010101010101010101010101010101010101010101010101010101010101010101
01010101010101010101010101010101010101010101010101010101010101010101010101010101010101010101010101010101010101010101010101010101
000A000900080007000600050004000300020001000000000BB00AA1000E000D000C000B000A000900080007000600050004000300020001000000000BB00AA0
000600050004000300020001000000010BB00AB0001C000D000C000B000A0009000800070006000500040003000200010000000E0BB00AA2000E000D000C000B
000200010000000F0BB00AB2001D000D000C000B000A0009000800070006000500040003000200010000000F0BB00AB1000F000D000C000B000A000900080007
0BB00AC100EE000D000C000B000A000900080007000600050004000300020001000000E00BB00AC0001D000D000C000B000A0009000800070006000500040003
000000000000000000000000000000000000000000000000000000000000000000EE000D000C000B000A000900080007000600050004000300020001000000E0
01010101010101010101010101010101010101010101010101010101010101010001010101010101010101010101010101010101010101010101010101010100
01010101010101010101010101010101010101010101010101010101010101010100000000000000000000000000000101010101010101010101010101010101
000A000900080007000600050004000300020001000000110BB00BA000FC000D000C000B000A000900080007000600050004000300020001000000EE0BB00AC2
0006000500040003000200010000001F0BB00BA2002D000D000C000B000A0009000800070006000500040003000200010000001F0BB00BA1001F000D000C000B
00020001000000F00BB00BB100FE000D000C000B000A000900080007000600050004000300020001000000F00BB00BB0002D000D000C000B000A000900080007
0BB00BC0010C000D000C000B000A000900080007000600050004000300020001000000FE0BB00BB200FE000D000C000B000A0009000800070006000500040003
000000000000000000000000000000000000000000000000000000000000000000FF000D000C000B000A000900080007000600050004000300020001000000F1
02010101010101010101010101010102020101010101010101010101010101020101010101010101010101010101010101010101010101010101010101010101
02010101010101010101010101010102020101010101010101010101010101020201010101010101010101010101010202010101010101010101010101010102
000A000900080007000600050004000300020001000000FF0BB00BC2010D000D000C000B000A000900080007000600050004000300020001000000FF0BB00BC1
000600050004000300020001000000000BB00CA10000000D000C000B000A000900080007000600050004000300020001000000000BB00CA0010D000D000C000B
00020001000000000BB00CB00000000D000C000B000A000900080007000600050004000300020001000000000BB00CA20000000D000C000B000A000900080007
0BB00CB20000000D000C000B000A000900080007000600050004000300020001000000000BB00CB10000000D000C000B000A0009000800070006000500040003
00000000000000000000000000000000000000000000000000000000000000000000000D000C000B000A00090008000700060005000400030002000100000000
01010101010101010101010101010101020101010101010101010101010101020201010101010101010101010101010202010101010101010101010101010102
01010101010101010101010101010101010101010101010101010101010101010101010101010101010101010101010101010101010101010101010101010101
000A000900080007000600050004000300020001000000000BB00CC10000000D000C000B000A000900080007000600050004000300020001000000000BB00CC0
000600050004000300020001000000000BC00AB00000000D000C000B000A000900080007000600050004000300020001000000000BB00CC20000000D000C000B
000200010000000E0BC00AB2000E000D000C000B000A000900080007000600050004000300020001000000000BC00AB1000E000D000C000B000A000900080007
0BC00AC1000F000D000C000B000A000900080007000600050004000300020001000000010BC00AC0001C000D000C000B000A0009000800070006000500040003
0000000000000000000000000000000000000000000000000000000000000000001D000D000C000B000A0009000800070006000500040003000200010000000F
01010101010101010101010101010100010101010101010101010101010101010101010101010101010101010101010101010101010101010101010101010101
01010101010101010101010101010101010101010101010101010101010101010101010101010101010101010101010100010101010101010101010101010101
000A000900080007000600050004000300020001000000E00BC00AD0001D000D000C000B000A0009000800070006000500040003000200010000000F0BC00AC2
000600050004000300020001000000EE0BC00AD200EE000D000C000B000A000900080007000600050004000300020001000000E00BC00AD100EE000D000C000B
000200010000001F0BC00BB1001F000D000C000B000A000900080007000600050004000300020001000000110BC00BB000FC000D000C000B000A000900080007
0BC00BC0002D000D000C000B000A0009000800070006000500040003000200010000001F0BC00BB2002D000D000C000B000A0009000800070006000500040003
000000000000000000000000000000000000000000000000000000000000000000FE000D000C000B000A000900080007000600050004000300020001000000F0
01010101010101010101010101010101010101010101010101010101010101010101010101010101010101010101010101000000000000000000000000000001
02010101010101010101010101010102020101010101010101010101010101020201010101010101010101010101010201010101010101010101010101010101
000A000900080007000600050004000300020001000000FE0BC00BC200FE000D000C000B000A000900080007000600050004000300020001000000F00BC00BC1
000600050004000300020001000000FF0BC00BD100FF000D000C000B000A000900080007000600050004000300020001000000F10BC00BD0010C000D000C000B
00020001000000000BC00CB0010D000D000C000B000A000900080007000600050004000300020001000000FF0BC00BD2010D000D000C000B000A000900080007
0BC00CB20000000D000C000B000A000900080007000600050004000300020001000000000BC00CB10000000D000C000B000A0009000800070006000500040003
00000000000000000000000000000000000000000000000000000000000000000000000D000C000B000A00090008000700060005000400030002000100000000
02010101010101010101010101010102020101010101010101010101010101020201010101010101010101010101010202010101010101010101010101010102
01010101010101010101010101010101010101010101010101010101010101010201010101010101010101010101010202010101010101010101010101010102
000A000900080007000600050004000300020001000000000BC00CC10000000D000C000B000A000900080007000600050004000300020001000000000BC00CC0
000600050004000300020001000000000BC00CD00000000D000C000B000A000900080007000600050004000300020001000000000BC00CC20000000D000C000B
00020001000000000BC00CD20000000D000C000B000A000900080007000600050004000300020001000000000BC00CD10000000D000C000B000A000900080007
0BD00AC1000E000D000C000B000A000900080007000600050004000300020001000000000BD00AC00000000D000C000B000A0009000800070006000500040003
0000000000000000000000000000000000000000000000000000000000000000000E000D000C000B000A00090008000700060005000400030002000100000000
01010101010101010101010101010101010101010101010101010101010101010101010101010101010101010101010101010101010101010101010101010101
00010101010101010101010101010101010101010101010101010101010101000101010101010101010101010101010101010101010101010101010101010101
000A000900080007000600050004000300020001000000010BD00AD0001C000D000C000B000A0009000800070006000500040003000200010000000E0BD00AC2
0006000500040003000200010000000F0BD00AD2001D000D000C000B000A0009000800070006000500040003000200010000000F0BD00AD1000F000D000C000B
00020001000000E00BD00AE100EE000D000C000B000A000900080007000600050004000300020001000000E00BD00AE0001D000D000C000B000A000900080007
0BD00BC000FC000D000C000B000A000900080007000600050004000300020001000000EE0BD00AE200EE000D000C000B000A0009000800070006000500040003
0000000000000000000000000000000000000000000000000000000000000000001F000D000C000B000A00090008000700060005000400030002000100000011
01000000000000000000000000000001010101010101010101010101010101010101010101010101010101010101010101010101010101010101010101010101
01010101010101010101010101010101010101010101010101010101010101010101010101010101010101010101010101010101010101010101010101010101
000A0009000800070006000500040003000200010000001F0BD00BC2002D000D000C000B000A0009000800070006000500040003000200010000001F0BD00BC1
000600050004000300020001000000F00BD00BD100FE000D000C000B000A000900080007000600050004000300020001000000F00BD00BD0002D000D000C000B
00020001000000F10BD00BE0010C000D000C000B000A000900080007000600050004000300020001000000FE0BD00BD200FE000D000C000B000A000900080007
0BD00BE2010D000D000C000B000A000900080007000600050004000300020001000000FF0BD00BE100FF000D000C000B000A0009000800070006000500040003
0000000000000000000000000000000000000000000000000000000000000000010D000D000C000B000A000900080007000600050004000300020001000000FF
02010101010101010101010101010102020101010101010101010101010101020201010101010101010101010101010202010101010101010101010101010102
02010101010101010101010101010102020101010101010101010101010101020201010101010101010101010101010202010101010101010101010101010102
000A000900080007000600050004000300020001000000000BD00CC10000000D000C000B000A000900080007000600050004000300020001000000000BD00CC0
000600050004000300020001000000000BD00CD00000000D000C000B000A000900080007000600050004000300020001000000000BD00CC20000000D000C000B
00020001000000000BD00CD20000000D000C000B000A000900080007000600050004000300020001000000000BD00CD10000000D000C000B000A000900080007
0BD00CE10000000D000C000B000A000900080007000600050004000300020001000000000BD00CE00000000D000C000B000A0009000800070006000500040003
00000000000000000000000000000000000000000000000000000000000000000000000D000C000B000A00090008000700060005000400030002000100000000
01010101010101010101010101010101010101010101010101010101010101010101010101010101010101010101010102010101010101010101010101010102
01010101010101010101010101010101010101010101010101010101010101010101010101010101010101010101010101010101010101010101010101010101
000A000900080007000600050004000300020001000000000BE00AD00000000D000C000B000A000900080007000600050004000300020001000000000BD00CE2
0006000500040003000200010000000E0BE00AD2000E000D000C000B000A000900080007000600050004000300020001000000000BE00AD1000E000D000C000B
000200010000000F0BE00AE1000F000D000C000B000A000900080007000600050004000300020001000000010BE00AE0001C000D000C000B000A000900080007
0BE00AF0001D000D000C000B000A0009000800070006000500040003000200010000000F0BE00AE2001D000D000C000B000A0009000800070006000500040003
000000000000000000000000000000000000000000000000000000000000000000EE000D000C000B000A000900080007000600050004000300020001000000E0
01010101010101010101010101010101000101010101010101010101010101010101010101010101010101010101010001010101010101010101010101010101
01010101010101010101010101010101010000000000000000000000000000010101010101010101010101010101010101010101010101010101010101010101
000A000900080007000600050004000300020001000000EE0BE00AF200EE000D000C000B000A000900080007000600050004000300020001000000E00BE00AF1
0006000500040003000200010000001F0BE00BD1001F000D000C000B000A000900080007000600050004000300020001000000110BE00BD000FC000D000C000B
00020001000000F00BE00BE0002D000D000C000B000A0009000800070006000500040003000200010000001F0BE00BD2002D000D000C000B000A000900080007
0BE00BE200FE000D000C000B000A000900080007000600050004000300020001000000F00BE00BE100FE000D000C000B000A0009000800070006000500040003
0000000000000000000000000000000000000000000000000000000000000000010C000D000C000B000A000900080007000600050004000300020001000000FE
02010101010101010101010101010102010101010101010101010101010101010101010101010101010101010101010101010101010101010101010101010101
02010101010101010101010101010102020101010101010101010101010101020201010101010101010101010101010202010101010101010101010101010102
000A000900080007000600050004000300020001000000FF0BE00BF100FF000D000C000B000A000900080007000600050004000300020001000000F10BE00BF0
000600050004000300020001000000000BE00CD0010D000D000C000B000A000900080007000600050004000300020001000000FF0BE00BF2010D000D000C000B
00020001000000000BE00CD20000000D000C000B000A000900080007000600050004000300020001000000000BE00CD10000000D000C000B000A000900080007
0BE00CE10000000D000C000B000A000900080007000600050004000300020001000000000BE00CE00000000D000C000B000A0009000800070006000500040003
00000000000000000000000000000000000000000000000000000000000000000000000D000C000B000A00090008000700060005000400030002000100000000
02010101010101010101010101010102020101010101010101010101010101020201010101010101010101010101010202010101010101010101010101010102
01010101010101010101010101010101010101010101010101010101010101010101010101010101010101010101010101010101010101010101010101010101
000A000900080007000600050004000300020001000000000BE00CF00000000D000C000B000A000900080007000600050004000300020001000000000BE00CE2
000600050004000300020001000000000BE00CF20000000D000C000B000A000900080007000600050004000300020001000000000BE00CF10000000D000C000B
00020001000000000BF00AE1000E000D000C000B000A000900080007000600050004000300020001000000000BF00AE00000000D000C000B000A000900080007
0BF00AF0001C000D000C000B000A0009000800070006000500040003000200010000000E0BF00AE2000E000D000C000B000A0009000800070006000500040003
0000000000000000000000000000000000000000000000000000000000000000000F000D000C000B000A00090008000700060005000400030002000100000001
00010101010101010101010101010101010101010101010101010101010101000101010101010101010101010101010101010101010101010101010101010101
01010101010101010101010101010101010000000000000000000000000000010101010101010101010101010101010101010101010101010101010101010101
000A000900080007000600050004000300020001000000EF0BF00AF200FD000D000C000B000A000900080007000600050004000300020001000000EF0BF00AF1
000600050004000300020001000000100BF00BE1001E000D000C000B000A000900080007000600050004000300020001000000100BF00BE000FD000D000C000B
00020001000000F10BF00BF0010C000D000C000B000A000900080007000600050004000300020001000000FE0BF00BE2001E000D000C000B000A000900080007
0BF00BF2010D000D000C000B000A000900080007000600050004000300020001000000FF0BF00BF100FF000D000C000B000A0009000800070006000500040003
0000000000000000000000000000000000000000000000000000000000000000010D000D000C000B000A000900080007000600050004000300020001000000FF
02010101010101010101010101010102020101010101010101010101010101020201010101010101010101010101010202010101010101010101010101010102
01010101010101010101010101010101010101010101010101010101010101010201010101010101010101010101010202010101010101010101010101010102
000A000900080007000600050004000300020001000000000BF00CE10000000D000C000B000A000900080007000600050004000300020001000000000BF00CE0
000600050004000300020001000000000BF00CF00000000D000C000B000A000900080007000600050004000300020001000000000BF00CE20000000D000C000B
00020001000000000BF00CF20000000D000C000B000A000900080007000600050004000300020001000000000BF00CF10000000D000C000B000A000900080007
0C000B01000E000D000C000B000A000900080007000600050004000300020001000000000C000B000000000D000C000B000A0009000800070006000500040003
0000000000000000000000000000000000000000000000000000000000000000000E000D000C000B000A00090008000700060005000400030002000100000000
00010101010101010101010101010101010101010101010101010101010101000101010101010101010101010101010101010101010101010101010101010101
01010101010101010101010101010101010101010101010101010101010101010100000000000000000000000000000101010101010101010101010101010101
000A000900080007000600050004000300020001000000010C000B10001C000D000C000B000A0009000800070006000500040003000200010000000E0C000B02
000600050004000300020001000000EF0C000B1200FD000D000C000B000A000900080007000600050004000300020001000000EF0C000B11000F000D000C000B
00020001000000100C000C01001E000D000C000B000A000900080007000600050004000300020001000000100C000C0000FD000D000C000B000A000900080007
0C000C10010C000D000C000B000A000900080007000600050004000300020001000000FE0C000C02001E000D000C000B000A0009000800070006000500040003
000000000000000000000000000000000000000000000000000000000000000000FF000D000C000B000A000900080007000600050004000300020001000000F1
02010101010101010101010101010102020101010101010101010101010101020101010101010101010101010101010101010101010101010101010101010101
02010101010101010101010101010102020101010101010101010101010101020201010101010101010101010101010202010101010101010101010101010102
000A000900080007000600050004000300020001000000FF0C000C12010D000D000C000B000A000900080007000600050004000300020001000000FF0C000C11
000600050004000300020001000000000C000D010000000D000C000B000A000900080007000600050004000300020001000000000C000D00010D000D000C000B
00020001000000000C000D100000000D000C000B000A000900080007000600050004000300020001000000000C000D020000000D000C000B000A000900080007
0C000D120000000D000C000B000A000900080007000600050004000300020001000000000C000D110000000D000C000B000A0009000800070006000500040003
00000000000000000000000000000000000000000000000000000000000000000000000D000C000B000A00090008000700060005000400030002000100000000
01010101010101010101010101010101010101010101010101010101010101010101010101010101010101010101010101010101010101010101010101010101
01010101010101010101010101010101010101010101010101010101010101010101010101010101010101010101010101010101010101010101010101010101
000A000900080007000600050004000300020001000000000C100B01000E000D000C000B000A000900080007000600050004000300020001000000000C100B00
000600050004000300020001000000010C100B10001C000D000C000B000A0009000800070006000500040003000200010000000E0C100B02000E000D000C000B
000200010000000F0C100B12001D000D000C000B000A0009000800070006000500040003000200010000000F0C100B11000F000D000C000B000A000900080007
0C100B2100EE000D000C000B000A000900080007000600050004000300020001000000E00C100B20001D000D000C000B000A0009000800070006000500040003
000000000000000000000000000000000000000000000000000000000000000000EE000D000C000B000A000900080007000600050004000300020001000000E0
01010101010101010101010101010101010101010101010101010101010101010001010101010101010101010101010101010101010101010101010101010100
01010101010101010101010101010101010101010101010101010101010101010100000000000000000000000000000101010101010101010101010101010101
000A000900080007000600050004000300020001000000110C100C0000FC000D000C000B000A000900080007000600050004000300020001000000EE0C100B22
0006000500040003000200010000001F0C100C02002D000D000C000B000A0009000800070006000500040003000200010000001F0C100C01001F000D000C000B
00020001000000F00C100C1100FE000D000C000B000A000900080007000600050004000300020001000000F00C100C10002D000D000C000B000A000900080007
0C100C20010C000D000C000B000A000900080007000600050004000300020001000000FE0C100C1200FE000D000C000B000A0009000800070006000500040003
000000000000000000000000000000000000000000000000000000000000000000FF000D000C000B000A000900080007000600050004000300020001000000F1
02010101010101010101010101010102020101010101010101010101010101020101010101010101010101010101010101010101010101010101010101010101
02010101010101010101010101010102020101010101010101010101010101020201010101010101010101010101010202010101010101010101010101010102
000A000900080007000600050004000300020001000000FF0C100C22010D000D000C000B000A000900080007000600050004000300020001000000FF0C100C21
000600050004000300020001000000000C100D010000000D000C000B000A000900080007000600050004000300020001000000000C100D00010D000D000C000B
00020001000000000C100D100000000D000C000B000A000900080007000600050004000300020001000000000C100D020000000D000C000B000A000900080007
0C100D120000000D000C000B000A000900080007000600050004000300020001000000000C100D110000000D000C000B000A0009000800070006000500040003
00000000000000000000000000000000000000000000000000000000000000000000000D000C000B000A00090008000700060005000400030002000100000000
01010101010101010101010101010101020101010101010101010101010101020201010101010101010101010101010202010101010101010101010101010102
01010101010101010101010101010101010101010101010101010101010101010101010101010101010101010101010101010101010101010101010101010101
000A000900080007000600050004000300020001000000000C100D210000000D000C000B000A000900080007000600050004000300020001000000000C100D20
000600050004000300020001000000000C200B100000000D000C000B000A000900080007000600050004000300020001000000000C100D220000000D000C000B
000200010000000E0C200B12000E000D000C000B000A000900080007000600050004000300020001000000000C200B11000E000D000C000B000A000900080007
0C200B21000F000D000C000B000A000900080007000600050004000300020001000000010C200B20001C000D000C000B000A0009000800070006000500040003
0000000000000000000000000000000000000000000000000000000000000000001D000D000C000B000A0009000800070006000500040003000200010000000F
01010101010101010101010101010100010101010101010101010101010101010101010101010101010101010101010101010101010101010101010101010101
01010101010101010101010101010101010101010101010101010101010101010101010101010101010101010101010100010101010101010101010101010101
000A000900080007000600050004000300020001000000E00C200B30001D000D000C000B000A0009000800070006000500040003000200010000000F0C200B22
000600050004000300020001000000EE0C200B3200EE000D000C000B000A000900080007000600050004000300020001000000E00C200B3100EE000D000C000B
000200010000001F0C200C11001F000D000C000B000A000900080007000600050004000300020001000000110C200C1000FC000D000C000B000A000900080007
0C200C20002D000D000C000B000A0009000800070006000500040003000200010000001F0C200C12002D000D000C000B000A0009000800070006000500040003
000000000000000000000000000000000000000000000000000000000000000000FE000D000C000B000A000900080007000600050004000300020001000000F0
01010101010101010101010101010101010101010101010101010101010101010101010101010101010101010101010101000000000000000000000000000001
02010101010101010101010101010102020101010101010101010101010101020201010101010101010101010101010201010101010101010101010101010101
000A000900080007000600050004000300020001000000FE0C200C2200FE000D000C000B000A000900080007000600050004000300020001000000F00C200C21
000600050004000300020001000000FF0C200C3100FF000D000C000B000A000900080007000600050004000300020001000000F10C200C30010C000D000C000B
00020001000000000C200D10010D000D000C000B000A000900080007000600050004000300020001000000FF0C200C32010D000D000C000B000A000900080007
0C200D120000000D000C000B000A000900080007000600050004000300020001000000000C200D110000000D000C000B000A0009000800070006000500040003
00000000000000000000000000000000000000000000000000000000000000000000000D000C000B000A00090008000700060005000400030002000100000000
02010101010101010101010101010102020101010101010101010101010101020201010101010101010101010101010202010101010101010101010101010102
01010101010101010101010101010101010101010101010101010101010101010201010101010101010101010101010202010101010101010101010101010102
000A000900080007000600050004000300020001000000000C200D210000000D000C000B000A000900080007000600050004000300020001000000000C200D20
000600050004000300020001000000000C200D300000000D000C000B000A000900080007000600050004000300020001000000000C200D220000000D000C000B
00020001000000000C200D320000000D000C000B000A000900080007000600050004000300020001000000000C200D310000000D000C000B000A000900080007
0C300B21000E000D000C000B000A000900080007000600050004000300020001000000000C300B200000000D000C000B000A0009000800070006000500040003
0000000000000000000000000000000000000000000000000000000000000000000E000D000C000B000A00090008000700060005000400030002000100000000
01010101010101010101010101010101010101010101010101010101010101010101010101010101010101010101010101010101010101010101010101010101
00010101010101010101010101010101010101010101010101010101010101000101010101010101010101010101010101010101010101010101010101010101
000A000900080007000600050004000300020001000000010C300B30001C000D000C000B000A0009000800070006000500040003000200010000000E0C300B22
0006000500040003000200010000000F0C300B32001D000D000C000B000A0009000800070006000500040003000200010000000F0C300B31000F000D000C000B
00020001000000E00C300B4100EE000D000C000B000A000900080007000600050004000300020001000000E00C300B40001D000D000C000B000A000900080007
0C300C2000FC000D000C000B000A000900080007000600050004000300020001000000EE0C300B4200EE000D000C000B000A0009000800070006000500040003
0000000000000000000000000000000000000000000000000000000000000000001F000D000C000B000A00090008000700060005000400030002000100000011
01000000000000000000000000000001010101010101010101010101010101010101010101010101010101010101010101010101010101010101010101010101
01010101010101010101010101010101010101010101010101010101010101010101010101010101010101010101010101010101010101010101010101010101
000A0009000800070006000500040003000200010000001F0C300C22002D000D000C000B000A0009000800070006000500040003000200010000001F0C300C21
000600050004000300020001000000F00C300C3100FE000D000C000B000A000900080007000600050004000300020001000000F00C300C30002D000D000C000B
00020001000000F10C300C40010C000D000C000B000A000900080007000600050004000300020001000000FE0C300C3200FE000D000C000B000A000900080007
0C300C42010D000D000C000B000A000900080007000600050004000300020001000000FF0C300C4100FF000D000C000B000A0009000800070006000500040003
0000000000000000000000000000000000000000000000000000000000000000010D000D000C000B000A000900080007000600050004000300020001000000FF
02010101010101010101010101010102020101010101010101010101010101020201010101010101010101010101010202010101010101010101010101010102
02010101010101010101010101010102020101010101010101010101010101020201010101010101010101010101010202010101010101010101010101010102
000A000900080007000600050004000300020001000000000C300D210000000D000C000B000A000900080007000600050004000300020001000000000C300D20
000600050004000300020001000000000C300D300000000D000C000B000A000900080007000600050004000300020001000000000C300D220000000D000C000B
00020001000000000C300D320000000D000C000B000A000900080007000600050004000300020001000000000C300D310000000D000C000B000A000900080007
0C300D410000000D000C000B000A000900080007000600050004000300020001000000000C300D400000000D000C000B000A0009000800070006000500040003
00000000000000000000000000000000000000000000000000000000000000000000000D000C000B000A00090008000700060005000400030002000100000000
01010101010101010101010101010101010101010101010101010101010101010101010101010101010101010101010102010101010101010101010101010102
01010101010101010101010101010101010101010101010101010101010101010101010101010101010101010101010101010101010101010101010101010101
000A000900080007000600050004000300020001000000000C400B300000000D000C000B000A000900080007000600050004000300020001000000000C300D42
0006000500040003000200010000000E0C400B32000E000D000C000B000A000900080007000600050004000300020001000000000C400B31000E000D000C000B
000200010000000F0C400B41000F000D000C000B000A000900080007000600050004000300020001000000010C400B40001C000D000C000B000A000900080007
0C400B50001D000D000C000B000A0009000800070006000500040003000200010000000F0C400B42001D000D000C000B000A0009000800070006000500040003
000000000000000000000000000000000000000000000000000000000000000000EE000D000C000B000A000900080007000600050004000300020001000000E0
01010101010101010101010101010101000101010101010101010101010101010101010101010101010101010101010001010101010101010101010101010101
01010101010101010101010101010101010000000000000000000000000000010101010101010101010101010101010101010101010101010101010101010101
000A000900080007000600050004000300020001000000EE0C400B5200EE000D000C000B000A000900080007000600050004000300020001000000E00C400B51
0006000500040003000200010000001F0C400C31001F000D000C000B000A000900080007000600050004000300020001000000110C400C3000FC000D000C000B
00020001000000F00C400C40002D000D000C000B000A0009000800070006000500040003000200010000001F0C400C32002D000D000C000B000A000900080007
0C400C4200FE000D000C000B000A000900080007000600050004000300020001000000F00C400C4100FE000D000C000B000A0009000800070006000500040003
0000000000000000000000000000000000000000000000000000000000000000010C000D000C000B000A000900080007000600050004000300020001000000FE
02010101010101010101010101010102010101010101010101010101010101010101010101010101010101010101010101010101010101010101010101010101
02010101010101010101010101010102020101010101010101010101010101020201010101010101010101010101010202010101010101010101010101010102
000A000900080007000600050004000300020001000000FF0C400C5100FF000D000C000B000A000900080007000600050004000300020001000000F10C400C50
000600050004000300020001000000000C400D30010D000D000C000B000A000900080007000600050004000300020001000000FF0C400C52010D000D000C000B
00020001000000000C400D320000000D000C000B000A000900080007000600050004000300020001000000000C400D310000000D000C000B000A000900080007
0C400D410000000D000C000B000A000900080007000600050004000300020001000000000C400D400000000D000C000B000A0009000800070006000500040003
00000000000000000000000000000000000000000000000000000000000000000000000D000C000B000A00090008000700060005000400030002000100000000
02010101010101010101010101010102020101010101010101010101010101020201010101010101010101010101010202010101010101010101010101010102
01010101010101010101010101010101010101010101010101010101010101010101010101010101010101010101010101010101010101010101010101010101
000A000900080007000600050004000300020001000000000C400D500000000D000C000B000A000900080007000600050004000300020001000000000C400D42
000600050004000300020001000000000C400D520000000D000C000B000A000900080007000600050004000300020001000000000C400D510000000D000C000B
00020001000000000C500B41000E000D000C000B000A000900080007000600050004000300020001000000000C500B400000000D000C000B000A000900080007
0C500B50001C000D000C000B000A0009000800070006000500040003000200010000000E0C500B42000E000D000C000B000A0009000800070006000500040003
0000000000000000000000000000000000000000000000000000000000000000000F000D000C000B000A00090008000700060005000400030002000100000001
01010101010101010101010101010101010101010101010101010101010101010101010101010101010101010101010101010101010101010101010101010101
01010101010101010101010101010101010101010101010101010101010101010001010101010101010101010101010101010101010101010101010101010100
000A0009000800070006000500040003000200010000000F0C500B52001D000D000C000B000A0009000800070006000500040003000200010000000F0C500B51
000600050004000300020001000000E00C500B6100EE000D000C000B000A000900080007000600050004000300020001000000E00C500B60001D000D000C000B
00020001000000110C500C4000FC000D000C000B000A000900080007000600050004000300020001000000EE0C500B6200EE000D000C000B000A000900080007
0C500C42002D000D000C000B000A0009000800070006000500040003000200010000001F0C500C41001F000D000C000B000A0009000800070006000500040003
0000000000000000000000000000000000000000000000000000000000000000002D000D000C000B000A0009000800070006000500040003000200010000001F
01010101010101010101010101010101010101010101010101010101010101010100000000000000000000000000000101010101010101010101010101010101
02010101010101010101010101010102020101010101010101010101010101020101010101010101010101010101010101010101010101010101010101010101
000A000900080007000600050004000300020001000000F00C500C5100FE000D000C000B000A000900080007000600050004000300020001000000F00C500C50
000600050004000300020001000000F10C500C60010C000D000C000B000A000900080007000600050004000300020001000000FE0C500C5200FE000D000C000B
00020001000000FF0C500C62010D000D000C000B000A000900080007000600050004000300020001000000FF0C500C6100FF000D000C000B000A000900080007
0C500D410000000D000C000B000A000900080007000600050004000300020001000000000C500D40010D000D000C000B000A0009000800070006000500040003
00000000000000000000000000000000000000000000000000000000000000000000000D000C000B000A00090008000700060005000400030002000100000000
02010101010101010101010101010102020101010101010101010101010101020201010101010101010101010101010202010101010101010101010101010102
01010101010101010101010101010101020101010101010101010101010101020201010101010101010101010101010202010101010101010101010101010102
000A000900080007000600050004000300020001000000000C500D500000000D000C000B000A000900080007000600050004000300020001000000000C500D42
000600050004000300020001000000000C500D520000000D000C000B000A000900080007000600050004000300020001000000000C500D510000000D000C000B
00020001000000000C500D610000000D000C000B000A000900080007000600050004000300020001000000000C500D600000000D000C000B000A000900080007
0C600B500000000D000C000B000A000900080007000600050004000300020001000000000C500D620000000D000C000B000A0009000800070006000500040003
0000000000000000000000000000000000000000000000000000000000000000000E000D000C000B000A00090008000700060005000400030002000100000000
01010101010101010101010101010101010101010101010101010101010101010101010101010101010101010101010101010101010101010101010101010101
01010101010101010101010101010100010101010101010101010101010101010101010101010101010101010101010101010101010101010101010101010101
000A0009000800070006000500040003000200010000000E0C600B52000E000D000C000B000A000900080007000600050004000300020001000000000C600B51
0006000500040003000200010000000F0C600B61000F000D000C000B000A000900080007000600050004000300020001000000010C600B60001C000D000C000B
00020001000000E00C600B70001D000D000C000B000A0009000800070006000500040003000200010000000F0C600B62001D000D000C000B000A000900080007
0C600B7200EE000D000C000B000A000900080007000600050004000300020001000000E00C600B7100EE000D000C000B000A0009000800070006000500040003
000000000000000000000000000000000000000000000000000000000000000000FC000D000C000B000A000900080007000600050004000300020001000000EE
01010101010101010101010101010101010101010101010101010101010101010101010101010101010101010101010100010101010101010101010101010101
01010101010101010101010101010101010101010101010101010101010101010101010101010101010101010101010101000000000000000000000000000001
000A0009000800070006000500040003000200010000001F0C600C51001F000D000C000B000A000900080007000600050004000300020001000000110C600C50
000600050004000300020001000000F00C600C60002D000D000C000B000A0009000800070006000500040003000200010000001F0C600C52002D000D000C000B
00020001000000FE0C600C6200FE000D000C000B000A000900080007000600050004000300020001000000F00C600C6100FE000D000C000B000A000900080007
0C600C7100FF000D000C000B000A000900080007000600050004000300020001000000F10C600C70010C000D000C000B000A0009000800070006000500040003
0000000000000000000000000000000000000000000000000000000000000000010D000D000C000B000A000900080007000600050004000300020001000000FF
02010101010101010101010101010102020101010101010101010101010101020201010101010101010101010101010201010101010101010101010101010101
02010101010101010101010101010102020101010101010101010101010101020201010101010101010101010101010202010101010101010101010101010102
000A000900080007000600050004000300020001000000000C600D50010D000D000C000B000A000900080007000600050004000300020001000000FF0C600C72
000600050004000300020001000000000C600D520000000D000C000B000A000900080007000600050004000300020001000000000C600D510000000D000C000B
00020001000000000C600D610000000D000C000B000A000900080007000600050004000300020001000000000C600D600000000D000C000B000A000900080007
0C600D700000000D000C000B000A000900080007000600050004000300020001000000000C600D620000000D000C000B000A0009000800070006000500040003
00000000000000000000000000000000000000000000000000000000000000000000000D000C000B000A00090008000700060005000400030002000100000000
01010101010101010101010101010101010101010101010101010101010101010201010101010101010101010101010202010101010101010101010101010102
01010101010101010101010101010101010101010101010101010101010101010101010101010101010101010101010101010101010101010101010101010101
000A000900080007000600050004000300020001000000000C600D720000000D000C000B000A000900080007000600050004000300020001000000000C600D71
000600050004000300020001000000000C700B61000E000D000C000B000A000900080007000600050004000300020001000000000C700B600000000D000C000B
00020001000000010C700B70001C000D000C000B000A0009000800070006000500040003000200010000000E0C700B62000E000D000C000B000A000900080007
0C700B72001D000D000C000B000A0009000800070006000500040003000200010000000F0C700B71000F000D000C000B000A0009000800070006000500040003
0000000000000000000000000000000000000000000000000000000000000000001D000D000C000B000A0009000800070006000500040003000200010000000F
00010101010101010101010101010101010101010101010101010101010101000101010101010101010101010101010101010101010101010101010101010101
01000000000000000000000000000001010101010101010101010101010101010101010101010101010101010101010101010101010101010101010101010101
000A000900080007000600050004000300020001000000E00C700B8100EE000D000C000B000A000900080007000600050004000300020001000000E00C700B80
000600050004000300020001000000110C700C6000FC000D000C000B000A000900080007000600050004000300020001000000EE0C700B8200EE000D000C000B
000200010000001F0C700C62002D000D000C000B000A0009000800070006000500040003000200010000001F0C700C61001F000D000C000B000A000900080007
0C700C7100FE000D000C000B000A000900080007000600050004000300020001000000F00C700C70002D000D000C000B000A0009000800070006000500040003
000000000000000000000000000000000000000000000000000000000000000000FE000D000C000B000A000900080007000600050004000300020001000000F0
01010101010101010101010101010101010101010101010101010101010101010101010101010101010101010101010101010101010101010101010101010101
02010101010101010101010101010102020101010101010101010101010101020201010101010101010101010101010202010101010101010101010101010102
000A000900080007000600050004000300020001000000F10C700C80010C000D000C000B000A000900080007000600050004000300020001000000FE0C700C72
000600050004000300020001000000FF0C700C82010D000D000C000B000A000900080007000600050004000300020001000000FF0C700C8100FF000D000C000B
00020001000000000C700D610000000D000C000B000A000900080007000600050004000300020001000000000C700D60010D000D000C000B000A000900080007
0C700D700000000D000C000B000A000900080007000600050004000300020001000000000C700D620000000D000C000B000A0009000800070006000500040003
00000000000000000000000000000000000000000000000000000000000000000000000D000C000B000A00090008000700060005000400030002000100000000
02010101010101010101010101010102020101010101010101010101010101020201010101010101010101010101010202010101010101010101010101010102
01010101010101010101010101010101010101010101010101010101010101010101010101010101010101010101010102010101010101010101010101010102
000A000900080007000600050004000300020001000000000C700D720000000D000C000B000A000900080007000600050004000300020001000000000C700D71
000600050004000300020001000000000C700D810000000D000C000B000A000900080007000600050004000300020001000000000C700D800000000D000C000B
00020001000000000C800B700000000D000C000B000A000900080007000600050004000300020001000000000C700D820000000D000C000B000A000900080007
0C800B72000E000D000C000B000A000900080007000600050004000300020001000000000C800B71000E000D000C000B000A0009000800070006000500040003
0000000000000000000000000000000000000000000000000000000000000000001C000D000C000B000A0009000800070006000500040003000200010000000E
01010101010101010101010101010101010101010101010101010101010101010101010101010101010101010101010101010101010101010101010101010101
01010101010101010101010101010101000101010101010101010101010101010101010101010101010101010101010001010101010101010101010101010101
000A0009000800070006000500040003000200010000000F0C800B81000F000D000C000B000A000900080007000600050004000300020001000000010C800B80
000600050004000300020001000000E00C800B90001D000D000C000B000A0009000800070006000500040003000200010000000F0C800B82001D000D000C000B
00020001000000EE0C800B9200EE000D000C000B000A000900080007000600050004000300020001000000E00C800B9100EE000D000C000B000A000900080007
0C800C71001F000D000C000B000A000900080007000600050004000300020001000000110C800C7000FC000D000C000B000A0009000800070006000500040003
0000000000000000000000000000000000000000000000000000000000000000002D000D000C000B000A0009000800070006000500040003000200010000001F
01010101010101010101010101010101010000000000000000000000000000010101010101010101010101010101010101010101010101010101010101010101
02010101010101010101010101010102010101010101010101010101010101010101010101010101010101010101010101010101010101010101010101010101
000A000900080007000600050004000300020001000000F00C800C80002D000D000C000B000A0009000800070006000500040003000200010000001F0C800C72
000600050004000300020001000000FE0C800C8200FE000D000C000B000A000900080007000600050004000300020001000000F00C800C8100FE000D000C000B
00020001000000FF0C800C9100FF000D000C000B000A000900080007000600050004000300020001000000F10C800C90010C000D000C000B000A000900080007
0C800D70010D000D000C000B000A000900080007000600050004000300020001000000FF0C800C92010D000D000C000B000A0009000800070006000500040003
00000000000000000000000000000000000000000000000000000000000000000000000D000C000B000A00090008000700060005000400030002000100000000
02010101010101010101010101010102020101010101010101010101010101020201010101010101010101010101010202010101010101010101010101010102
02010101010101010101010101010102020101010101010101010101010101020201010101010101010101010101010202010101010101010101010101010102
000A000900080007000600050004000300020001000000000C800D720000000D000C000B000A000900080007000600050004000300020001000000000C800D71
000600050004000300020001000000000C800D810000000D000C000B000A000900080007000600050004000300020001000000000C800D800000000D000C000B
00020001000000000C800D900000000D000C000B000A000900080007000600050004000300020001000000000C800D820000000D000C000B000A000900080007
0C800D920000000D000C000B000A000900080007000600050004000300020001000000000C800D910000000D000C000B000A0009000800070006000500040003
00000000000000000000000000000000000000000000000000000000000000000000000D000C000B000A00090008000700060005000400030002000100000000
01010101010101010101010101010101010101010101010101010101010101010101010101010101010101010101010101010101010101010101010101010101
01010101010101010101010101010101010101010101010101010101010101010101010101010101010101010101010101010101010101010101010101010101
000A000900080007000600050004000300020001000000000C900B81000E000D000C000B000A000900080007000600050004000300020001000000000C900B80
000600050004000300020001000000010C900B90001C000D000C000B000A0009000800070006000500040003000200010000000E0C900B82000E000D000C000B
000200010000000F0C900B92001D000D000C000B000A0009000800070006000500040003000200010000000F0C900B91000F000D000C000B000A000900080007
0C900BA100EE000D000C000B000A000900080007000600050004000300020001000000E00C900BA0001D000D000C000B000A0009000800070006000500040003
000000000000000000000000000000000000000000000000000000000000000000EE000D000C000B000A000900080007000600050004000300020001000000E0
01010101010101010101010101010101010101010101010101010101010101010001010101010101010101010101010101010101010101010101010101010100
01010101010101010101010101010101010101010101010101010101010101010100000000000000000000000000000101010101010101010101010101010101
000A000900080007000600050004000300020001000000110C900C8000FC000D000C000B000A000900080007000600050004000300020001000000EE0C900BA2
0006000500040003000200010000001F0C900C82002D000D000C000B000A0009000800070006000500040003000200010000001F0C900C81001F000D000C000B
00020001000000F00C900C9100FE000D000C000B000A000900080007000600050004000300020001000000F00C900C90002D000D000C000B000A000900080007
0C900CA0010C000D000C000B000A000900080007000600050004000300020001000000FE0C900C9200FE000D000C000B000A0009000800070006000500040003
000000000000000000000000000000000000000000000000000000000000000000FF000D000C000B000A000900080007000600050004000300020001000000F1
02010101010101010101010101010102020101010101010101010101010101020101010101010101010101010101010101010101010101010101010101010101
02010101010101010101010101010102020101010101010101010101010101020201010101010101010101010101010202010101010101010101010101010102
000A000900080007000600050004000300020001000000FF0C900CA2010D000D000C000B000A000900080007000600050004000300020001000000FF0C900CA1
000600050004000300020001000000000C900D810000000D000C000B000A000900080007000600050004000300020001000000000C900D80010D000D000C000B
00020001000000000C900D900000000D000C000B000A000900080007000600050004000300020001000000000C900D820000000D000C000B000A000900080007
0C900D920000000D000C000B000A000900080007000600050004000300020001000000000C900D910000000D000C000B000A0009000800070006000500040003
00000000000000000000000000000000000000000000000000000000000000000000000D000C000B000A00090008000700060005000400030002000100000000
01010101010101010101010101010101020101010101010101010101010101020201010101010101010101010101010202010101010101010101010101010102
01010101010101010101010101010101010101010101010101010101010101010101010101010101010101010101010101010101010101010101010101010101
000A000900080007000600050004000300020001000000000C900DA10000000D000C000B000A000900080007000600050004000300020001000000000C900DA0
000600050004000300020001000000000CA00B900000000D000C000B000A000900080007000600050004000300020001000000000C900DA20000000D000C000B
000200010000000E0CA00B92000E000D000C000B000A000900080007000600050004000300020001000000000CA00B91000E000D000C000B000A000900080007
0CA00BA1000F000D000C000B000A000900080007000600050004000300020001000000010CA00BA0001C000D000C000B000A0009000800070006000500040003
0000000000000000000000000000000000000000000000000000000000000000001D000D000C000B000A0009000800070006000500040003000200010000000F
01010101010101010101010101010100010101010101010101010101010101010101010101010101010101010101010101010101010101010101010101010101
01010101010101010101010101010101010101010101010101010101010101010101010101010101010101010101010100010101010101010101010101010101
000A000900080007000600050004000300020001000000E00CA00BB0001D000D000C000B000A0009000800070006000500040003000200010000000F0CA00BA2
000600050004000300020001000000EE0CA00BB200EE000D000C000B000A000900080007000600050004000300020001000000E00CA00BB100EE000D000C000B
000200010000001F0CA00C91001F000D000C000B000A000900080007000600050004000300020001000000110CA00C9000FC000D000C000B000A000900080007
0CA00CA0002D000D000C000B000A0009000800070006000500040003000200010000001F0CA00C92002D000D000C000B000A0009000800070006000500040003
000000000000000000000000000000000000000000000000000000000000000000FE000D000C000B000A000900080007000600050004000300020001000000F0
01010101010101010101010101010101010101010101010101010101010101010101010101010101010101010101010101000000000000000000000000000001
02010101010101010101010101010102020101010101010101010101010101020201010101010101010101010101010201010101010101010101010101010101
000A000900080007000600050004000300020001000000FE0CA00CA200FE000D000C000B000A000900080007000600050004000300020001000000F00CA00CA1
000600050004000300020001000000FF0CA00CB100FF000D000C000B000A000900080007000600050004000300020001000000F10CA00CB0010C000D000C000B
00020001000000000CA00D90010D000D000C000B000A000900080007000600050004000300020001000000FF0CA00CB2010D000D000C000B000A000900080007
0CA00D920000000D000C000B000A000900080007000600050004000300020001000000000CA00D910000000D000C000B000A0009000800070006000500040003
00000000000000000000000000000000000000000000000000000000000000000000000D000C000B000A00090008000700060005000400030002000100000000
02010101010101010101010101010102020101010101010101010101010101020201010101010101010101010101010202010101010101010101010101010102
01010101010101010101010101010101010101010101010101010101010101010201010101010101010101010101010202010101010101010101010101010102
000A000900080007000600050004000300020001000000000CA00DA10000000D000C000B000A000900080007000600050004000300020001000000000CA00DA0
000600050004000300020001000000000CA00DB00000000D000C000B000A000900080007000600050004000300020001000000000CA00DA20000000D000C000B
00020001000000000CA00DB20000000D000C000B000A000900080007000600050004000300020001000000000CA00DB10000000D000C000B000A000900080007
0CB00BA1000E000D000C000B000A000900080007000600050004000300020001000000000CB00BA00000000D000C000B000A0009000800070006000500040003
0000000000000000000000000000000000000000000000000000000000000000000E000D000C000B000A00090008000700060005000400030002000100000000
01010101010101010101010101010101010101010101010101010101010101010101010101010101010101010101010101010101010101010101010101010101
00010101010101010101010101010101010101010101010101010101010101000101010101010101010101010101010101010101010101010101010101010101
000A000900080007000600050004000300020001000000010CB00BB0001C000D000C000B000A0009000800070006000500040003000200010000000E0CB00BA2
0006000500040003000200010000000F0CB00BB2001D000D000C000B000A0009000800070006000500040003000200010000000F0CB00BB1000F000D000C000B
00020001000000E00CB00BC100EE000D000C000B000A000900080007000600050004000300020001000000E00CB00BC0001D000D000C000B000A000900080007
0CB00CA000FC000D000C000B000A000900080007000600050004000300020001000000EE0CB00BC200EE000D000C000B000A0009000800070006000500040003
0000000000000000000000000000000000000000000000000000000000000000001F000D000C000B000A00090008000700060005000400030002000100000011
01000000000000000000000000000001010101010101010101010101010101010101010101010101010101010101010101010101010101010101010101010101
01010101010101010101010101010101010101010101010101010101010101010101010101010101010101010101010101010101010101010101010101010101
000A0009000800070006000500040003000200010000001F0CB00CA2002D000D000C000B000A0009000800070006000500040003000200010000001F0CB00CA1
000600050004000300020001000000F00CB00CB100FE000D000C000B000A000900080007000600050004000300020001000000F00CB00CB0002D000D000C000B
00020001000000F10CB00CC0010C000D000C000B000A000900080007000600050004000300020001000000FE0CB00CB200FE000D000C000B000A000900080007
0CB00CC2010D000D000C000B000A000900080007000600050004000300020001000000FF0CB00CC100FF000D000C000B000A0009000800070006000500040003
0000000000000000000000000000000000000000000000000000000000000000010D000D000C000B000A000900080007000600050004000300020001000000FF
02010101010101010101010101010102020101010101010101010101010101020201010101010101010101010101010202010101010101010101010101010102
02010101010101010101010101010102020101010101010101010101010101020201010101010101010101010101010202010101010101010101010101010102
000A000900080007000600050004000300020001000000000CB00DA10000000D000C000B000A000900080007000600050004000300020001000000000CB00DA0
000600050004000300020001000000000CB00DB00000000D000C000B000A000900080007000600050004000300020001000000000CB00DA20000000D000C000B
00020001000000000CB00DB20000000D000C000B000A000900080007000600050004000300020001000000000CB00DB10000000D000C000B000A000900080007
0CB00DC10000000D000C000B000A000900080007000600050004000300020001000000000CB00DC00000000D000C000B000A0009000800070006000500040003
00000000000000000000000000000000000000000000000000000000000000000000000D000C000B000A00090008000700060005000400030002000100000000
01010101010101010101010101010101010101010101010101010101010101010101010101010101010101010101010102010101010101010101010101010102
01010101010101010101010101010101010101010101010101010101010101010101010101010101010101010101010101010101010101010101010101010101
000A000900080007000600050004000300020001000000000CC00BB00000000D000C000B000A000900080007000600050004000300020001000000000CB00DC2
0006000500040003000200010000000E0CC00BB2000E000D000C000B000A000900080007000600050004000300020001000000000CC00BB1000E000D000C000B
000200010000000F0CC00BC1000F000D000C000B000A000900080007000600050004000300020001000000010CC00BC0001C000D000C000B000A000900080007
0CC00BD0001D000D000C000B000A0009000800070006000500040003000200010000000F0CC00BC2001D000D000C000B000A0009000800070006000500040003
000000000000000000000000000000000000000000000000000000000000000000EE000D000C000B000A000900080007000600050004000300020001000000E0
01010101010101010101010101010101000101010101010101010101010101010101010101010101010101010101010001010101010101010101010101010101
01010101010101010101010101010101010000000000000000000000000000010101010101010101010101010101010101010101010101010101010101010101
000A000900080007000600050004000300020001000000EE0CC00BD200EE000D000C000B000A000900080007000600050004000300020001000000E00CC00BD1
0006000500040003000200010000001F0CC00CB1001F000D000C000B000A000900080007000600050004000300020001000000110CC00CB000FC000D000C000B
00020001000000F00CC00CC0002D000D000C000B000A0009000800070006000500040003000200010000001F0CC00CB2002D000D000C000B000A000900080007
0CC00CC200FE000D000C000B000A000900080007000600050004000300020001000000F00CC00CC100FE000D000C000B000A0009000800070006000500040003
0000000000000000000000000000000000000000000000000000000000000000010C000D000C000B000A000900080007000600050004000300020001000000FE
02010101010101010101010101010102010101010101010101010101010101010101010101010101010101010101010101010101010101010101010101010101
02010101010101010101010101010102020101010101010101010101010101020201010101010101010101010101010202010101010101010101010101010102
000A000900080007000600050004000300020001000000FF0CC00CD100FF000D000C000B000A000900080007000600050004000300020001000000F10CC00CD0
000600050004000300020001000000000CC00DB0010D000D000C000B000A000900080007000600050004000300020001000000FF0CC00CD2010D000D000C000B
00020001000000000CC00DB20000000D000C000B000A000900080007000600050004000300020001000000000CC00DB10000000D000C000B000A000900080007
0CC00DC10000000D000C000B000A000900080007000600050004000300020001000000000CC00DC00000000D000C000B000A0009000800070006000500040003
00000000000000000000000000000000000000000000000000000000000000000000000D000C000B000A00090008000700060005000400030002000100000000
02010101010101010101010101010102020101010101010101010101010101020201010101010101010101010101010202010101010101010101010101010102
01010101010101010101010101010101010101010101010101010101010101010101010101010101010101010101010101010101010101010101010101010101
000A000900080007000600050004000300020001000000000CC00DD00000000D000C000B000A000900080007000600050004000300020001000000000CC00DC2
000600050004000300020001000000000CC00DD20000000D000C000B000A000900080007000600050004000300020001000000000CC00DD10000000D000C000B
00020001000000000CD00BC1000E000D000C000B000A000900080007000600050004000300020001000000000CD00BC00000000D000C000B000A000900080007
0CD00BD0001C000D000C000B000A0009000800070006000500040003000200010000000E0CD00BC2000E000D000C000B000A0009000800070006000500040003
0000000000000000000000000000000000000000000000000000000000000000000F000D000C000B000A00090008000700060005000400030002000100000001
01010101010101010101010101010101010101010101010101010101010101010101010101010101010101010101010101010101010101010101010101010101
01010101010101010101010101010101010101010101010101010101010101010001010101010101010101010101010101010101010101010101010101010100
000A0009000800070006000500040003000200010000000F0CD00BD2001D000D000C000B000A0009000800070006000500040003000200010000000F0CD00BD1
000600050004000300020001000000E00CD00BE100EE000D000C000B000A000900080007000600050004000300020001000000E00CD00BE0001D000D000C000B
00020001000000110CD00CC000FC000D000C000B000A000900080007000600050004000300020001000000EE0CD00BE200EE000D000C000B000A000900080007
0CD00CC2002D000D000C000B000A0009000800070006000500040003000200010000001F0CD00CC1001F000D000C000B000A0009000800070006000500040003
0000000000000000000000000000000000000000000000000000000000000000002D000D000C000B000A0009000800070006000500040003000200010000001F
01010101010101010101010101010101010101010101010101010101010101010100000000000000000000000000000101010101010101010101010101010101
02010101010101010101010101010102020101010101010101010101010101020101010101010101010101010101010101010101010101010101010101010101
000A000900080007000600050004000300020001000000F00CD00CD100FE000D000C000B000A000900080007000600050004000300020001000000F00CD00CD0
000600050004000300020001000000F10CD00CE0010C000D000C000B000A000900080007000600050004000300020001000000FE0CD00CD200FE000D000C000B
00020001000000FF0CD00CE2010D000D000C000B000A000900080007000600050004000300020001000000FF0CD00CE100FF000D000C000B000A000900080007
0CD00DC10000000D000C000B000A000900080007000600050004000300020001000000000CD00DC0010D000D000C000B000A0009000800070006000500040003
00000000000000000000000000000000000000000000000000000000000000000000000D000C000B000A00090008000700060005000400030002000100000000
02010101010101010101010101010102020101010101010101010101010101020201010101010101010101010101010202010101010101010101010101010102
01010101010101010101010101010101020101010101010101010101010101020201010101010101010101010101010202010101010101010101010101010102
000A000900080007000600050004000300020001000000000CD00DD00000000D000C000B000A000900080007000600050004000300020001000000000CD00DC2
000600050004000300020001000000000CD00DD20000000D000C000B000A000900080007000600050004000300020001000000000CD00DD10000000D000C000B
00020001000000000CD00DE10000000D000C000B000A000900080007000600050004000300020001000000000CD00DE00000000D000C000B000A000900080007
0CE00BD00000000D000C000B000A000900080007000600050004000300020001000000000CD00DE20000000D000C000B000A0009000800070006000500040003
0000000000000000000000000000000000000000000000000000000000000000000E000D000C000B000A00090008000700060005000400030002000100000000
01010101010101010101010101010101010101010101010101010101010101010101010101010101010101010101010101010101010101010101010101010101
01010101010101010101010101010100010101010101010101010101010101010101010101010101010101010101010101010101010101010101010101010101
000A0009000800070006000500040003000200010000000E0CE00BD2000E000D000C000B000A000900080007000600050004000300020001000000000CE00BD1
0006000500040003000200010000000F0CE00BE1000F000D000C000B000A000900080007000600050004000300020001000000010CE00BE0001C000D000C000B
00020001000000E00CE00BF0001D000D000C000B000A0009000800070006000500040003000200010000000F0CE00BE2001D000D000C000B000A000900080007
0CE00BF200EE000D000C000B000A000900080007000600050004000300020001000000E00CE00BF100EE000D000C000B000A0009000800070006000500040003
000000000000000000000000000000000000000000000000000000000000000000FC000D000C000B000A000900080007000600050004000300020001000000EE
01010101010101010101010101010101010101010101010101010101010101010101010101010101010101010101010100010101010101010101010101010101
01010101010101010101010101010101010101010101010101010101010101010101010101010101010101010101010101000000000000000000000000000001
000A0009000800070006000500040003000200010000001F0CE00CD1001F000D000C000B000A000900080007000600050004000300020001000000110CE00CD0
000600050004000300020001000000F00CE00CE0002D000D000C000B000A0009000800070006000500040003000200010000001F0CE00CD2002D000D000C000B
00020001000000FE0CE00CE200FE000D000C000B000A000900080007000600050004000300020001000000F00CE00CE100FE000D000C000B000A000900080007
0CE00CF100FF000D000C000B000A000900080007000600050004000300020001000000F10CE00CF0010C000D000C000B000A0009000800070006000500040003
0000000000000000000000000000000000000000000000000000000000000000010D000D000C000B000A000900080007000600050004000300020001000000FF
02010101010101010101010101010102020101010101010101010101010101020201010101010101010101010101010201010101010101010101010101010101
02010101010101010101010101010102020101010101010101010101010101020201010101010101010101010101010202010101010101010101010101010102
000A000900080007000600050004000300020001000000000CE00DD0010D000D000C000B000A000900080007000600050004000300020001000000FF0CE00CF2
000600050004000300020001000000000CE00DD20000000D000C000B000A000900080007000600050004000300020001000000000CE00DD10000000D000C000B
00020001000000000CE00DE10000000D000C000B000A000900080007000600050004000300020001000000000CE00DE00000000D000C000B000A000900080007
0CE00DF00000000D000C000B000A000900080007000600050004000300020001000000000CE00DE20000000D000C000B000A0009000800070006000500040003
00000000000000000000000000000000000000000000000000000000000000000000000D000C000B000A00090008000700060005000400030002000100000000
01010101010101010101010101010101010101010101010101010101010101010201010101010101010101010101010202010101010101010101010101010102
01010101010101010101010101010101010101010101010101010101010101010101010101010101010101010101010101010101010101010101010101010101
000A000900080007000600050004000300020001000000000CE00DF20000000D000C000B000A000900080007000600050004000300020001000000000CE00DF1
000600050004000300020001000000000CF00BE1000E000D000C000B000A000900080007000600050004000300020001000000000CF00BE00000000D000C000B
00020001000000010CF00BF0001C000D000C000B000A0009000800070006000500040003000200010000000E0CF00BE2000E000D000C000B000A000900080007
0CF00BF200FD000D000C000B000A000900080007000600050004000300020001000000EF0CF00BF1000F000D000C000B000A0009000800070006000500040003
000000000000000000000000000000000000000000000000000000000000000000FD000D000C000B000A000900080007000600050004000300020001000000EF
01010101010101010101010101010101010101010101010101010101010101010001010101010101010101010101010101010101010101010101010101010100
02010101010101010101010101010102020101010101010101010101010101020101010101010101010101010101010101000000000000000000000000000001
000A000900080007000600050004000300020001000000100CF00CE1001E000D000C000B000A000900080007000600050004000300020001000000100CF00CE0
000600050004000300020001000000F10CF00CF0010C000D000C000B000A000900080007000600050004000300020001000000FE0CF00CE2001E000D000C000B
00020001000000FF0CF00CF2010D000D000C000B000A000900080007000600050004000300020001000000FF0CF00CF100FF000D000C000B000A000900080007
0CF00DE10000000D000C000B000A000900080007000600050004000300020001000000000CF00DE0010D000D000C000B000A0009000800070006000500040003
00000000000000000000000000000000000000000000000000000000000000000000000D000C000B000A00090008000700060005000400030002000100000000
02010101010101010101010101010102020101010101010101010101010101020201010101010101010101010101010202010101010101010101010101010102
01010101010101010101010101010101010101010101010101010101010101010101010101010101010101010101010101010101010101010101010101010101
000A000900080007000600050004000300020001000000000CF00DF00000000D000C000B000A000900080007000600050004000300020001000000000CF00DE2
000600050004000300020001000000000CF00DF20000000D000C000B000A000900080007000600050004000300020001000000000CF00DF10000000D000C000B
00020001000000000D000C01000E000D000C000B000A000900080007000600050004000300020001000000000D000C000000000D000C000B000A000900080007
0D000C10001C000D000C000B000A0009000800070006000500040003000200010000000E0D000C02000E000D000C000B000A0009000800070006000500040003
0000000000000000000000000000000000000000000000000000000000000000000F000D000C000B000A00090008000700060005000400030002000100000001
01000000000000000000000000000001010101010101010101010101010101010001010101010101010101010101010101010101010101010101010101010100
01010101010101010101010101010101010101010101010101010101010101010101010101010101010101010101010101010101010101010101010101010101
000A000900080007000600050004000300020001000000EF0D000C1200FD000D000C000B000A000900080007000600050004000300020001000000EF0D000C11
000600050004000300020001000000100D000D01001E000D000C000B000A000900080007000600050004000300020001000000100D000D0000FD000D000C000B
00020001000000F10D000D10010C000D000C000B000A000900080007000600050004000300020001000000FE0D000D02001E000D000C000B000A000900080007
0D000D12010D000D000C000B000A000900080007000600050004000300020001000000FF0D000D1100FF000D000C000B000A0009000800070006000500040003
0000000000000000000000000000000000000000000000000000000000000000010D000D000C000B000A000900080007000600050004000300020001000000FF
02010101010101010101010101010102020101010101010101010101010101020201010101010101010101010101010202010101010101010101010101010102
01010101010101010101010101010101010101010101010101010101010101010201010101010101010101010101010202010101010101010101010101010102
000A000900080007000600050004000300020001000000000D000E010000000D000C000B000A000900080007000600050004000300020001000000000D000E00
000600050004000300020001000000000D000E100000000D000C000B000A000900080007000600050004000300020001000000000D000E020000000D000C000B
00020001000000000D000E120000000D000C000B000A000900080007000600050004000300020001000000000D000E110000000D000C000B000A000900080007
0D100C01000E000D000C000B000A000900080007000600050004000300020001000000000D100C000000000D000C000B000A0009000800070006000500040003
0000000000000000000000000000000000000000000000000000000000000000000E000D000C000B000A00090008000700060005000400030002000100000000
01010101010101010101010101010101010101010101010101010101010101010101010101010101010101010101010101010101010101010101010101010101
00010101010101010101010101010101010101010101010101010101010101000101010101010101010101010101010101010101010101010101010101010101
000A000900080007000600050004000300020001000000010D100C10001C000D000C000B000A0009000800070006000500040003000200010000000E0D100C02
0006000500040003000200010000000F0D100C12001D000D000C000B000A0009000800070006000500040003000200010000000F0D100C11000F000D000C000B
00020001000000E00D100C2100EE000D000C000B000A000900080007000600050004000300020001000000E00D100C20001D000D000C000B000A000900080007
0D100D0000FC000D000C000B000A000900080007000600050004000300020001000000EE0D100C2200EE000D000C000B000A0009000800070006000500040003
0000000000000000000000000000000000000000000000000000000000000000001F000D000C000B000A00090008000700060005000400030002000100000011
01000000000000000000000000000001010101010101010101010101010101010101010101010101010101010101010101010101010101010101010101010101
01010101010101010101010101010101010101010101010101010101010101010101010101010101010101010101010101010101010101010101010101010101
000A0009000800070006000500040003000200010000001F0D100D02002D000D000C000B000A0009000800070006000500040003000200010000001F0D100D01
000600050004000300020001000000F00D100D1100FE000D000C000B000A000900080007000600050004000300020001000000F00D100D10002D000D000C000B
00020001000000F10D100D20010C000D000C000B000A000900080007000600050004000300020001000000FE0D100D1200FE000D000C000B000A000900080007
0D100D22010D000D000C000B000A000900080007000600050004000300020001000000FF0D100D2100FF000D000C000B000A0009000800070006000500040003
0000000000000000000000000000000000000000000000000000000000000000010D000D000C000B000A000900080007000600050004000300020001000000FF
02010101010101010101010101010102020101010101010101010101010101020201010101010101010101010101010202010101010101010101010101010102
02010101010101010101010101010102020101010101010101010101010101020201010101010101010101010101010202010101010101010101010101010102
000A000900080007000600050004000300020001000000000D100E010000000D000C000B000A000900080007000600050004000300020001000000000D100E00
000600050004000300020001000000000D100E100000000D000C000B000A000900080007000600050004000300020001000000000D100E020000000D000C000B
00020001000000000D100E120000000D000C000B000A000900080007000600050004000300020001000000000D100E110000000D000C000B000A000900080007
0D100E210000000D000C000B000A000900080007000600050004000300020001000000000D100E200000000D000C000B000A0009000800070006000500040003
00000000000000000000000000000000000000000000000000000000000000000000000D000C000B000A00090008000700060005000400030002000100000000
01010101010101010101010101010101010101010101010101010101010101010101010101010101010101010101010102010101010101010101010101010102
01010101010101010101010101010101010101010101010101010101010101010101010101010101010101010101010101010101010101010101010101010101
000A000900080007000600050004000300020001000000000D200C100000000D000C000B000A000900080007000600050004000300020001000000000D100E22
0006000500040003000200010000000E0D200C12000E000D000C000B000A000900080007000600050004000300020001000000000D200C11000E000D000C000B
000200010000000F0D200C21000F000D000C000B000A000900080007000600050004000300020001000000010D200C20001C000D000C000B000A000900080007
0D200C30001D000D000C000B000A0009000800070006000500040003000200010000000F0D200C22001D000D000C000B000A0009000800070006000500040003
000000000000000000000000000000000000000000000000000000000000000000EE000D000C000B000A000900080007000600050004000300020001000000E0
01010101010101010101010101010101000101010101010101010101010101010101010101010101010101010101010001010101010101010101010101010101
01010101010101010101010101010101010000000000000000000000000000010101010101010101010101010101010101010101010101010101010101010101
000A000900080007000600050004000300020001000000EE0D200C3200EE000D000C000B000A000900080007000600050004000300020001000000E00D200C31
0006000500040003000200010000001F0D200D11001F000D000C000B000A000900080007000600050004000300020001000000110D200D1000FC000D000C000B
00020001000000F00D200D20002D000D000C000B000A0009000800070006000500040003000200010000001F0D200D12002D000D000C000B000A000900080007
0D200D2200FE000D000C000B000A000900080007000600050004000300020001000000F00D200D2100FE000D000C000B000A0009000800070006000500040003
0000000000000000000000000000000000000000000000000000000000000000010C000D000C000B000A000900080007000600050004000300020001000000FE
02010101010101010101010101010102010101010101010101010101010101010101010101010101010101010101010101010101010101010101010101010101
02010101010101010101010101010102020101010101010101010101010101020201010101010101010101010101010202010101010101010101010101010102
000A000900080007000600050004000300020001000000FF0D200D3100FF000D000C000B000A000900080007000600050004000300020001000000F10D200D30
000600050004000300020001000000000D200E10010D000D000C000B000A000900080007000600050004000300020001000000FF0D200D32010D000D000C000B
00020001000000000D200E120000000D000C000B000A000900080007000600050004000300020001000000000D200E110000000D000C000B000A000900080007
0D200E210000000D000C000B000A000900080007000600050004000300020001000000000D200E200000000D000C000B000A0009000800070006000500040003
00000000000000000000000000000000000000000000000000000000000000000000000D000C000B000A00090008000700060005000400030002000100000000
02010101010101010101010101010102020101010101010101010101010101020201010101010101010101010101010202010101010101010101010101010102
01010101010101010101010101010101010101010101010101010101010101010101010101010101010101010101010101010101010101010101010101010101
000A000900080007000600050004000300020001000000000D200E300000000D000C000B000A000900080007000600050004000300020001000000000D200E22
000600050004000300020001000000000D200E320000000D000C000B000A000900080007000600050004000300020001000000000D200E310000000D000C000B
00020001000000000D300C21000E000D000C000B000A000900080007000600050004000300020001000000000D300C200000000D000C000B000A000900080007
0D300C30001C000D000C000B000A0009000800070006000500040003000200010000000E0D300C22000E000D000C000B000A0009000800070006000500040003
0000000000000000000000000000000000000000000000000000000000000000000F000D000C000B000A00090008000700060005000400030002000100000001
01010101010101010101010101010101010101010101010101010101010101010101010101010101010101010101010101010101010101010101010101010101
01010101010101010101010101010101010101010101010101010101010101010001010101010101010101010101010101010101010101010101010101010100
000A0009000800070006000500040003000200010000000F0D300C32001D000D000C000B000A0009000800070006000500040003000200010000000F0D300C31
000600050004000300020001000000E00D300C4100EE000D000C000B000A000900080007000600050004000300020001000000E00D300C40001D000D000C000B
00020001000000110D300D2000FC000D000C000B000A000900080007000600050004000300020001000000EE0D300C4200EE000D000C000B000A000900080007
0D300D22002D000D000C000B000A0009000800070006000500040003000200010000001F0D300D21001F000D000C000B000A0009000800070006000500040003
0000000000000000000000000000000000000000000000000000000000000000002D000D000C000B000A0009000800070006000500040003000200010000001F
01010101010101010101010101010101010101010101010101010101010101010100000000000000000000000000000101010101010101010101010101010101
02010101010101010101010101010102020101010101010101010101010101020101010101010101010101010101010101010101010101010101010101010101
000A000900080007000600050004000300020001000000F00D300D3100FE000D000C000B000A000900080007000600050004000300020001000000F00D300D30
000600050004000300020001000000F10D300D40010C000D000C000B000A000900080007000600050004000300020001000000FE0D300D3200FE000D000C000B
00020001000000FF0D300D42010D000D000C000B000A000900080007000600050004000300020001000000FF0D300D4100FF000D000C000B000A000900080007
0D300E210000000D000C000B000A000900080007000600050004000300020001000000000D300E20010D000D000C000B000A0009000800070006000500040003
00000000000000000000000000000000000000000000000000000000000000000000000D000C000B000A00090008000700060005000400030002000100000000
02010101010101010101010101010102020101010101010101010101010101020201010101010101010101010101010202010101010101010101010101010102
01010101010101010101010101010101020101010101010101010101010101020201010101010101010101010101010202010101010101010101010101010102
000A000900080007000600050004000300020001000000000D300E300000000D000C000B000A000900080007000600050004000300020001000000000D300E22
000600050004000300020001000000000D300E320000000D000C000B000A000900080007000600050004000300020001000000000D300E310000000D000C000B
00020001000000000D300E410000000D000C000B000A000900080007000600050004000300020001000000000D300E400000000D000C000B000A000900080007
0D400C300000000D000C000B000A000900080007000600050004000300020001000000000D300E420000000D000C000B000A0009000800070006000500040003
0000000000000000000000000000000000000000000000000000000000000000000E000D000C000B000A00090008000700060005000400030002000100000000
01010101010101010101010101010101010101010101010101010101010101010101010101010101010101010101010101010101010101010101010101010101
01010101010101010101010101010100010101010101010101010101010101010101010101010101010101010101010101010101010101010101010101010101
000A0009000800070006000500040003000200010000000E0D400C32000E000D000C000B000A000900080007000600050004000300020001000000000D400C31
0006000500040003000200010000000F0D400C41000F000D000C000B000A000900080007000600050004000300020001000000010D400C40001C000D000C000B
00020001000000E00D400C50001D000D000C000B000A0009000800070006000500040003000200010000000F0D400C42001D000D000C000B000A000900080007
0D400C5200EE000D000C000B000A000900080007000600050004000300020001000000E00D400C5100EE000D000C000B000A0009000800070006000500040003
000000000000000000000000000000000000000000000000000000000000000000FC000D000C000B000A000900080007000600050004000300020001000000EE
01010101010101010101010101010101010101010101010101010101010101010101010101010101010101010101010100010101010101010101010101010101
01010101010101010101010101010101010101010101010101010101010101010101010101010101010101010101010101000000000000000000000000000001
000A0009000800070006000500040003000200010000001F0D400D31001F000D000C000B000A000900080007000600050004000300020001000000110D400D30
000600050004000300020001000000F00D400D40002D000D000C000B000A0009000800070006000500040003000200010000001F0D400D32002D000D000C000B
00020001000000FE0D400D4200FE000D000C000B000A000900080007000600050004000300020001000000F00D400D4100FE000D000C000B000A000900080007
0D400D5100FF000D000C000B000A000900080007000600050004000300020001000000F10D400D50010C000D000C000B000A0009000800070006000500040003
0000000000000000000000000000000000000000000000000000000000000000010D000D000C000B000A000900080007000600050004000300020001000000FF
02010101010101010101010101010102020101010101010101010101010101020201010101010101010101010101010201010101010101010101010101010101
02010101010101010101010101010102020101010101010101010101010101020201010101010101010101010101010202010101010101010101010101010102
000A000900080007000600050004000300020001000000000D400E30010D000D000C000B000A000900080007000600050004000300020001000000FF0D400D52
000600050004000300020001000000000D400E320000000D000C000B000A000900080007000600050004000300020001000000000D400E310000000D000C000B
00020001000000000D400E410000000D000C000B000A000900080007000600050004000300020001000000000D400E400000000D000C000B000A000900080007
0D400E500000000D000C000B000A000900080007000600050004000300020001000000000D400E420000000D000C000B000A0009000800070006000500040003
00000000000000000000000000000000000000000000000000000000000000000000000D000C000B000A00090008000700060005000400030002000100000000
01010101010101010101010101010101010101010101010101010101010101010201010101010101010101010101010202010101010101010101010101010102
01010101010101010101010101010101010101010101010101010101010101010101010101010101010101010101010101010101010101010101010101010101
000A000900080007000600050004000300020001000000000D400E520000000D000C000B000A000900080007000600050004000300020001000000000D400E51
000600050004000300020001000000000D500C41000E000D000C000B000A000900080007000600050004000300020001000000000D500C400000000D000C000B
00020001000000010D500C50001C000D000C000B000A0009000800070006000500040003000200010000000E0D500C42000E000D000C000B000A000900080007
0D500C52001D000D000C000B000A0009000800070006000500040003000200010000000F0D500C51000F000D000C000B000A0009000800070006000500040003
0000000000000000000000000000000000000000000000000000000000000000001D000D000C000B000A0009000800070006000500040003000200010000000F
00010101010101010101010101010101010101010101010101010101010101000101010101010101010101010101010101010101010101010101010101010101
01000000000000000000000000000001010101010101010101010101010101010101010101010101010101010101010101010101010101010101010101010101
000A000900080007000600050004000300020001000000E00D500C6100EE000D000C000B000A000900080007000600050004000300020001000000E00D500C60
000600050004000300020001000000110D500D4000FC000D000C000B000A000900080007000600050004000300020001000000EE0D500C6200EE000D000C000B
000200010000001F0D500D42002D000D000C000B000A0009000800070006000500040003000200010000001F0D500D41001F000D000C000B000A000900080007
0D500D5100FE000D000C000B000A000900080007000600050004000300020001000000F00D500D50002D000D000C000B000A0009000800070006000500040003
000000000000000000000000000000000000000000000000000000000000000000FE000D000C000B000A000900080007000600050004000300020001000000F0
01010101010101010101010101010101010101010101010101010101010101010101010101010101010101010101010101010101010101010101010101010101
02010101010101010101010101010102020101010101010101010101010101020201010101010101010101010101010202010101010101010101010101010102
000A000900080007000600050004000300020001000000F10D500D60010C000D000C000B000A000900080007000600050004000300020001000000FE0D500D52
000600050004000300020001000000FF0D500D62010D000D000C000B000A000900080007000600050004000300020001000000FF0D500D6100FF000D000C000B
00020001000000000D500E410000000D000C000B000A000900080007000600050004000300020001000000000D500E40010D000D000C000B000A000900080007
0D500E500000000D000C000B000A000900080007000600050004000300020001000000000D500E420000000D000C000B000A0009000800070006000500040003
00000000000000000000000000000000000000000000000000000000000000000000000D000C000B000A00090008000700060005000400030002000100000000
02010101010101010101010101010102020101010101010101010101010101020201010101010101010101010101010202010101010101010101010101010102
01010101010101010101010101010101010101010101010101010101010101010101010101010101010101010101010102010101010101010101010101010102
000A000900080007000600050004000300020001000000000D500E520000000D000C000B000A000900080007000600050004000300020001000000000D500E51
000600050004000300020001000000000D500E610000000D000C000B000A000900080007000600050004000300020001000000000D500E600000000D000C000B
00020001000000000D600C500000000D000C000B000A000900080007000600050004000300020001000000000D500E620000000D000C000B000A000900080007
0D600C52000E000D000C000B000A000900080007000600050004000300020001000000000D600C51000E000D000C000B000A0009000800070006000500040003
0000000000000000000000000000000000000000000000000000000000000000001C000D000C000B000A0009000800070006000500040003000200010000000E
01010101010101010101010101010101010101010101010101010101010101010101010101010101010101010101010101010101010101010101010101010101
01010101010101010101010101010101000101010101010101010101010101010101010101010101010101010101010001010101010101010101010101010101
000A0009000800070006000500040003000200010000000F0D600C61000F000D000C000B000A000900080007000600050004000300020001000000010D600C60
000600050004000300020001000000E00D600C70001D000D000C000B000A0009000800070006000500040003000200010000000F0D600C62001D000D000C000B
00020001000000EE0D600C7200EE000D000C000B000A000900080007000600050004000300020001000000E00D600C7100EE000D000C000B000A000900080007
0D600D51001F000D000C000B000A000900080007000600050004000300020001000000110D600D5000FC000D000C000B000A0009000800070006000500040003
0000000000000000000000000000000000000000000000000000000000000000002D000D000C000B000A0009000800070006000500040003000200010000001F
01010101010101010101010101010101010000000000000000000000000000010101010101010101010101010101010101010101010101010101010101010101
02010101010101010101010101010102010101010101010101010101010101010101010101010101010101010101010101010101010101010101010101010101
000A000900080007000600050004000300020001000000F00D600D60002D000D000C000B000A0009000800070006000500040003000200010000001F0D600D52
000600050004000300020001000000FE0D600D6200FE000D000C000B000A000900080007000600050004000300020001000000F00D600D6100FE000D000C000B
00020001000000FF0D600D7100FF000D000C000B000A000900080007000600050004000300020001000000F10D600D70010C000D000C000B000A000900080007
0D600E50010D000D000C000B000A000900080007000600050004000300020001000000FF0D600D72010D000D000C000B000A0009000800070006000500040003
00000000000000000000000000000000000000000000000000000000000000000000000D000C000B000A00090008000700060005000400030002000100000000
02010101010101010101010101010102020101010101010101010101010101020201010101010101010101010101010202010101010101010101010101010102
02010101010101010101010101010102020101010101010101010101010101020201010101010101010101010101010202010101010101010101010101010102
000A000900080007000600050004000300020001000000000D600E520000000D000C000B000A000900080007000600050004000300020001000000000D600E51
000600050004000300020001000000000D600E610000000D000C000B000A000900080007000600050004000300020001000000000D600E600000000D000C000B
00020001000000000D600E700000000D000C000B000A000900080007000600050004000300020001000000000D600E620000000D000C000B000A000900080007
0D600E720000000D000C000B000A000900080007000600050004000300020001000000000D600E710000000D000C000B000A0009000800070006000500040003
00000000000000000000000000000000000000000000000000000000000000000000000D000C000B000A00090008000700060005000400030002000100000000
01010101010101010101010101010101010101010101010101010101010101010101010101010101010101010101010101010101010101010101010101010101
01010101010101010101010101010101010101010101010101010101010101010101010101010101010101010101010101010101010101010101010101010101
000A000900080007000600050004000300020001000000000D700C61000E000D000C000B000A000900080007000600050004000300020001000000000D700C60
000600050004000300020001000000010D700C70001C000D000C000B000A0009000800070006000500040003000200010000000E0D700C62000E000D000C000B
000200010000000F0D700C72001D000D000C000B000A0009000800070006000500040003000200010000000F0D700C71000F000D000C000B000A000900080007
0D700C8100EE000D000C000B000A000900080007000600050004000300020001000000E00D700C80001D000D000C000B000A0009000800070006000500040003
000000000000000000000000000000000000000000000000000000000000000000EE000D000C000B000A000900080007000600050004000300020001000000E0
01010101010101010101010101010101010101010101010101010101010101010001010101010101010101010101010101010101010101010101010101010100
01010101010101010101010101010101010101010101010101010101010101010100000000000000000000000000000101010101010101010101010101010101
000A000900080007000600050004000300020001000000110D700D6000FC000D000C000B000A000900080007000600050004000300020001000000EE0D700C82
0006000500040003000200010000001F0D700D62002D000D000C000B000A0009000800070006000500040003000200010000001F0D700D61001F000D000C000B
00020001000000F00D700D7100FE000D000C000B000A000900080007000600050004000300020001000000F00D700D70002D000D000C000B000A000900080007
0D700D80010C000D000C000B000A000900080007000600050004000300020001000000FE0D700D7200FE000D000C000B000A0009000800070006000500040003
000000000000000000000000000000000000000000000000000000000000000000FF000D000C000B000A000900080007000600050004000300020001000000F1
02010101010101010101010101010102020101010101010101010101010101020101010101010101010101010101010101010101010101010101010101010101
02010101010101010101010101010102020101010101010101010101010101020201010101010101010101010101010202010101010101010101010101010102
000A000900080007000600050004000300020001000000FF0D700D82010D000D000C000B000A000900080007000600050004000300020001000000FF0D700D81
000600050004000300020001000000000D700E610000000D000C000B000A000900080007000600050004000300020001000000000D700E60010D000D000C000B
00020001000000000D700E700000000D000C000B000A000900080007000600050004000300020001000000000D700E620000000D000C000B000A000900080007
0D700E720000000D000C000B000A000900080007000600050004000300020001000000000D700E710000000D000C000B000A0009000800070006000500040003
00000000000000000000000000000000000000000000000000000000000000000000000D000C000B000A00090008000700060005000400030002000100000000
01010101010101010101010101010101020101010101010101010101010101020201010101010101010101010101010202010101010101010101010101010102
01010101010101010101010101010101010101010101010101010101010101010101010101010101010101010101010101010101010101010101010101010101
000A000900080007000600050004000300020001000000000D700E810000000D000C000B000A000900080007000600050004000300020001000000000D700E80
000600050004000300020001000000000D800C700000000D000C000B000A000900080007000600050004000300020001000000000D700E820000000D000C000B
000200010000000E0D800C72000E000D000C000B000A000900080007000600050004000300020001000000000D800C71000E000D000C000B000A000900080007
0D800C81000F000D000C000B000A000900080007000600050004000300020001000000010D800C80001C000D000C000B000A0009000800070006000500040003
0000000000000000000000000000000000000000000000000000000000000000001D000D000C000B000A0009000800070006000500040003000200010000000F
01010101010101010101010101010100010101010101010101010101010101010101010101010101010101010101010101010101010101010101010101010101
01010101010101010101010101010101010101010101010101010101010101010101010101010101010101010101010100010101010101010101010101010101
000A000900080007000600050004000300020001000000E00D800C90001D000D000C000B000A0009000800070006000500040003000200010000000F0D800C82
000600050004000300020001000000EE0D800C9200EE000D000C000B000A000900080007000600050004000300020001000000E00D800C9100EE000D000C000B
000200010000001F0D800D71001F000D000C000B000A000900080007000600050004000300020001000000110D800D7000FC000D000C000B000A000900080007
0D800D80002D000D000C000B000A0009000800070006000500040003000200010000001F0D800D72002D000D000C000B000A0009000800070006000500040003
000000000000000000000000000000000000000000000000000000000000000000FE000D000C000B000A000900080007000600050004000300020001000000F0
01010101010101010101010101010101010101010101010101010101010101010101010101010101010101010101010101000000000000000000000000000001
02010101010101010101010101010102020101010101010101010101010101020201010101010101010101010101010201010101010101010101010101010101
000A000900080007000600050004000300020001000000FE0D800D8200FE000D000C000B000A000900080007000600050004000300020001000000F00D800D81
000600050004000300020001000000FF0D800D9100FF000D000C000B000A000900080007000600050004000300020001000000F10D800D90010C000D000C000B
00020001000000000D800E70010D000D000C000B000A000900080007000600050004000300020001000000FF0D800D92010D000D000C000B000A000900080007
0D800E720000000D000C000B000A000900080007000600050004000300020001000000000D800E710000000D000C000B000A0009000800070006000500040003
00000000000000000000000000000000000000000000000000000000000000000000000D000C000B000A00090008000700060005000400030002000100000000
02010101010101010101010101010102020101010101010101010101010101020201010101010101010101010101010202010101010101010101010101010102
01010101010101010101010101010101010101010101010101010101010101010201010101010101010101010101010202010101010101010101010101010102
000A000900080007000600050004000300020001000000000D800E810000000D000C000B000A000900080007000600050004000300020001000000000D800E80
000600050004000300020001000000000D800E900000000D000C000B000A000900080007000600050004000300020001000000000D800E820000000D000C000B
00020001000000000D800E920000000D000C000B000A000900080007000600050004000300020001000000000D800E910000000D000C000B000A000900080007
0D900C81000E000D000C000B000A000900080007000600050004000300020001000000000D900C800000000D000C000B000A0009000800070006000500040003
0000000000000000000000000000000000000000000000000000000000000000000E000D000C000B000A00090008000700060005000400030002000100000000
01010101010101010101010101010101010101010101010101010101010101010101010101010101010101010101010101010101010101010101010101010101
00010101010101010101010101010101010101010101010101010101010101000101010101010101010101010101010101010101010101010101010101010101
000A000900080007000600050004000300020001000000010D900C90001C000D000C000B000A0009000800070006000500040003000200010000000E0D900C82
0006000500040003000200010000000F0D900C92001D000D000C000B000A0009000800070006000500040003000200010000000F0D900C91000F000D000C000B
00020001000000E00D900CA100EE000D000C000B000A000900080007000600050004000300020001000000E00D900CA0001D000D000C000B000A000900080007
0D900D8000FC000D000C000B000A000900080007000600050004000300020001000000EE0D900CA200EE000D000C000B000A0009000800070006000500040003
0000000000000000000000000000000000000000000000000000000000000000001F000D000C000B000A00090008000700060005000400030002000100000011
01000000000000000000000000000001010101010101010101010101010101010101010101010101010101010101010101010101010101010101010101010101
01010101010101010101010101010101010101010101010101010101010101010101010101010101010101010101010101010101010101010101010101010101
000A0009000800070006000500040003000200010000001F0D900D82002D000D000C000B000A0009000800070006000500040003000200010000001F0D900D81
000600050004000300020001000000F00D900D9100FE000D000C000B000A000900080007000600050004000300020001000000F00D900D90002D000D000C000B
00020001000000F10D900DA0010C000D000C000B000A000900080007000600050004000300020001000000FE0D900D9200FE000D000C000B000A000900080007
0D900DA2010D000D000C000B000A000900080007000600050004000300020001000000FF0D900DA100FF000D000C000B000A0009000800070006000500040003
0000000000000000000000000000000000000000000000000000000000000000010D000D000C000B000A000900080007000600050004000300020001000000FF
02010101010101010101010101010102020101010101010101010101010101020201010101010101010101010101010202010101010101010101010101010102
02010101010101010101010101010102020101010101010101010101010101020201010101010101010101010101010202010101010101010101010101010102
000A000900080007000600050004000300020001000000000D900E810000000D000C000B000A000900080007000600050004000300020001000000000D900E80
000600050004000300020001000000000D900E900000000D000C000B000A000900080007000600050004000300020001000000000D900E820000000D000C000B
00020001000000000D900E920000000D000C000B000A000900080007000600050004000300020001000000000D900E910000000D000C000B000A000900080007
0D900EA10000000D000C000B000A000900080007000600050004000300020001000000000D900EA00000000D000C000B000A0009000800070006000500040003
00000000000000000000000000000000000000000000000000000000000000000000000D000C000B000A00090008000700060005000400030002000100000000
01010101010101010101010101010101010101010101010101010101010101010101010101010101010101010101010102010101010101010101010101010102
01010101010101010101010101010101010101010101010101010101010101010101010101010101010101010101010101010101010101010101010101010101
000A000900080007000600050004000300020001000000000DA00C900000000D000C000B000A000900080007000600050004000300020001000000000D900EA2
0006000500040003000200010000000E0DA00C92000E000D000C000B000A000900080007000600050004000300020001000000000DA00C91000E000D000C000B
000200010000000F0DA00CA1000F000D000C000B000A000900080007000600050004000300020001000000010DA00CA0001C000D000C000B000A000900080007
0DA00CB0001D000D000C000B000A0009000800070006000500040003000200010000000F0DA00CA2001D000D000C000B000A0009000800070006000500040003
000000000000000000000000000000000000000000000000000000000000000000EE000D000C000B000A000900080007000600050004000300020001000000E0
01010101010101010101010101010101000101010101010101010101010101010101010101010101010101010101010001010101010101010101010101010101
01010101010101010101010101010101010000000000000000000000000000010101010101010101010101010101010101010101010101010101010101010101
000A000900080007000600050004000300020001000000EE0DA00CB200EE000D000C000B000A000900080007000600050004000300020001000000E00DA00CB1
0006000500040003000200010000001F0DA00D91001F000D000C000B000A000900080007000600050004000300020001000000110DA00D9000FC000D000C000B
00020001000000F00DA00DA0002D000D000C000B000A0009000800070006000500040003000200010000001F0DA00D92002D000D000C000B000A000900080007
0DA00DA200FE000D000C000B000A000900080007000600050004000300020001000000F00DA00DA100FE000D000C000B000A0009000800070006000500040003
0000000000000000000000000000000000000000000000000000000000000000010C000D000C000B000A000900080007000600050004000300020001000000FE
02010101010101010101010101010102010101010101010101010101010101010101010101010101010101010101010101010101010101010101010101010101
02010101010101010101010101010102020101010101010101010101010101020201010101010101010101010101010202010101010101010101010101010102
000A000900080007000600050004000300020001000000FF0DA00DB100FF000D000C000B000A000900080007000600050004000300020001000000F10DA00DB0
000600050004000300020001000000000DA00E90010D000D000C000B000A000900080007000600050004000300020001000000FF0DA00DB2010D000D000C000B
00020001000000000DA00E920000000D000C000B000A000900080007000600050004000300020001000000000DA00E910000000D000C000B000A000900080007
0DA00EA10000000D000C000B000A000900080007000600050004000300020001000000000DA00EA00000000D000C000B000A0009000800070006000500040003
00000000000000000000000000000000000000000000000000000000000000000000000D000C000B000A00090008000700060005000400030002000100000000
02010101010101010101010101010102020101010101010101010101010101020201010101010101010101010101010202010101010101010101010101010102
01010101010101010101010101010101010101010101010101010101010101010101010101010101010101010101010101010101010101010101010101010101
000A000900080007000600050004000300020001000000000DA00EB00000000D000C000B000A000900080007000600050004000300020001000000000DA00EA2
000600050004000300020001000000000DA00EB20000000D000C000B000A000900080007000600050004000300020001000000000DA00EB10000000D000C000B
00020001000000000DB00CA1000E000D000C000B000A000900080007000600050004000300020001000000000DB00CA00000000D000C000B000A000900080007
0DB00CB0001C000D000C000B000A0009000800070006000500040003000200010000000E0DB00CA2000E000D000C000B000A0009000800070006000500040003
0000000000000000000000000000000000000000000000000000000000000000000F000D000C000B000A00090008000700060005000400030002000100000001
01010101010101010101010101010101010101010101010101010101010101010101010101010101010101010101010101010101010101010101010101010101
01010101010101010101010101010101010101010101010101010101010101010001010101010101010101010101010101010101010101010101010101010100
000A0009000800070006000500040003000200010000000F0DB00CB2001D000D000C000B000A0009000800070006000500040003000200010000000F0DB00CB1
000600050004000300020001000000E00DB00CC100EE000D000C000B000A000900080007000600050004000300020001000000E00DB00CC0001D000D000C000B
00020001000000110DB00DA000FC000D000C000B000A000900080007000600050004000300020001000000EE0DB00CC200EE000D000C000B000A000900080007
0DB00DA2002D000D000C000B000A0009000800070006000500040003000200010000001F0DB00DA1001F000D000C000B000A0009000800070006000500040003
0000000000000000000000000000000000000000000000000000000000000000002D000D000C000B000A0009000800070006000500040003000200010000001F
01010101010101010101010101010101010101010101010101010101010101010100000000000000000000000000000101010101010101010101010101010101
02010101010101010101010101010102020101010101010101010101010101020101010101010101010101010101010101010101010101010101010101010101
000A000900080007000600050004000300020001000000F00DB00DB100FE000D000C000B000A000900080007000600050004000300020001000000F00DB00DB0
000600050004000300020001000000F10DB00DC0010C000D000C000B000A000900080007000600050004000300020001000000FE0DB00DB200FE000D000C000B
00020001000000FF0DB00DC2010D000D000C000B000A000900080007000600050004000300020001000000FF0DB00DC100FF000D000C000B000A000900080007
0DB00EA10000000D000C000B000A000900080007000600050004000300020001000000000DB00EA0010D000D000C000B000A0009000800070006000500040003
00000000000000000000000000000000000000000000000000000000000000000000000D000C000B000A00090008000700060005000400030002000100000000
02010101010101010101010101010102020101010101010101010101010101020201010101010101010101010101010202010101010101010101010101010102
01010101010101010101010101010101020101010101010101010101010101020201010101010101010101010101010202010101010101010101010101010102
000A000900080007000600050004000300020001000000000DB00EB00000000D000C000B000A000900080007000600050004000300020001000000000DB00EA2
000600050004000300020001000000000DB00EB20000000D000C000B000A000900080007000600050004000300020001000000000DB00EB10000000D000C000B
00020001000000000DB00EC10000000D000C000B000A000900080007000600050004000300020001000000000DB00EC00000000D000C000B000A000900080007
0DC00CB00000000D000C000B000A000900080007000600050004000300020001000000000DB00EC20000000D000C000B000A0009000800070006000500040003
0000000000000000000000000000000000000000000000000000000000000000000E000D000C000B000A00090008000700060005000400030002000100000000
01010101010101010101010101010101010101010101010101010101010101010101010101010101010101010101010101010101010101010101010101010101
01010101010101010101010101010100010101010101010101010101010101010101010101010101010101010101010101010101010101010101010101010101
000A0009000800070006000500040003000200010000000E0DC00CB2000E000D000C000B000A000900080007000600050004000300020001000000000DC00CB1
0006000500040003000200010000000F0DC00CC1000F000D000C000B000A000900080007000600050004000300020001000000010DC00CC0001C000D000C000B
00020001000000E00DC00CD0001D000D000C000B000A0009000800070006000500040003000200010000000F0DC00CC2001D000D000C000B000A000900080007
0DC00CD200EE000D000C000B000A000900080007000600050004000300020001000000E00DC00CD100EE000D000C000B000A0009000800070006000500040003
000000000000000000000000000000000000000000000000000000000000000000FC000D000C000B000A000900080007000600050004000300020001000000EE
01010101010101010101010101010101010101010101010101010101010101010101010101010101010101010101010100010101010101010101010101010101
01010101010101010101010101010101010101010101010101010101010101010101010101010101010101010101010101000000000000000000000000000001
000A0009000800070006000500040003000200010000001F0DC00DB1001F000D000C000B000A000900080007000600050004000300020001000000110DC00DB0
000600050004000300020001000000F00DC00DC0002D000D000C000B000A0009000800070006000500040003000200010000001F0DC00DB2002D000D000C000B
00020001000000FE0DC00DC200FE000D000C000B000A000900080007000600050004000300020001000000F00DC00DC100FE000D000C000B000A000900080007
0DC00DD100FF000D000C000B000A000900080007000600050004000300020001000000F10DC00DD0010C000D000C000B000A0009000800070006000500040003
0000000000000000000000000000000000000000000000000000000000000000010D000D000C000B000A000900080007000600050004000300020001000000FF
02010101010101010101010101010102020101010101010101010101010101020201010101010101010101010101010201010101010101010101010101010101
02010101010101010101010101010102020101010101010101010101010101020201010101010101010101010101010202010101010101010101010101010102
000A000900080007000600050004000300020001000000000DC00EB0010D000D000C000B000A000900080007000600050004000300020001000000FF0DC00DD2
000600050004000300020001000000000DC00EB20000000D000C000B000A000900080007000600050004000300020001000000000DC00EB10000000D000C000B
00020001000000000DC00EC10000000D000C000B000A000900080007000600050004000300020001000000000DC00EC00000000D000C000B000A000900080007
0DC00ED00000000D000C000B000A000900080007000600050004000300020001000000000DC00EC20000000D000C000B000A0009000800070006000500040003
00000000000000000000000000000000000000000000000000000000000000000000000D000C000B000A00090008000700060005000400030002000100000000
01010101010101010101010101010101010101010101010101010101010101010201010101010101010101010101010202010101010101010101010101010102
01010101010101010101010101010101010101010101010101010101010101010101010101010101010101010101010101010101010101010101010101010101
000A000900080007000600050004000300020001000000000DC00ED20000000D000C000B000A000900080007000600050004000300020001000000000DC00ED1
000600050004000300020001000000000DD00CC1000E000D000C000B000A000900080007000600050004000300020001000000000DD00CC00000000D000C000B
00020001000000010DD00CD0001C000D000C000B000A0009000800070006000500040003000200010000000E0DD00CC2000E000D000C000B000A000900080007
0DD00CD2001D000D000C000B000A0009000800070006000500040003000200010000000F0DD00CD1000F000D000C000B000A0009000800070006000500040003
0000000000000000000000000000000000000000000000000000000000000000001D000D000C000B000A0009000800070006000500040003000200010000000F
00010101010101010101010101010101010101010101010101010101010101000101010101010101010101010101010101010101010101010101010101010101
01000000000000000000000000000001010101010101010101010101010101010101010101010101010101010101010101010101010101010101010101010101
000A000900080007000600050004000300020001000000E00DD00CE100EE000D000C000B000A000900080007000600050004000300020001000000E00DD00CE0
000600050004000300020001000000110DD00DC000FC000D000C000B000A000900080007000600050004000300020001000000EE0DD00CE200EE000D000C000B
000200010000001F0DD00DC2002D000D000C000B000A0009000800070006000500040003000200010000001F0DD00DC1001F000D000C000B000A000900080007
0DD00DD100FE000D000C000B000A000900080007000600050004000300020001000000F00DD00DD0002D000D000C000B000A0009000800070006000500040003
000000000000000000000000000000000000000000000000000000000000000000FE000D000C000B000A000900080007000600050004000300020001000000F0
01010101010101010101010101010101010101010101010101010101010101010101010101010101010101010101010101010101010101010101010101010101
02010101010101010101010101010102020101010101010101010101010101020201010101010101010101010101010202010101010101010101010101010102
000A000900080007000600050004000300020001000000F10DD00DE0010C000D000C000B000A000900080007000600050004000300020001000000FE0DD00DD2
000600050004000300020001000000FF0DD00DE2010D000D000C000B000A000900080007000600050004000300020001000000FF0DD00DE100FF000D000C000B
00020001000000000DD00EC10000000D000C000B000A000900080007000600050004000300020001000000000DD00EC0010D000D000C000B000A000900080007
0DD00ED00000000D000C000B000A000900080007000600050004000300020001000000000DD00EC20000000D000C000B000A0009000800070006000500040003
00000000000000000000000000000000000000000000000000000000000000000000000D000C000B000A00090008000700060005000400030002000100000000
02010101010101010101010101010102020101010101010101010101010101020201010101010101010101010101010202010101010101010101010101010102
01010101010101010101010101010101010101010101010101010101010101010101010101010101010101010101010102010101010101010101010101010102
000A000900080007000600050004000300020001000000000DD00ED20000000D000C000B000A000900080007000600050004000300020001000000000DD00ED1
000600050004000300020001000000000DD00EE10000000D000C000B000A000900080007000600050004000300020001000000000DD00EE00000000D000C000B
00020001000000000DE00CD00000000D000C000B000A000900080007000600050004000300020001000000000DD00EE20000000D000C000B000A000900080007
0DE00CD2000E000D000C000B000A000900080007000600050004000300020001000000000DE00CD1000E000D000C000B000A0009000800070006000500040003
0000000000000000000000000000000000000000000000000000000000000000001C000D000C000B000A0009000800070006000500040003000200010000000E
01010101010101010101010101010101010101010101010101010101010101010101010101010101010101010101010101010101010101010101010101010101
01010101010101010101010101010101000101010101010101010101010101010101010101010101010101010101010001010101010101010101010101010101
000A0009000800070006000500040003000200010000000F0DE00CE1000F000D000C000B000A000900080007000600050004000300020001000000010DE00CE0
000600050004000300020001000000E00DE00CF0001D000D000C000B000A0009000800070006000500040003000200010000000F0DE00CE2001D000D000C000B
00020001000000EE0DE00CF200EE000D000C000B000A000900080007000600050004000300020001000000E00DE00CF100EE000D000C000B000A000900080007
0DE00DD1001F000D000C000B000A000900080007000600050004000300020001000000110DE00DD000FC000D000C000B000A0009000800070006000500040003
0000000000000000000000000000000000000000000000000000000000000000002D000D000C000B000A0009000800070006000500040003000200010000001F
01010101010101010101010101010101010000000000000000000000000000010101010101010101010101010101010101010101010101010101010101010101
02010101010101010101010101010102010101010101010101010101010101010101010101010101010101010101010101010101010101010101010101010101
000A000900080007000600050004000300020001000000F00DE00DE0002D000D000C000B000A0009000800070006000500040003000200010000001F0DE00DD2
000600050004000300020001000000FE0DE00DE200FE000D000C000B000A000900080007000600050004000300020001000000F00DE00DE100FE000D000C000B
00020001000000FF0DE00DF100FF000D000C000B000A000900080007000600050004000300020001000000F10DE00DF0010C000D000C000B000A000900080007
0DE00ED0010D000D000C000B000A000900080007000600050004000300020001000000FF0DE00DF2010D000D000C000B000A0009000800070006000500040003
00000000000000000000000000000000000000000000000000000000000000000000000D000C000B000A00090008000700060005000400030002000100000000
02010101010101010101010101010102020101010101010101010101010101020201010101010101010101010101010202010101010101010101010101010102
02010101010101010101010101010102020101010101010101010101010101020201010101010101010101010101010202010101010101010101010101010102
000A000900080007000600050004000300020001000000000DE00ED20000000D000C000B000A000900080007000600050004000300020001000000000DE00ED1
000600050004000300020001000000000DE00EE10000000D000C000B000A000900080007000600050004000300020001000000000DE00EE00000000D000C000B
00020001000000000DE00EF00000000D000C000B000A000900080007000600050004000300020001000000000DE00EE20000000D000C000B000A000900080007
0DE00EF20000000D000C000B000A000900080007000600050004000300020001000000000DE00EF10000000D000C000B000A0009000800070006000500040003
00000000000000000000000000000000000000000000000000000000000000000000000D000C000B000A00090008000700060005000400030002000100000000
01010101010101010101010101010101010101010101010101010101010101010101010101010101010101010101010101010101010101010101010101010101
00010101010101010101010101010101010101010101010101010101010101000101010101010101010101010101010101010101010101010101010101010101
000A000900080007000600050004000300020001000000000DF00CE1000E000D000C000B000A000900080007000600050004000300020001000000000DF00CE0
000600050004000300020001000000010DF00CF0001C000D000C000B000A0009000800070006000500040003000200010000000E0DF00CE2000E000D000C000B
00020001000000EF0DF00CF200FD000D000C000B000A000900080007000600050004000300020001000000EF0DF00CF1000F000D000C000B000A000900080007
0DF00DE1001E000D000C000B000A000900080007000600050004000300020001000000100DF00DE000FD000D000C000B000A0009000800070006000500040003
0000000000000000000000000000000000000000000000000000000000000000001E000D000C000B000A00090008000700060005000400030002000100000010
01010101010101010101010101010101010000000000000000000000000000010101010101010101010101010101010101010101010101010101010101010101
02010101010101010101010101010102020101010101010101010101010101020201010101010101010101010101010202010101010101010101010101010102
000A000900080007000600050004000300020001000000F10DF00DF0010C000D000C000B000A000900080007000600050004000300020001000000FE0DF00DE2
000600050004000300020001000000FF0DF00DF2010D000D000C000B000A000900080007000600050004000300020001000000FF0DF00DF100FF000D000C000B
00020001000000000DF00EE10000000D000C000B000A000900080007000600050004000300020001000000000DF00EE0010D000D000C000B000A000900080007
0DF00EF00000000D000C000B000A000900080007000600050004000300020001000000000DF00EE20000000D000C000B000A0009000800070006000500040003
00000000000000000000000000000000000000000000000000000000000000000000000D000C000B000A00090008000700060005000400030002000100000000
01010101010101010101010101010101010101010101010101010101010101010201010101010101010101010101010202010101010101010101010101010102
00010101010101010101010101010101010101010101010101010101010101000101010101010101010101010101010101010101010101010101010101010101
000A000900080007000600050004000300020001000000000DF00EF20000000D000C000B000A000900080007000600050004000300020001000000000DF00EF1
000600050004000300020001000000000E000D01000E000D000C000B000A000900080007000600050004000300020001000000000E000D000000000D000C000B
00020001000000010E000D10001C000D000C000B000A0009000800070006000500040003000200010000000E0E000D02000E000D000C000B000A000900080007
0E000D1200FD000D000C000B000A000900080007000600050004000300020001000000EF0E000D11000F000D000C000B000A0009000800070006000500040003
000000000000000000000000000000000000000000000000000000000000000000FD000D000C000B000A000900080007000600050004000300020001000000EF
01010101010101010101010101010101010101010101010101010101010101010100000000000000000000000000000101010101010101010101010101010101
02010101010101010101010101010102020101010101010101010101010101020101010101010101010101010101010101010101010101010101010101010101
000A000900080007000600050004000300020001000000100E000E01001E000D000C000B000A000900080007000600050004000300020001000000100E000E00
000600050004000300020001000000F10E000E10010C000D000C000B000A000900080007000600050004000300020001000000FE0E000E02001E000D000C000B
00020001000000FF0E000E12010D000D000C000B000A000900080007000600050004000300020001000000FF0E000E1100FF000D000C000B000A000900080007
0E000F010000000D000C000B000A000900080007000600050004000300020001000000000E000F00010D000D000C000B000A0009000800070006000500040003
00000000000000000000000000000000000000000000000000000000000000000000000D000C000B000A00090008000700060005000400030002000100000000
02010101010101010101010101010102020101010101010101010101010101020201010101010101010101010101010202010101010101010101010101010102
01010101010101010101010101010101010101010101010101010101010101010101010101010101010101010101010101010101010101010101010101010101
000A000900080007000600050004000300020001000000000E000F100000000D000C000B000A000900080007000600050004000300020001000000000E000F02
000600050004000300020001000000000E000F120000000D000C000B000A000900080007000600050004000300020001000000000E000F110000000D000C000B
00020001000000000E100D01000E000D000C000B000A000900080007000600050004000300020001000000000E100D000000000D000C000B000A000900080007
0E100D10001C000D000C000B000A0009000800070006000500040003000200010000000E0E100D02000E000D000C000B000A0009000800070006000500040003
0000000000000000000000000000000000000000000000000000000000000000000F000D000C000B000A00090008000700060005000400030002000100000001
01010101010101010101010101010101010101010101010101010101010101010101010101010101010101010101010101010101010101010101010101010101
01010101010101010101010101010101010101010101010101010101010101010001010101010101010101010101010101010101010101010101010101010100
000A0009000800070006000500040003000200010000000F0E100D12001D000D000C000B000A0009000800070006000500040003000200010000000F0E100D11
000600050004000300020001000000E00E100D2100EE000D000C000B000A000900080007000600050004000300020001000000E00E100D20001D000D000C000B
00020001000000110E100E0000FC000D000C000B000A000900080007000600050004000300020001000000EE0E100D2200EE000D000C000B000A000900080007
0E100E02002D000D000C000B000A0009000800070006000500040003000200010000001F0E100E01001F000D000C000B000A0009000800070006000500040003
0000000000000000000000000000000000000000000000000000000000000000002D000D000C000B000A0009000800070006000500040003000200010000001F
01010101010101010101010101010101010101010101010101010101010101010100000000000000000000000000000101010101010101010101010101010101
02010101010101010101010101010102020101010101010101010101010101020101010101010101010101010101010101010101010101010101010101010101
000A000900080007000600050004000300020001000000F00E100E1100FE000D000C000B000A000900080007000600050004000300020001000000F00E100E10
000600050004000300020001000000F10E100E20010C000D000C000B000A000900080007000600050004000300020001000000FE0E100E1200FE000D000C000B
00020001000000FF0E100E22010D000D000C000B000A000900080007000600050004000300020001000000FF0E100E2100FF000D000C000B000A000900080007
0E100F010000000D000C000B000A000900080007000600050004000300020001000000000E100F00010D000D000C000B000A0009000800070006000500040003
00000000000000000000000000000000000000000000000000000000000000000000000D000C000B000A00090008000700060005000400030002000100000000
02010101010101010101010101010102020101010101010101010101010101020201010101010101010101010101010202010101010101010101010101010102
01010101010101010101010101010101020101010101010101010101010101020201010101010101010101010101010202010101010101010101010101010102
000A000900080007000600050004000300020001000000000E100F100000000D000C000B000A000900080007000600050004000300020001000000000E100F02
000600050004000300020001000000000E100F120000000D000C000B000A000900080007000600050004000300020001000000000E100F110000000D000C000B
00020001000000000E100F210000000D000C000B000A000900080007000600050004000300020001000000000E100F200000000D000C000B000A000900080007
0E200D100000000D000C000B000A000900080007000600050004000300020001000000000E100F220000000D000C000B000A0009000800070006000500040003
0000000000000000000000000000000000000000000000000000000000000000000E000D000C000B000A00090008000700060005000400030002000100000000
01010101010101010101010101010101010101010101010101010101010101010101010101010101010101010101010101010101010101010101010101010101
01010101010101010101010101010100010101010101010101010101010101010101010101010101010101010101010101010101010101010101010101010101
000A0009000800070006000500040003000200010000000E0E200D12000E000D000C000B000A000900080007000600050004000300020001000000000E200D11
0006000500040003000200010000000F0E200D21000F000D000C000B000A000900080007000600050004000300020001000000010E200D20001C000D000C000B
00020001000000E00E200D30001D000D000C000B000A0009000800070006000500040003000200010000000F0E200D22001D000D000C000B000A000900080007
0E200D3200EE000D000C000B000A000900080007000600050004000300020001000000E00E200D3100EE000D000C000B000A0009000800070006000500040003
000000000000000000000000000000000000000000000000000000000000000000FC000D000C000B000A000900080007000600050004000300020001000000EE
01010101010101010101010101010101010101010101010101010101010101010101010101010101010101010101010100010101010101010101010101010101
01010101010101010101010101010101010101010101010101010101010101010101010101010101010101010101010101000000000000000000000000000001
000A0009000800070006000500040003000200010000001F0E200E11001F000D000C000B000A000900080007000600050004000300020001000000110E200E10
000600050004000300020001000000F00E200E20002D000D000C000B000A0009000800070006000500040003000200010000001F0E200E12002D000D000C000B
00020001000000FE0E200E2200FE000D000C000B000A000900080007000600050004000300020001000000F00E200E2100FE000D000C000B000A000900080007
0E200E3100FF000D000C000B000A000900080007000600050004000300020001000000F10E200E30010C000D000C000B000A0009000800070006000500040003
0000000000000000000000000000000000000000000000000000000000000000010D000D000C000B000A000900080007000600050004000300020001000000FF
02010101010101010101010101010102020101010101010101010101010101020201010101010101010101010101010201010101010101010101010101010101
02010101010101010101010101010102020101010101010101010101010101020201010101010101010101010101010202010101010101010101010101010102
000A000900080007000600050004000300020001000000000E200F10010D000D000C000B000A000900080007000600050004000300020001000000FF0E200E32
000600050004000300020001000000000E200F120000000D000C000B000A000900080007000600050004000300020001000000000E200F110000000D000C000B
00020001000000000E200F210000000D000C000B000A000900080007000600050004000300020001000000000E200F200000000D000C000B000A000900080007
0E200F300000000D000C000B000A000900080007000600050004000300020001000000000E200F220000000D000C000B000A0009000800070006000500040003
00000000000000000000000000000000000000000000000000000000000000000000000D000C000B000A00090008000700060005000400030002000100000000
01010101010101010101010101010101010101010101010101010101010101010201010101010101010101010101010202010101010101010101010101010102
01010101010101010101010101010101010101010101010101010101010101010101010101010101010101010101010101010101010101010101010101010101
000A000900080007000600050004000300020001000000000E200F320000000D000C000B000A000900080007000600050004000300020001000000000E200F31
000600050004000300020001000000000E300D21000E000D000C000B000A000900080007000600050004000300020001000000000E300D200000000D000C000B
00020001000000010E300D30001C000D000C000B000A0009000800070006000500040003000200010000000E0E300D22000E000D000C000B000A000900080007
0E300D32001D000D000C000B000A0009000800070006000500040003000200010000000F0E300D31000F000D000C000B000A0009000800070006000500040003
0000000000000000000000000000000000000000000000000000000000000000001D000D000C000B000A0009000800070006000500040003000200010000000F
00010101010101010101010101010101010101010101010101010101010101000101010101010101010101010101010101010101010101010101010101010101
01000000000000000000000000000001010101010101010101010101010101010101010101010101010101010101010101010101010101010101010101010101
000A000900080007000600050004000300020001000000E00E300D4100EE000D000C000B000A000900080007000600050004000300020001000000E00E300D40
000600050004000300020001000000110E300E2000FC000D000C000B000A000900080007000600050004000300020001000000EE0E300D4200EE000D000C000B
000200010000001F0E300E22002D000D000C000B000A0009000800070006000500040003000200010000001F0E300E21001F000D000C000B000A000900080007
0E300E3100FE000D000C000B000A000900080007000600050004000300020001000000F00E300E30002D000D000C000B000A0009000800070006000500040003
000000000000000000000000000000000000000000000000000000000000000000FE000D000C000B000A000900080007000600050004000300020001000000F0
01010101010101010101010101010101010101010101010101010101010101010101010101010101010101010101010101010101010101010101010101010101
02010101010101010101010101010102020101010101010101010101010101020201010101010101010101010101010202010101010101010101010101010102
000A000900080007000600050004000300020001000000F10E300E40010C000D000C000B000A000900080007000600050004000300020001000000FE0E300E32
000600050004000300020001000000FF0E300E42010D000D000C000B000A000900080007000600050004000300020001000000FF0E300E4100FF000D000C000B
00020001000000000E300F210000000D000C000B000A000900080007000600050004000300020001000000000E300F20010D000D000C000B000A000900080007
0E300F300000000D000C000B000A000900080007000600050004000300020001000000000E300F220000000D000C000B000A0009000800070006000500040003
00000000000000000000000000000000000000000000000000000000000000000000000D000C000B000A00090008000700060005000400030002000100000000
02010101010101010101010101010102020101010101010101010101010101020201010101010101010101010101010202010101010101010101010101010102
01010101010101010101010101010101010101010101010101010101010101010101010101010101010101010101010102010101010101010101010101010102
000A000900080007000600050004000300020001000000000E300F320000000D000C000B000A000900080007000600050004000300020001000000000E300F31
000600050004000300020001000000000E300F410000000D000C000B000A000900080007000600050004000300020001000000000E300F400000000D000C000B
00020001000000000E400D300000000D000C000B000A000900080007000600050004000300020001000000000E300F420000000D000C000B000A000900080007
0E400D32000E000D000C000B000A000900080007000600050004000300020001000000000E400D31000E000D000C000B000A0009000800070006000500040003
0000000000000000000000000000000000000000000000000000000000000000001C000D000C000B000A0009000800070006000500040003000200010000000E
01010101010101010101010101010101010101010101010101010101010101010101010101010101010101010101010101010101010101010101010101010101
01010101010101010101010101010101000101010101010101010101010101010101010101010101010101010101010001010101010101010101010101010101
000A0009000800070006000500040003000200010000000F0E400D41000F000D000C000B000A000900080007000600050004000300020001000000010E400D40
000600050004000300020001000000E00E400D50001D000D000C000B000A0009000800070006000500040003000200010000000F0E400D42001D000D000C000B
00020001000000EE0E400D5200EE000D000C000B000A000900080007000600050004000300020001000000E00E400D5100EE000D000C000B000A000900080007
0E400E31001F000D000C000B000A000900080007000600050004000300020001000000110E400E3000FC000D000C000B000A0009000800070006000500040003
0000000000000000000000000000000000000000000000000000000000000000002D000D000C000B000A0009000800070006000500040003000200010000001F
01010101010101010101010101010101010000000000000000000000000000010101010101010101010101010101010101010101010101010101010101010101
02010101010101010101010101010102010101010101010101010101010101010101010101010101010101010101010101010101010101010101010101010101
000A000900080007000600050004000300020001000000F00E400E40002D000D000C000B000A0009000800070006000500040003000200010000001F0E400E32
000600050004000300020001000000FE0E400E4200FE000D000C000B000A000900080007000600050004000300020001000000F00E400E4100FE000D000C000B
00020001000000FF0E400E5100FF000D000C000B000A000900080007000600050004000300020001000000F10E400E50010C000D000C000B000A000900080007
0E400F30010D000D000C000B000A000900080007000600050004000300020001000000FF0E400E52010D000D000C000B000A0009000800070006000500040003
00000000000000000000000000000000000000000000000000000000000000000000000D000C000B000A00090008000700060005000400030002000100000000
02010101010101010101010101010102020101010101010101010101010101020201010101010101010101010101010202010101010101010101010101010102
02010101010101010101010101010102020101010101010101010101010101020201010101010101010101010101010202010101010101010101010101010102
000A000900080007000600050004000300020001000000000E400F320000000D000C000B000A000900080007000600050004000300020001000000000E400F31
000600050004000300020001000000000E400F410000000D000C000B000A000900080007000600050004000300020001000000000E400F400000000D000C000B
00020001000000000E400F500000000D000C000B000A000900080007000600050004000300020001000000000E400F420000000D000C000B000A000900080007
0E400F520000000D000C000B000A000900080007000600050004000300020001000000000E400F510000000D000C000B000A0009000800070006000500040003
00000000000000000000000000000000000000000000000000000000000000000000000D000C000B000A00090008000700060005000400030002000100000000
01010101010101010101010101010101010101010101010101010101010101010101010101010101010101010101010101010101010101010101010101010101
01010101010101010101010101010101010101010101010101010101010101010101010101010101010101010101010101010101010101010101010101010101
000A000900080007000600050004000300020001000000000E500D41000E000D000C000B000A000900080007000600050004000300020001000000000E500D40
000600050004000300020001000000010E500D50001C000D000C000B000A0009000800070006000500040003000200010000000E0E500D42000E000D000C000B
000200010000000F0E500D52001D000D000C000B000A0009000800070006000500040003000200010000000F0E500D51000F000D000C000B000A000900080007
0E500D6100EE000D000C000B000A000900080007000600050004000300020001000000E00E500D60001D000D000C000B000A0009000800070006000500040003
000000000000000000000000000000000000000000000000000000000000000000EE000D000C000B000A000900080007000600050004000300020001000000E0
01010101010101010101010101010101010101010101010101010101010101010001010101010101010101010101010101010101010101010101010101010100
01010101010101010101010101010101010101010101010101010101010101010100000000000000000000000000000101010101010101010101010101010101
000A000900080007000600050004000300020001000000110E500E4000FC000D000C000B000A000900080007000600050004000300020001000000EE0E500D62
0006000500040003000200010000001F0E500E42002D000D000C000B000A0009000800070006000500040003000200010000001F0E500E41001F000D000C000B
00020001000000F00E500E5100FE000D000C000B000A000900080007000600050004000300020001000000F00E500E50002D000D000C000B000A000900080007
0E500E60010C000D000C000B000A000900080007000600050004000300020001000000FE0E500E5200FE000D000C000B000A0009000800070006000500040003
000000000000000000000000000000000000000000000000000000000000000000FF000D000C000B000A000900080007000600050004000300020001000000F1
02010101010101010101010101010102020101010101010101010101010101020101010101010101010101010101010101010101010101010101010101010101
02010101010101010101010101010102020101010101010101010101010101020201010101010101010101010101010202010101010101010101010101010102
000A000900080007000600050004000300020001000000FF0E500E62010D000D000C000B000A000900080007000600050004000300020001000000FF0E500E61
000600050004000300020001000000000E500F410000000D000C000B000A000900080007000600050004000300020001000000000E500F40010D000D000C000B
00020001000000000E500F500000000D000C000B000A000900080007000600050004000300020001000000000E500F420000000D000C000B000A000900080007
0E500F520000000D000C000B000A000900080007000600050004000300020001000000000E500F510000000D000C000B000A0009000800070006000500040003
00000000000000000000000000000000000000000000000000000000000000000000000D000C000B000A00090008000700060005000400030002000100000000
01010101010101010101010101010101020101010101010101010101010101020201010101010101010101010101010202010101010101010101010101010102
01010101010101010101010101010101010101010101010101010101010101010101010101010101010101010101010101010101010101010101010101010101
000A000900080007000600050004000300020001000000000E500F610000000D000C000B000A000900080007000600050004000300020001000000000E500F60
000600050004000300020001000000000E600D500000000D000C000B000A000900080007000600050004000300020001000000000E500F620000000D000C000B
000200010000000E0E600D52000E000D000C000B000A000900080007000600050004000300020001000000000E600D51000E000D000C000B000A000900080007
0E600D61000F000D000C000B000A000900080007000600050004000300020001000000010E600D60001C000D000C000B000A0009000800070006000500040003
0000000000000000000000000000000000000000000000000000000000000000001D000D000C000B000A0009000800070006000500040003000200010000000F
01010101010101010101010101010100010101010101010101010101010101010101010101010101010101010101010101010101010101010101010101010101
01010101010101010101010101010101010101010101010101010101010101010101010101010101010101010101010100010101010101010101010101010101
000A000900080007000600050004000300020001000000E00E600D70001D000D000C000B000A0009000800070006000500040003000200010000000F0E600D62
000600050004000300020001000000EE0E600D7200EE000D000C000B000A000900080007000600050004000300020001000000E00E600D7100EE000D000C000B
000200010000001F0E600E51001F000D000C000B000A000900080007000600050004000300020001000000110E600E5000FC000D000C000B000A000900080007
0E600E60002D000D000C000B000A0009000800070006000500040003000200010000001F0E600E52002D000D000C000B000A0009000800070006000500040003
000000000000000000000000000000000000000000000000000000000000000000FE000D000C000B000A000900080007000600050004000300020001000000F0
01010101010101010101010101010101010101010101010101010101010101010101010101010101010101010101010101000000000000000000000000000001
02010101010101010101010101010102020101010101010101010101010101020201010101010101010101010101010201010101010101010101010101010101
000A000900080007000600050004000300020001000000FE0E600E6200FE000D000C000B000A000900080007000600050004000300020001000000F00E600E61
000600050004000300020001000000FF0E600E7100FF000D000C000B000A000900080007000600050004000300020001000000F10E600E70010C000D000C000B
00020001000000000E600F50010D000D000C000B000A000900080007000600050004000300020001000000FF0E600E72010D000D000C000B000A000900080007
0E600F520000000D000C000B000A000900080007000600050004000300020001000000000E600F510000000D000C000B000A0009000800070006000500040003
00000000000000000000000000000000000000000000000000000000000000000000000D000C000B000A00090008000700060005000400030002000100000000
02010101010101010101010101010102020101010101010101010101010101020201010101010101010101010101010202010101010101010101010101010102
01010101010101010101010101010101010101010101010101010101010101010201010101010101010101010101010202010101010101010101010101010102
000A000900080007000600050004000300020001000000000E600F610000000D000C000B000A000900080007000600050004000300020001000000000E600F60
000600050004000300020001000000000E600F700000000D000C000B000A000900080007000600050004000300020001000000000E600F620000000D000C000B
00020001000000000E600F720000000D000C000B000A000900080007000600050004000300020001000000000E600F710000000D000C000B000A000900080007
0E700D61000E000D000C000B000A000900080007000600050004000300020001000000000E700D600000000D000C000B000A0009000800070006000500040003
0000000000000000000000000000000000000000000000000000000000000000000E000D000C000B000A00090008000700060005000400030002000100000000
01010101010101010101010101010101010101010101010101010101010101010101010101010101010101010101010101010101010101010101010101010101
00010101010101010101010101010101010101010101010101010101010101000101010101010101010101010101010101010101010101010101010101010101
000A000900080007000600050004000300020001000000010E700D70001C000D000C000B000A0009000800070006000500040003000200010000000E0E700D62
0006000500040003000200010000000F0E700D72001D000D000C000B000A0009000800070006000500040003000200010000000F0E700D71000F000D000C000B
00020001000000E00E700D8100EE000D000C000B000A000900080007000600050004000300020001000000E00E700D80001D000D000C000B000A000900080007
0E700E6000FC000D000C000B000A000900080007000600050004000300020001000000EE0E700D8200EE000D000C000B000A0009000800070006000500040003
0000000000000000000000000000000000000000000000000000000000000000001F000D000C000B000A00090008000700060005000400030002000100000011
01000000000000000000000000000001010101010101010101010101010101010101010101010101010101010101010101010101010101010101010101010101
01010101010101010101010101010101010101010101010101010101010101010101010101010101010101010101010101010101010101010101010101010101
000A0009000800070006000500040003000200010000001F0E700E62002D000D000C000B000A0009000800070006000500040003000200010000001F0E700E61
000600050004000300020001000000F00E700E7100FE000D000C000B000A000900080007000600050004000300020001000000F00E700E70002D000D000C000B
00020001000000F10E700E80010C000D000C000B000A000900080007000600050004000300020001000000FE0E700E7200FE000D000C000B000A000900080007
0E700E82010D000D000C000B000A000900080007000600050004000300020001000000FF0E700E8100FF000D000C000B000A0009000800070006000500040003
0000000000000000000000000000000000000000000000000000000000000000010D000D000C000B000A000900080007000600050004000300020001000000FF
02010101010101010101010101010102020101010101010101010101010101020201010101010101010101010101010202010101010101010101010101010102
02010101010101010101010101010102020101010101010101010101010101020201010101010101010101010101010202010101010101010101010101010102
000A000900080007000600050004000300020001000000000E700F610000000D000C000B000A000900080007000600050004000300020001000000000E700F60
000600050004000300020001000000000E700F700000000D000C000B000A000900080007000600050004000300020001000000000E700F620000000D000C000B
00020001000000000E700F720000000D000C000B000A000900080007000600050004000300020001000000000E700F710000000D000C000B000A000900080007
0E700F810000000D000C000B000A000900080007000600050004000300020001000000000E700F800000000D000C000B000A0009000800070006000500040003
00000000000000000000000000000000000000000000000000000000000000000000000D000C000B000A00090008000700060005000400030002000100000000
01010101010101010101010101010101010101010101010101010101010101010101010101010101010101010101010102010101010101010101010101010102
01010101010101010101010101010101010101010101010101010101010101010101010101010101010101010101010101010101010101010101010101010101
000A000900080007000600050004000300020001000000000E800D700000000D000C000B000A000900080007000600050004000300020001000000000E700F82
0006000500040003000200010000000E0E800D72000E000D000C000B000A000900080007000600050004000300020001000000000E800D71000E000D000C000B
000200010000000F0E800D81000F000D000C000B000A000900080007000600050004000300020001000000010E800D80001C000D000C000B000A000900080007
0E800D90001D000D000C000B000A0009000800070006000500040003000200010000000F0E800D82001D000D000C000B000A0009000800070006000500040003
000000000000000000000000000000000000000000000000000000000000000000EE000D000C000B000A000900080007000600050004000300020001000000E0
01010101010101010101010101010101000101010101010101010101010101010101010101010101010101010101010001010101010101010101010101010101
01010101010101010101010101010101010000000000000000000000000000010101010101010101010101010101010101010101010101010101010101010101
000A000900080007000600050004000300020001000000EE0E800D9200EE000D000C000B000A000900080007000600050004000300020001000000E00E800D91
0006000500040003000200010000001F0E800E71001F000D000C000B000A000900080007000600050004000300020001000000110E800E7000FC000D000C000B
00020001000000F00E800E80002D000D000C000B000A0009000800070006000500040003000200010000001F0E800E72002D000D000C000B000A000900080007
0E800E8200FE000D000C000B000A000900080007000600050004000300020001000000F00E800E8100FE000D000C000B000A0009000800070006000500040003
0000000000000000000000000000000000000000000000000000000000000000010C000D000C000B000A000900080007000600050004000300020001000000FE
02010101010101010101010101010102010101010101010101010101010101010101010101010101010101010101010101010101010101010101010101010101
02010101010101010101010101010102020101010101010101010101010101020201010101010101010101010101010202010101010101010101010101010102
000A000900080007000600050004000300020001000000FF0E800E9100FF000D000C000B000A000900080007000600050004000300020001000000F10E800E90
000600050004000300020001000000000E800F70010D000D000C000B000A000900080007000600050004000300020001000000FF0E800E92010D000D000C000B
00020001000000000E800F720000000D000C000B000A000900080007000600050004000300020001000000000E800F710000000D000C000B000A000900080007
0E800F810000000D000C000B000A000900080007000600050004000300020001000000000E800F800000000D000C000B000A0009000800070006000500040003
00000000000000000000000000000000000000000000000000000000000000000000000D000C000B000A00090008000700060005000400030002000100000000
02010101010101010101010101010102020101010101010101010101010101020201010101010101010101010101010202010101010101010101010101010102
01010101010101010101010101010101010101010101010101010101010101010101010101010101010101010101010101010101010101010101010101010101
000A000900080007000600050004000300020001000000000E800F900000000D000C000B000A000900080007000600050004000300020001000000000E800F82
000600050004000300020001000000000E800F920000000D000C000B000A000900080007000600050004000300020001000000000E800F910000000D000C000B
00020001000000000E900D81000E000D000C000B000A000900080007000600050004000300020001000000000E900D800000000D000C000B000A000900080007
0E900D90001C000D000C000B000A0009000800070006000500040003000200010000000E0E900D82000E000D000C000B000A0009000800070006000500040003
0000000000000000000000000000000000000000000000000000000000000000000F000D000C000B000A00090008000700060005000400030002000100000001
01010101010101010101010101010101010101010101010101010101010101010101010101010101010101010101010101010101010101010101010101010101
01010101010101010101010101010101010101010101010101010101010101010001010101010101010101010101010101010101010101010101010101010100
000A0009000800070006000500040003000200010000000F0E900D92001D000D000C000B000A0009000800070006000500040003000200010000000F0E900D91
000600050004000300020001000000E00E900DA100EE000D000C000B000A000900080007000600050004000300020001000000E00E900DA0001D000D000C000B
00020001000000110E900E8000FC000D000C000B000A000900080007000600050004000300020001000000EE0E900DA200EE000D000C000B000A000900080007
0E900E82002D000D000C000B000A0009000800070006000500040003000200010000001F0E900E81001F000D000C000B000A0009000800070006000500040003
0000000000000000000000000000000000000000000000000000000000000000002D000D000C000B000A0009000800070006000500040003000200010000001F
01010101010101010101010101010101010101010101010101010101010101010100000000000000000000000000000101010101010101010101010101010101
02010101010101010101010101010102020101010101010101010101010101020101010101010101010101010101010101010101010101010101010101010101
000A000900080007000600050004000300020001000000F00E900E9100FE000D000C000B000A000900080007000600050004000300020001000000F00E900E90
000600050004000300020001000000F10E900EA0010C000D000C000B000A000900080007000600050004000300020001000000FE0E900E9200FE000D000C000B
00020001000000FF0E900EA2010D000D000C000B000A000900080007000600050004000300020001000000FF0E900EA100FF000D000C000B000A000900080007
0E900F810000000D000C000B000A000900080007000600050004000300020001000000000E900F80010D000D000C000B000A0009000800070006000500040003
00000000000000000000000000000000000000000000000000000000000000000000000D000C000B000A00090008000700060005000400030002000100000000
02010101010101010101010101010102020101010101010101010101010101020201010101010101010101010101010202010101010101010101010101010102
01010101010101010101010101010101020101010101010101010101010101020201010101010101010101010101010202010101010101010101010101010102
000A000900080007000600050004000300020001000000000E900F900000000D000C000B000A000900080007000600050004000300020001000000000E900F82
000600050004000300020001000000000E900F920000000D000C000B000A000900080007000600050004000300020001000000000E900F910000000D000C000B
00020001000000000E900FA10000000D000C000B000A000900080007000600050004000300020001000000000E900FA00000000D000C000B000A000900080007
0EA00D900000000D000C000B000A000900080007000600050004000300020001000000000E900FA20000000D000C000B000A0009000800070006000500040003
0000000000000000000000000000000000000000000000000000000000000000000E000D000C000B000A00090008000700060005000400030002000100000000
01010101010101010101010101010101010101010101010101010101010101010101010101010101010101010101010101010101010101010101010101010101
01010101010101010101010101010100010101010101010101010101010101010101010101010101010101010101010101010101010101010101010101010101
000A0009000800070006000500040003000200010000000E0EA00D92000E000D000C000B000A000900080007000600050004000300020001000000000EA00D91
0006000500040003000200010000000F0EA00DA1000F000D000C000B000A000900080007000600050004000300020001000000010EA00DA0001C000D000C000B
00020001000000E00EA00DB0001D000D000C000B000A0009000800070006000500040003000200010000000F0EA00DA2001D000D000C000B000A000900080007
0EA00DB200EE000D000C000B000A000900080007000600050004000300020001000000E00EA00DB100EE000D000C000B000A0009000800070006000500040003
000000000000000000000000000000000000000000000000000000000000000000FC000D000C000B000A000900080007000600050004000300020001000000EE
01010101010101010101010101010101010101010101010101010101010101010101010101010101010101010101010100010101010101010101010101010101
01010101010101010101010101010101010101010101010101010101010101010101010101010101010101010101010101000000000000000000000000000001
000A0009000800070006000500040003000200010000001F0EA00E91001F000D000C000B000A000900080007000600050004000300020001000000110EA00E90
000600050004000300020001000000F00EA00EA0002D000D000C000B000A0009000800070006000500040003000200010000001F0EA00E92002D000D000C000B
00020001000000FE0EA00EA200FE000D000C000B000A000900080007000600050004000300020001000000F00EA00EA100FE000D000C000B000A000900080007
0EA00EB100FF000D000C000B000A000900080007000600050004000300020001000000F10EA00EB0010C000D000C000B000A0009000800070006000500040003
0000000000000000000000000000000000000000000000000000000000000000010D000D000C000B000A000900080007000600050004000300020001000000FF
02010101010101010101010101010102020101010101010101010101010101020201010101010101010101010101010201010101010101010101010101010101
02010101010101010101010101010102020101010101010101010101010101020201010101010101010101010101010202010101010101010101010101010102
000A000900080007000600050004000300020001000000000EA00F90010D000D000C000B000A000900080007000600050004000300020001000000FF0EA00EB2
000600050004000300020001000000000EA00F920000000D000C000B000A000900080007000600050004000300020001000000000EA00F910000000D000C000B
00020001000000000EA00FA10000000D000C000B000A000900080007000600050004000300020001000000000EA00FA00000000D000C000B000A000900080007
0EA00FB00000000D000C000B000A000900080007000600050004000300020001000000000EA00FA20000000D000C000B000A0009000800070006000500040003
00000000000000000000000000000000000000000000000000000000000000000000000D000C000B000A00090008000700060005000400030002000100000000
01010101010101010101010101010101010101010101010101010101010101010201010101010101010101010101010202010101010101010101010101010102
01010101010101010101010101010101010101010101010101010101010101010101010101010101010101010101010101010101010101010101010101010101
000A000900080007000600050004000300020001000000000EA00FB20000000D000C000B000A000900080007000600050004000300020001000000000EA00FB1
000600050004000300020001000000000EB00DA1000E000D000C000B000A000900080007000600050004000300020001000000000EB00DA00000000D000C000B
00020001000000010EB00DB0001C000D000C000B000A0009000800070006000500040003000200010000000E0EB00DA2000E000D000C000B000A000900080007
0EB00DB2001D000D000C000B000A0009000800070006000500040003000200010000000F0EB00DB1000F000D000C000B000A0009000800070006000500040003
0000000000000000000000000000000000000000000000000000000000000000001D000D000C000B000A0009000800070006000500040003000200010000000F
00010101010101010101010101010101010101010101010101010101010101000101010101010101010101010101010101010101010101010101010101010101
01000000000000000000000000000001010101010101010101010101010101010101010101010101010101010101010101010101010101010101010101010101
000A000900080007000600050004000300020001000000E00EB00DC100EE000D000C000B000A000900080007000600050004000300020001000000E00EB00DC0
000600050004000300020001000000110EB00EA000FC000D000C000B000A000900080007000600050004000300020001000000EE0EB00DC200EE000D000C000B
000200010000001F0EB00EA2002D000D000C000B000A0009000800070006000500040003000200010000001F0EB00EA1001F000D000C000B000A000900080007
0EB00EB100FE000D000C000B000A000900080007000600050004000300020001000000F00EB00EB0002D000D000C000B000A0009000800070006000500040003
000000000000000000000000000000000000000000000000000000000000000000FE000D000C000B000A000900080007000600050004000300020001000000F0
01010101010101010101010101010101010101010101010101010101010101010101010101010101010101010101010101010101010101010101010101010101
02010101010101010101010101010102020101010101010101010101010101020201010101010101010101010101010202010101010101010101010101010102
000A000900080007000600050004000300020001000000F10EB00EC0010C000D000C000B000A000900080007000600050004000300020001000000FE0EB00EB2
000600050004000300020001000000FF0EB00EC2010D000D000C000B000A000900080007000600050004000300020001000000FF0EB00EC100FF000D000C000B
00020001000000000EB00FA10000000D000C000B000A000900080007000600050004000300020001000000000EB00FA0010D000D000C000B000A000900080007
0EB00FB00000000D000C000B000A000900080007000600050004000300020001000000000EB00FA20000000D000C000B000A0009000800070006000500040003
00000000000000000000000000000000000000000000000000000000000000000000000D000C000B000A00090008000700060005000400030002000100000000
02010101010101010101010101010102020101010101010101010101010101020201010101010101010101010101010202010101010101010101010101010102
01010101010101010101010101010101010101010101010101010101010101010101010101010101010101010101010102010101010101010101010101010102
000A000900080007000600050004000300020001000000000EB00FB20000000D000C000B000A000900080007000600050004000300020001000000000EB00FB1
000600050004000300020001000000000EB00FC10000000D000C000B000A000900080007000600050004000300020001000000000EB00FC00000000D000C000B
00020001000000000EC00DB00000000D000C000B000A000900080007000600050004000300020001000000000EB00FC20000000D000C000B000A000900080007
0EC00DB2000E000D000C000B000A000900080007000600050004000300020001000000000EC00DB1000E000D000C000B000A0009000800070006000500040003
0000000000000000000000000000000000000000000000000000000000000000001C000D000C000B000A0009000800070006000500040003000200010000000E
01010101010101010101010101010101010101010101010101010101010101010101010101010101010101010101010101010101010101010101010101010101
01010101010101010101010101010101000101010101010101010101010101010101010101010101010101010101010001010101010101010101010101010101
000A0009000800070006000500040003000200010000000F0EC00DC1000F000D000C000B000A000900080007000600050004000300020001000000010EC00DC0
000600050004000300020001000000E00EC00DD0001D000D000C000B000A0009000800070006000500040003000200010000000F0EC00DC2001D000D000C000B
00020001000000EE0EC00DD200EE000D000C000B000A000900080007000600050004000300020001000000E00EC00DD100EE000D000C000B000A000900080007
0EC00EB1001F000D000C000B000A000900080007000600050004000300020001000000110EC00EB000FC000D000C000B000A0009000800070006000500040003
0000000000000000000000000000000000000000000000000000000000000000002D000D000C000B000A0009000800070006000500040003000200010000001F
01010101010101010101010101010101010000000000000000000000000000010101010101010101010101010101010101010101010101010101010101010101
02010101010101010101010101010102010101010101010101010101010101010101010101010101010101010101010101010101010101010101010101010101
000A000900080007000600050004000300020001000000F00EC00EC0002D000D000C000B000A0009000800070006000500040003000200010000001F0EC00EB2
000600050004000300020001000000FE0EC00EC200FE000D000C000B000A000900080007000600050004000300020001000000F00EC00EC100FE000D000C000B
00020001000000FF0EC00ED100FF000D000C000B000A000900080007000600050004000300020001000000F10EC00ED0010C000D000C000B000A000900080007
0EC00FB0010D000D000C000B000A000900080007000600050004000300020001000000FF0EC00ED2010D000D000C000B000A0009000800070006000500040003
00000000000000000000000000000000000000000000000000000000000000000000000D000C000B000A00090008000700060005000400030002000100000000
02010101010101010101010101010102020101010101010101010101010101020201010101010101010101010101010202010101010101010101010101010102
02010101010101010101010101010102020101010101010101010101010101020201010101010101010101010101010202010101010101010101010101010102
000A000900080007000600050004000300020001000000000EC00FB20000000D000C000B000A000900080007000600050004000300020001000000000EC00FB1
000600050004000300020001000000000EC00FC10000000D000C000B000A000900080007000600050004000300020001000000000EC00FC00000000D000C000B
00020001000000000EC00FD00000000D000C000B000A000900080007000600050004000300020001000000000EC00FC20000000D000C000B000A000900080007
0EC00FD20000000D000C000B000A000900080007000600050004000300020001000000000EC00FD10000000D000C000B000A0009000800070006000500040003
00000000000000000000000000000000000000000000000000000000000000000000000D000C000B000A00090008000700060005000400030002000100000000
01010101010101010101010101010101010101010101010101010101010101010101010101010101010101010101010101010101010101010101010101010101
01010101010101010101010101010101010101010101010101010101010101010101010101010101010101010101010101010101010101010101010101010101
000A000900080007000600050004000300020001000000000ED00DC1000E000D000C000B000A000900080007000600050004000300020001000000000ED00DC0
000600050004000300020001000000010ED00DD0001C000D000C000B000A0009000800070006000500040003000200010000000E0ED00DC2000E000D000C000B
000200010000000F0ED00DD2001D000D000C000B000A0009000800070006000500040003000200010000000F0ED00DD1000F000D000C000B000A000900080007
0ED00DE100EE000D000C000B000A000900080007000600050004000300020001000000E00ED00DE0001D000D000C000B000A0009000800070006000500040003
000000000000000000000000000000000000000000000000000000000000000000EE000D000C000B000A000900080007000600050004000300020001000000E0
01010101010101010101010101010101010101010101010101010101010101010001010101010101010101010101010101010101010101010101010101010100
01010101010101010101010101010101010101010101010101010101010101010100000000000000000000000000000101010101010101010101010101010101
000A000900080007000600050004000300020001000000110ED00EC000FC000D000C000B000A000900080007000600050004000300020001000000EE0ED00DE2
0006000500040003000200010000001F0ED00EC2002D000D000C000B000A0009000800070006000500040003000200010000001F0ED00EC1001F000D000C000B
00020001000000F00ED00ED100FE000D000C000B000A000900080007000600050004000300020001000000F00ED00ED0002D000D000C000B000A000900080007
0ED00EE0010C000D000C000B000A000900080007000600050004000300020001000000FE0ED00ED200FE000D000C000B000A0009000800070006000500040003
000000000000000000000000000000000000000000000000000000000000000000FF000D000C000B000A000900080007000600050004000300020001000000F1
02010101010101010101010101010102020101010101010101010101010101020101010101010101010101010101010101010101010101010101010101010101
02010101010101010101010101010102020101010101010101010101010101020201010101010101010101010101010202010101010101010101010101010102
000A000900080007000600050004000300020001000000FF0ED00EE2010D000D000C000B000A000900080007000600050004000300020001000000FF0ED00EE1
000600050004000300020001000000000ED00FC10000000D000C000B000A000900080007000600050004000300020001000000000ED00FC0010D000D000C000B
00020001000000000ED00FD00000000D000C000B000A000900080007000600050004000300020001000000000ED00FC20000000D000C000B000A000900080007
0ED00FD20000000D000C000B000A000900080007000600050004000300020001000000000ED00FD10000000D000C000B000A0009000800070006000500040003
00000000000000000000000000000000000000000000000000000000000000000000000D000C000B000A00090008000700060005000400030002000100000000
01010101010101010101010101010101020101010101010101010101010101020201010101010101010101010101010202010101010101010101010101010102
01010101010101010101010101010101010101010101010101010101010101010101010101010101010101010101010101010101010101010101010101010101
000A000900080007000600050004000300020001000000000ED00FE10000000D000C000B000A000900080007000600050004000300020001000000000ED00FE0
000600050004000300020001000000000EE00DD00000000D000C000B000A000900080007000600050004000300020001000000000ED00FE20000000D000C000B
000200010000000E0EE00DD2000E000D000C000B000A000900080007000600050004000300020001000000000EE00DD1000E000D000C000B000A000900080007
0EE00DE1000F000D000C000B000A000900080007000600050004000300020001000000010EE00DE0001C000D000C000B000A0009000800070006000500040003
0000000000000000000000000000000000000000000000000000000000000000001D000D000C000B000A0009000800070006000500040003000200010000000F
01010101010101010101010101010100010101010101010101010101010101010101010101010101010101010101010101010101010101010101010101010101
01010101010101010101010101010101010101010101010101010101010101010101010101010101010101010101010100010101010101010101010101010101
000A000900080007000600050004000300020001000000E00EE00DF0001D000D000C000B000A0009000800070006000500040003000200010000000F0EE00DE2
000600050004000300020001000000EE0EE00DF200EE000D000C000B000A000900080007000600050004000300020001000000E00EE00DF100EE000D000C000B
000200010000001F0EE00ED1001F000D000C000B000A000900080007000600050004000300020001000000110EE00ED000FC000D000C000B000A000900080007
0EE00EE0002D000D000C000B000A0009000800070006000500040003000200010000001F0EE00ED2002D000D000C000B000A0009000800070006000500040003
000000000000000000000000000000000000000000000000000000000000000000FE000D000C000B000A000900080007000600050004000300020001000000F0
01010101010101010101010101010101010101010101010101010101010101010101010101010101010101010101010101000000000000000000000000000001
02010101010101010101010101010102020101010101010101010101010101020201010101010101010101010101010201010101010101010101010101010101
000A000900080007000600050004000300020001000000FE0EE00EE200FE000D000C000B000A000900080007000600050004000300020001000000F00EE00EE1
000600050004000300020001000000FF0EE00EF100FF000D000C000B000A000900080007000600050004000300020001000000F10EE00EF0010C000D000C000B
00020001000000000EE00FD0010D000D000C000B000A000900080007000600050004000300020001000000FF0EE00EF2010D000D000C000B000A000900080007
0EE00FD20000000D000C000B000A000900080007000600050004000300020001000000000EE00FD10000000D000C000B000A0009000800070006000500040003
00000000000000000000000000000000000000000000000000000000000000000000000D000C000B000A00090008000700060005000400030002000100000000
02010101010101010101010101010102020101010101010101010101010101020201010101010101010101010101010202010101010101010101010101010102
01010101010101010101010101010101010101010101010101010101010101010201010101010101010101010101010202010101010101010101010101010102
000A000900080007000600050004000300020001000000000EE00FE10000000D000C000B000A000900080007000600050004000300020001000000000EE00FE0
000600050004000300020001000000000EE00FF00000000D000C000B000A000900080007000600050004000300020001000000000EE00FE20000000D000C000B
00020001000000000EE00FF20000000D000C000B000A000900080007000600050004000300020001000000000EE00FF10000000D000C000B000A000900080007
0EF00DE1000E000D000C000B000A000900080007000600050004000300020001000000000EF00DE00000000D000C000B000A0009000800070006000500040003
0000000000000000000000000000000000000000000000000000000000000000000E000D000C000B000A00090008000700060005000400030002000100000000
01010101010101010101010101010101010101010101010101010101010101010101010101010101010101010101010101010101010101010101010101010101
01010101010101010101010101010101010101010101010101010101010101010001010101010101010101010101010101010101010101010101010101010100
000A000900080007000600050004000300020001000000010EF00DF0001C000D000C000B000A0009000800070006000500040003000200010000000E0EF00DE2
000600050004000300020001000000EF0EF00DF200FD000D000C000B000A000900080007000600050004000300020001000000EF0EF00DF1000F000D000C000B
00020001000000100EF00EE1001E000D000C000B000A000900080007000600050004000300020001000000100EF00EE000FD000D000C000B000A000900080007
0EF00EF0010C000D000C000B000A000900080007000600050004000300020001000000FE0EF00EE2001E000D000C000B000A0009000800070006000500040003
000000000000000000000000000000000000000000000000000000000000000000FF000D000C000B000A000900080007000600050004000300020001000000F1
02010101010101010101010101010102020101010101010101010101010101020101010101010101010101010101010101000000000000000000000000000001
02010101010101010101010101010102020101010101010101010101010101020201010101010101010101010101010202010101010101010101010101010102
000A000900080007000600050004000300020001000000FF0EF00EF2010D000D000C000B000A000900080007000600050004000300020001000000FF0EF00EF1
000600050004000300020001000000000EF00FE10000000D000C000B000A000900080007000600050004000300020001000000000EF00FE0010D000D000C000B
00020001000000000EF00FF00000000D000C000B000A000900080007000600050004000300020001000000000EF00FE20000000D000C000B000A000900080007
0EF00FF20000000D000C000B000A000900080007000600050004000300020001000000000EF00FF10000000D000C000B000A0009000800070006000500040003
00000000000000000000000000000000000000000000000000000000000000000000000D000C000B000A00090008000700060005000400030002000100000000
01010101010101010101010101010101010101010101010101010101010101010101010101010101010101010101010101010101010101010101010101010101
01000000000000000000000000000001010101010101010101010101010101010001010101010101010101010101010101010101010101010101010101010100
000A000900080007000600050004000300020001000000000F000E01000E000D000C000B000A000900080007000600050004000300020001000000000F000E00
000600050004000300020001000000010F000E10001C000D000C000B000A0009000800070006000500040003000200010000000E0F000E02000E000D000C000B
00020001000000EF0F000E1200FD000D000C000B000A000900080007000600050004000300020001000000EF0F000E11000F000D000C000B000A000900080007
0F000F01001E000D000C000B000A000900080007000600050004000300020001000000100F000F0000FD000D000C000B000A0009000800070006000500040003
0000000000000000000000000000000000000000000000000000000000000000001E000D000C000B000A00090008000700060005000400030002000100000010
02010101010101010101010101010102020101010101010101010101010101020201010101010101010101010101010202010101010101010101010101010102
01010101010101010101010101010101010101010101010101010101010101010101010101010101010101010101010101010101010101010101010101010101
000A000900080007000600050004000300020001000000000F000F100000000D000C000B000A000900080007000600050004000300020001000000000F000F02
000600050004000300020001000000000F000F120000000D000C000B000A000900080007000600050004000300020001000000000F000F110000000D000C000B
00020001000000000F100E01000E000D000C000B000A000900080007000600050004000300020001000000000F100E000000000D000C000B000A000900080007
0F100E10001C000D000C000B000A0009000800070006000500040003000200010000000E0F100E02000E000D000C000B000A0009000800070006000500040003
0000000000000000000000000000000000000000000000000000000000000000000F000D000C000B000A00090008000700060005000400030002000100000001
01010101010101010101010101010101010101010101010101010101010101010101010101010101010101010101010101010101010101010101010101010101
01010101010101010101010101010101010101010101010101010101010101010001010101010101010101010101010101010101010101010101010101010100
000A0009000800070006000500040003000200010000000F0F100E12001D000D000C000B000A0009000800070006000500040003000200010000000F0F100E11
000600050004000300020001000000E00F100E2100EE000D000C000B000A000900080007000600050004000300020001000000E00F100E20001D000D000C000B
00020001000000110F100F0000FC000D000C000B000A000900080007000600050004000300020001000000EE0F100E2200EE000D000C000B000A000900080007
0F100F02002D000D000C000B000A0009000800070006000500040003000200010000001F0F100F01001F000D000C000B000A0009000800070006000500040003
0000000000000000000000000000000000000000000000000000000000000000002D000D000C000B000A0009000800070006000500040003000200010000001F
02010101010101010101010101010102020101010101010101010101010101020200000000000000000000000000000202010101010101010101010101010102
01010101010101010101010101010101010101010101010101010101010101010201010101010101010101010101010202010101010101010101010101010102
000A000900080007000600050004000300020001000000000F100F110000000D000C000B000A000900080007000600050004000300020001000000000F100F10
000600050004000300020001000000000F100F200000000D000C000B000A000900080007000600050004000300020001000000000F100F120000000D000C000B
00020001000000000F100F220000000D000C000B000A000900080007000600050004000300020001000000000F100F210000000D000C000B000A000900080007
0F200E11000E000D000C000B000A000900080007000600050004000300020001000000000F200E100000000D000C000B000A0009000800070006000500040003
0000000000000000000000000000000000000000000000000000000000000000000E000D000C000B000A00090008000700060005000400030002000100000000
01010101010101010101010101010101010101010101010101010101010101010101010101010101010101010101010101010101010101010101010101010101
00010101010101010101010101010101010101010101010101010101010101000101010101010101010101010101010101010101010101010101010101010101
000A000900080007000600050004000300020001000000010F200E20001C000D000C000B000A0009000800070006000500040003000200010000000E0F200E12
0006000500040003000200010000000F0F200E22001D000D000C000B000A0009000800070006000500040003000200010000000F0F200E21000F000D000C000B
00020001000000E00F200E3100EE000D000C000B000A000900080007000600050004000300020001000000E00F200E30001D000D000C000B000A000900080007
0F200F1000FC000D000C000B000A000900080007000600050004000300020001000000EE0F200E3200EE000D000C000B000A0009000800070006000500040003
0000000000000000000000000000000000000000000000000000000000000000001F000D000C000B000A00090008000700060005000400030002000100000011
02000000000000000000000000000002020101010101010101010101010101020101010101010101010101010101010101010101010101010101010101010101
02010101010101010101010101010102020101010101010101010101010101020201010101010101010101010101010202010101010101010101010101010102
000A0009000800070006000500040003000200010000001F0F200F12002D000D000C000B000A0009000800070006000500040003000200010000001F0F200F11
000600050004000300020001000000000F200F210000000D000C000B000A000900080007000600050004000300020001000000000F200F20002D000D000C000B
00020001000000000F200F300000000D000C000B000A000900080007000600050004000300020001000000000F200F220000000D000C000B000A000900080007
0F200F320000000D000C000B000A000900080007000600050004000300020001000000000F200F310000000D000C000B000A0009000800070006000500040003
00000000000000000000000000000000000000000000000000000000000000000000000D000C000B000A00090008000700060005000400030002000100000000
01010101010101010101010101010101010101010101010101010101010101010101010101010101010101010101010101010101010101010101010101010101
01010101010101010101010101010101010101010101010101010101010101010101010101010101010101010101010101010101010101010101010101010101
000A000900080007000600050004000300020001000000000F300E21000E000D000C000B000A000900080007000600050004000300020001000000000F300E20
000600050004000300020001000000010F300E30001C000D000C000B000A0009000800070006000500040003000200010000000E0F300E22000E000D000C000B
000200010000000F0F300E32001D000D000C000B000A0009000800070006000500040003000200010000000F0F300E31000F000D000C000B000A000900080007
0F300E4100EE000D000C000B000A000900080007000600050004000300020001000000E00F300E40001D000D000C000B000A0009000800070006000500040003
000000000000000000000000000000000000000000000000000000000000000000EE000D000C000B000A000900080007000600050004000300020001000000E0
01010101010101010101010101010101010101010101010101010101010101010001010101010101010101010101010101010101010101010101010101010100
02010101010101010101010101010102020101010101010101010101010101020200000000000000000000000000000202010101010101010101010101010102
000A000900080007000600050004000300020001000000110F300F2000FC000D000C000B000A000900080007000600050004000300020001000000EE0F300E42
0006000500040003000200010000001F0F300F22002D000D000C000B000A0009000800070006000500040003000200010000001F0F300F21001F000D000C000B
00020001000000000F300F310000000D000C000B000A000900080007000600050004000300020001000000000F300F30002D000D000C000B000A000900080007
0F300F400000000D000C000B000A000900080007000600050004000300020001000000000F300F320000000D000C000B000A0009000800070006000500040003
00000000000000000000000000000000000000000000000000000000000000000000000D000C000B000A00090008000700060005000400030002000100000000
01010101010101010101010101010101010101010101010101010101010101010201010101010101010101010101010202010101010101010101010101010102
01010101010101010101010101010101010101010101010101010101010101010101010101010101010101010101010101010101010101010101010101010101
000A000900080007000600050004000300020001000000000F300F420000000D000C000B000A000900080007000600050004000300020001000000000F300F41
000600050004000300020001000000000F400E31000E000D000C000B000A000900080007000600050004000300020001000000000F400E300000000D000C000B
00020001000000010F400E40001C000D000C000B000A0009000800070006000500040003000200010000000E0F400E32000E000D000C000B000A000900080007
0F400E42001D000D000C000B000A0009000800070006000500040003000200010000000F0F400E41000F000D000C000B000A0009000800070006000500040003
0000000000000000000000000000000000000000000000000000000000000000001D000D000C000B000A0009000800070006000500040003000200010000000F
00010101010101010101010101010101010101010101010101010101010101000101010101010101010101010101010101010101010101010101010101010101
02000000000000000000000000000002020101010101010101010101010101020101010101010101010101010101010101010101010101010101010101010101
000A000900080007000600050004000300020001000000E00F400E5100EE000D000C000B000A000900080007000600050004000300020001000000E00F400E50
000600050004000300020001000000110F400F3000FC000D000C000B000A000900080007000600050004000300020001000000EE0F400E5200EE000D000C000B
000200010000001F0F400F32002D000D000C000B000A0009000800070006000500040003000200010000001F0F400F31001F000D000C000B000A000900080007
0F400F410000000D000C000B000A000900080007000600050004000300020001000000000F400F40002D000D000C000B000A0009000800070006000500040003
00000000000000000000000000000000000000000000000000000000000000000000000D000C000B000A00090008000700060005000400030002000100000000
02010101010101010101010101010102020101010101010101010101010101020201010101010101010101010101010202010101010101010101010101010102
01010101010101010101010101010101010101010101010101010101010101010101010101010101010101010101010101010101010101010101010101010101
000A000900080007000600050004000300020001000000000F400F500000000D000C000B000A000900080007000600050004000300020001000000000F400F42
000600050004000300020001000000000F400F520000000D000C000B000A000900080007000600050004000300020001000000000F400F510000000D000C000B
00020001000000000F500E41000E000D000C000B000A000900080007000600050004000300020001000000000F500E400000000D000C000B000A000900080007
0F500E50001C000D000C000B000A0009000800070006000500040003000200010000000E0F500E42000E000D000C000B000A0009000800070006000500040003
0000000000000000000000000000000000000000000000000000000000000000000F000D000C000B000A00090008000700060005000400030002000100000001
01010101010101010101010101010101010101010101010101010101010101010101010101010101010101010101010101010101010101010101010101010101
01010101010101010101010101010101010101010101010101010101010101010001010101010101010101010101010101010101010101010101010101010100
000A0009000800070006000500040003000200010000000F0F500E52001D000D000C000B000A0009000800070006000500040003000200010000000F0F500E51
000600050004000300020001000000E00F500E6100EE000D000C000B000A000900080007000600050004000300020001000000E00F500E60001D000D000C000B
00020001000000110F500F4000FC000D000C000B000A000900080007000600050004000300020001000000EE0F500E6200EE000D000C000B000A000900080007
0F500F42002D000D000C000B000A0009000800070006000500040003000200010000001F0F500F41001F000D000C000B000A0009000800070006000500040003
0000000000000000000000000000000000000000000000000000000000000000002D000D000C000B000A0009000800070006000500040003000200010000001F
02010101010101010101010101010102020101010101010101010101010101020200000000000000000000000000000202010101010101010101010101010102
01010101010101010101010101010101010101010101010101010101010101010201010101010101010101010101010202010101010101010101010101010102
000A000900080007000600050004000300020001000000000F500F510000000D000C000B000A000900080007000600050004000300020001000000000F500F50
000600050004000300020001000000000F500F600000000D000C000B000A000900080007000600050004000300020001000000000F500F520000000D000C000B
00020001000000000F500F620000000D000C000B000A000900080007000600050004000300020001000000000F500F610000000D000C000B000A000900080007
0F600E51000E000D000C000B000A000900080007000600050004000300020001000000000F600E500000000D000C000B000A0009000800070006000500040003
0000000000000000000000000000000000000000000000000000000000000000000E000D000C000B000A00090008000700060005000400030002000100000000
01010101010101010101010101010101010101010101010101010101010101010101010101010101010101010101010101010101010101010101010101010101
00010101010101010101010101010101010101010101010101010101010101000101010101010101010101010101010101010101010101010101010101010101
000A000900080007000600050004000300020001000000010F600E60001C000D000C000B000A0009000800070006000500040003000200010000000E0F600E52
0006000500040003000200010000000F0F600E62001D000D000C000B000A0009000800070006000500040003000200010000000F0F600E61000F000D000C000B
00020001000000E00F600E7100EE000D000C000B000A000900080007000600050004000300020001000000E00F600E70001D000D000C000B000A000900080007
0F600F5000FC000D000C000B000A000900080007000600050004000300020001000000EE0F600E7200EE000D000C000B000A0009000800070006000500040003
0000000000000000000000000000000000000000000000000000000000000000001F000D000C000B000A00090008000700060005000400030002000100000011
02000000000000000000000000000002020101010101010101010101010101020101010101010101010101010101010101010101010101010101010101010101
02010101010101010101010101010102020101010101010101010101010101020201010101010101010101010101010202010101010101010101010101010102
000A0009000800070006000500040003000200010000001F0F600F52002D000D000C000B000A0009000800070006000500040003000200010000001F0F600F51
000600050004000300020001000000000F600F610000000D000C000B000A000900080007000600050004000300020001000000000F600F60002D000D000C000B
00020001000000000F600F700000000D000C000B000A000900080007000600050004000300020001000000000F600F620000000D000C000B000A000900080007
0F600F720000000D000C000B000A000900080007000600050004000300020001000000000F600F710000000D000C000B000A0009000800070006000500040003
00000000000000000000000000000000000000000000000000000000000000000000000D000C000B000A00090008000700060005000400030002000100000000
01010101010101010101010101010101010101010101010101010101010101010101010101010101010101010101010101010101010101010101010101010101
01010101010101010101010101010101010101010101010101010101010101010101010101010101010101010101010101010101010101010101010101010101
000A000900080007000600050004000300020001000000000F700E61000E000D000C000B000A000900080007000600050004000300020001000000000F700E60
000600050004000300020001000000010F700E70001C000D000C000B000A0009000800070006000500040003000200010000000E0F700E62000E000D000C000B
000200010000000F0F700E72001D000D000C000B000A0009000800070006000500040003000200010000000F0F700E71000F000D000C000B000A000900080007
0F700E8100EE000D000C000B000A000900080007000600050004000300020001000000E00F700E80001D000D000C000B000A0009000800070006000500040003
000000000000000000000000000000000000000000000000000000000000000000EE000D000C000B000A000900080007000600050004000300020001000000E0
01010101010101010101010101010101010101010101010101010101010101010001010101010101010101010101010101010101010101010101010101010100
02010101010101010101010101010102020101010101010101010101010101020200000000000000000000000000000202010101010101010101010101010102
000A000900080007000600050004000300020001000000110F700F6000FC000D000C000B000A000900080007000600050004000300020001000000EE0F700E82
0006000500040003000200010000001F0F700F62002D000D000C000B000A0009000800070006000500040003000200010000001F0F700F61001F000D000C000B
00020001000000000F700F710000000D000C000B000A000900080007000600050004000300020001000000000F700F70002D000D000C000B000A000900080007
0F700F800000000D000C000B000A000900080007000600050004000300020001000000000F700F720000000D000C000B000A0009000800070006000500040003
00000000000000000000000000000000000000000000000000000000000000000000000D000C000B000A00090008000700060005000400030002000100000000
01010101010101010101010101010101010101010101010101010101010101010201010101010101010101010101010202010101010101010101010101010102
01010101010101010101010101010101010101010101010101010101010101010101010101010101010101010101010101010101010101010101010101010101
000A000900080007000600050004000300020001000000000F700F820000000D000C000B000A000900080007000600050004000300020001000000000F700F81
000600050004000300020001000000000F800E71000E000D000C000B000A000900080007000600050004000300020001000000000F800E700000000D000C000B
00020001000000010F800E80001C000D000C000B000A0009000800070006000500040003000200010000000E0F800E72000E000D000C000B000A000900080007
0F800E82001D000D000C000B000A0009000800070006000500040003000200010000000F0F800E81000F000D000C000B000A0009000800070006000500040003
0000000000000000000000000000000000000000000000000000000000000000001D000D000C000B000A0009000800070006000500040003000200010000000F
00010101010101010101010101010101010101010101010101010101010101000101010101010101010101010101010101010101010101010101010101010101
02000000000000000000000000000002020101010101010101010101010101020101010101010101010101010101010101010101010101010101010101010101
000A000900080007000600050004000300020001000000E00F800E9100EE000D000C000B000A000900080007000600050004000300020001000000E00F800E90
000600050004000300020001000000110F800F7000FC000D000C000B000A000900080007000600050004000300020001000000EE0F800E9200EE000D000C000B
000200010000001F0F800F72002D000D000C000B000A0009000800070006000500040003000200010000001F0F800F71001F000D000C000B000A000900080007
0F800F810000000D000C000B000A000900080007000600050004000300020001000000000F800F80002D000D000C000B000A0009000800070006000500040003
00000000000000000000000000000000000000000000000000000000000000000000000D000C000B000A00090008000700060005000400030002000100000000
02010101010101010101010101010102020101010101010101010101010101020201010101010101010101010101010202010101010101010101010101010102
01010101010101010101010101010101010101010101010101010101010101010101010101010101010101010101010101010101010101010101010101010101
000A000900080007000600050004000300020001000000000F800F900000000D000C000B000A000900080007000600050004000300020001000000000F800F82
000600050004000300020001000000000F800F920000000D000C000B000A000900080007000600050004000300020001000000000F800F910000000D000C000B
00020001000000000F900E81000E000D000C000B000A000900080007000600050004000300020001000000000F900E800000000D000C000B000A000900080007
0F900E90001C000D000C000B000A0009000800070006000500040003000200010000000E0F900E82000E000D000C000B000A0009000800070006000500040003
0000000000000000000000000000000000000000000000000000000000000000000F000D000C000B000A00090008000700060005000400030002000100000001
01010101010101010101010101010101010101010101010101010101010101010101010101010101010101010101010101010101010101010101010101010101
01010101010101010101010101010101010101010101010101010101010101010001010101010101010101010101010101010101010101010101010101010100
000A0009000800070006000500040003000200010000000F0F900E92001D000D000C000B000A0009000800070006000500040003000200010000000F0F900E91
000600050004000300020001000000E00F900EA100EE000D000C000B000A000900080007000600050004000300020001000000E00F900EA0001D000D000C000B
00020001000000110F900F8000FC000D000C000B000A000900080007000600050004000300020001000000EE0F900EA200EE000D000C000B000A000900080007
0F900F82002D000D000C000B000A0009000800070006000500040003000200010000001F0F900F81001F000D000C000B000A0009000800070006000500040003
0000000000000000000000000000000000000000000000000000000000000000002D000D000C000B000A0009000800070006000500040003000200010000001F
02010101010101010101010101010102020101010101010101010101010101020200000000000000000000000000000202010101010101010101010101010102
01010101010101010101010101010101010101010101010101010101010101010201010101010101010101010101010202010101010101010101010101010102
000A000900080007000600050004000300020001000000000F900F910000000D000C000B000A000900080007000600050004000300020001000000000F900F90
000600050004000300020001000000000F900FA00000000D000C000B000A000900080007000600050004000300020001000000000F900F920000000D000C000B
00020001000000000F900FA20000000D000C000B000A000900080007000600050004000300020001000000000F900FA10000000D000C000B000A000900080007
0FA00E91000E000D000C000B000A000900080007000600050004000300020001000000000FA00E900000000D000C000B000A0009000800070006000500040003
0000000000000000000000000000000000000000000000000000000000000000000E000D000C000B000A00090008000700060005000400030002000100000000
01010101010101010101010101010101010101010101010101010101010101010101010101010101010101010101010101010101010101010101010101010101
00010101010101010101010101010101010101010101010101010101010101000101010101010101010101010101010101010101010101010101010101010101
000A000900080007000600050004000300020001000000010FA00EA0001C000D000C000B000A0009000800070006000500040003000200010000000E0FA00E92
0006000500040003000200010000000F0FA00EA2001D000D000C000B000A0009000800070006000500040003000200010000000F0FA00EA1000F000D000C000B
00020001000000E00FA00EB100EE000D000C000B000A000900080007000600050004000300020001000000E00FA00EB0001D000D000C000B000A000900080007
0FA00F9000FC000D000C000B000A000900080007000600050004000300020001000000EE0FA00EB200EE000D000C000B000A0009000800070006000500040003
0000000000000000000000000000000000000000000000000000000000000000001F000D000C000B000A00090008000700060005000400030002000100000011
02000000000000000000000000000002020101010101010101010101010101020101010101010101010101010101010101010101010101010101010101010101
02010101010101010101010101010102020101010101010101010101010101020201010101010101010101010101010202010101010101010101010101010102
000A0009000800070006000500040003000200010000001F0FA00F92002D000D000C000B000A0009000800070006000500040003000200010000001F0FA00F91
000600050004000300020001000000000FA00FA10000000D000C000B000A000900080007000600050004000300020001000000000FA00FA0002D000D000C000B
00020001000000000FA00FB00000000D000C000B000A000900080007000600050004000300020001000000000FA00FA20000000D000C000B000A000900080007
0FA00FB20000000D000C000B000A000900080007000600050004000300020001000000000FA00FB10000000D000C000B000A0009000800070006000500040003
00000000000000000000000000000000000000000000000000000000000000000000000D000C000B000A00090008000700060005000400030002000100000000
01010101010101010101010101010101010101010101010101010101010101010101010101010101010101010101010101010101010101010101010101010101
01010101010101010101010101010101010101010101010101010101010101010101010101010101010101010101010101010101010101010101010101010101
000A000900080007000600050004000300020001000000000FB00EA1000E000D000C000B000A000900080007000600050004000300020001000000000FB00EA0
000600050004000300020001000000010FB00EB0001C000D000C000B000A0009000800070006000500040003000200010000000E0FB00EA2000E000D000C000B
000200010000000F0FB00EB2001D000D000C000B000A0009000800070006000500040003000200010000000F0FB00EB1000F000D000C000B000A000900080007
0FB00EC100EE000D000C000B000A000900080007000600050004000300020001000000E00FB00EC0001D000D000C000B000A0009000800070006000500040003
000000000000000000000000000000000000000000000000000000000000000000EE000D000C000B000A000900080007000600050004000300020001000000E0
01010101010101010101010101010101010101010101010101010101010101010001010101010101010101010101010101010101010101010101010101010100
02010101010101010101010101010102020101010101010101010101010101020200000000000000000000000000000202010101010101010101010101010102
000A000900080007000600050004000300020001000000110FB00FA000FC000D000C000B000A000900080007000600050004000300020001000000EE0FB00EC2
0006000500040003000200010000001F0FB00FA2002D000D000C000B000A0009000800070006000500040003000200010000001F0FB00FA1001F000D000C000B
00020001000000000FB00FB10000000D000C000B000A000900080007000600050004000300020001000000000FB00FB0002D000D000C000B000A000900080007
0FB00FC00000000D000C000B000A000900080007000600050004000300020001000000000FB00FB20000000D000C000B000A0009000800070006000500040003
00000000000000000000000000000000000000000000000000000000000000000000000D000C000B000A00090008000700060005000400030002000100000000
01010101010101010101010101010101010101010101010101010101010101010201010101010101010101010101010202010101010101010101010101010102
01010101010101010101010101010101010101010101010101010101010101010101010101010101010101010101010101010101010101010101010101010101
000A000900080007000600050004000300020001000000000FB00FC20000000D000C000B000A000900080007000600050004000300020001000000000FB00FC1
000600050004000300020001000000000FC00EB1000E000D000C000B000A000900080007000600050004000300020001000000000FC00EB00000000D000C000B
00020001000000010FC00EC0001C000D000C000B000A0009000800070006000500040003000200010000000E0FC00EB2000E000D000C000B000A000900080007
0FC00EC2001D000D000C000B000A0009000800070006000500040003000200010000000F0FC00EC1000F000D000C000B000A0009000800070006000500040003
0000000000000000000000000000000000000000000000000000000000000000001D000D000C000B000A0009000800070006000500040003000200010000000F
00010101010101010101010101010101010101010101010101010101010101000101010101010101010101010101010101010101010101010101010101010101
02000000000000000000000000000002020101010101010101010101010101020101010101010101010101010101010101010101010101010101010101010101
000A000900080007000600050004000300020001000000E00FC00ED100EE000D000C000B000A000900080007000600050004000300020001000000E00FC00ED0
000600050004000300020001000000110FC00FB000FC000D000C000B000A000900080007000600050004000300020001000000EE0FC00ED200EE000D000C000B
000200010000001F0FC00FB2002D000D000C000B000A0009000800070006000500040003000200010000001F0FC00FB1001F000D000C000B000A000900080007
0FC00FC10000000D000C000B000A000900080007000600050004000300020001000000000FC00FC0002D000D000C000B000A0009000800070006000500040003
00000000000000000000000000000000000000000000000000000000000000000000000D000C000B000A00090008000700060005000400030002000100000000
02010101010101010101010101010102020101010101010101010101010101020201010101010101010101010101010202010101010101010101010101010102
01010101010101010101010101010101010101010101010101010101010101010101010101010101010101010101010101010101010101010101010101010101
000A000900080007000600050004000300020001000000000FC00FD00000000D000C000B000A000900080007000600050004000300020001000000000FC00FC2
000600050004000300020001000000000FC00FD20000000D000C000B000A000900080007000600050004000300020001000000000FC00FD10000000D000C000B
00020001000000000FD00EC1000E000D000C000B000A000900080007000600050004000300020001000000000FD00EC00000000D000C000B000A000900080007
0FD00ED0001C000D000C000B000A0009000800070006000500040003000200010000000E0FD00EC2000E000D000C000B000A0009000800070006000500040003
0000000000000000000000000000000000000000000000000000000000000000000F000D000C000B000A00090008000700060005000400030002000100000001
01010101010101010101010101010101010101010101010101010101010101010101010101010101010101010101010101010101010101010101010101010101
01010101010101010101010101010101010101010101010101010101010101010001010101010101010101010101010101010101010101010101010101010100
000A0009000800070006000500040003000200010000000F0FD00ED2001D000D000C000B000A0009000800070006000500040003000200010000000F0FD00ED1
000600050004000300020001000000E00FD00EE100EE000D000C000B000A000900080007000600050004000300020001000000E00FD00EE0001D000D000C000B
00020001000000110FD00FC000FC000D000C000B000A000900080007000600050004000300020001000000EE0FD00EE200EE000D000C000B000A000900080007
0FD00FC2002D000D000C000B000A0009000800070006000500040003000200010000001F0FD00FC1001F000D000C000B000A0009000800070006000500040003
0000000000000000000000000000000000000000000000000000000000000000002D000D000C000B000A0009000800070006000500040003000200010000001F
02010101010101010101010101010102020101010101010101010101010101020200000000000000000000000000000202010101010101010101010101010102
01010101010101010101010101010101010101010101010101010101010101010201010101010101010101010101010202010101010101010101010101010102
000A000900080007000600050004000300020001000000000FD00FD10000000D000C000B000A000900080007000600050004000300020001000000000FD00FD0
000600050004000300020001000000000FD00FE00000000D000C000B000A000900080007000600050004000300020001000000000FD00FD20000000D000C000B
00020001000000000FD00FE20000000D000C000B000A000900080007000600050004000300020001000000000FD00FE10000000D000C000B000A000900080007
0FE00ED1000E000D000C000B000A000900080007000600050004000300020001000000000FE00ED00000000D000C000B000A0009000800070006000500040003
0000000000000000000000000000000000000000000000000000000000000000000E000D000C000B000A00090008000700060005000400030002000100000000
01010101010101010101010101010101010101010101010101010101010101010101010101010101010101010101010101010101010101010101010101010101
00010101010101010101010101010101010101010101010101010101010101000101010101010101010101010101010101010101010101010101010101010101
000A000900080007000600050004000300020001000000010FE00EE0001C000D000C000B000A0009000800070006000500040003000200010000000E0FE00ED2
0006000500040003000200010000000F0FE00EE2001D000D000C000B000A0009000800070006000500040003000200010000000F0FE00EE1000F000D000C000B
00020001000000E00FE00EF100EE000D000C000B000A000900080007000600050004000300020001000000E00FE00EF0001D000D000C000B000A000900080007
0FE00FD000FC000D000C000B000A000900080007000600050004000300020001000000EE0FE00EF200EE000D000C000B000A0009000800070006000500040003
0000000000000000000000000000000000000000000000000000000000000000001F000D000C000B000A00090008000700060005000400030002000100000011
02000000000000000000000000000002020101010101010101010101010101020101010101010101010101010101010101010101010101010101010101010101
02010101010101010101010101010102020101010101010101010101010101020201010101010101010101010101010202010101010101010101010101010102
000A0009000800070006000500040003000200010000001F0FE00FD2002D000D000C000B000A0009000800070006000500040003000200010000001F0FE00FD1
000600050004000300020001000000000FE00FE10000000D000C000B000A000900080007000600050004000300020001000000000FE00FE0002D000D000C000B
00020001000000000FE00FF00000000D000C000B000A000900080007000600050004000300020001000000000FE00FE20000000D000C000B000A000900080007
0FE00FF20000000D000C000B000A000900080007000600050004000300020001000000000FE00FF10000000D000C000B000A0009000800070006000500040003
00000000000000000000000000000000000000000000000000000000000000000000000D000C000B000A00090008000700060005000400030002000100000000
01010101010101010101010101010101010101010101010101010101010101010101010101010101010101010101010101010101010101010101010101010101
00010101010101010101010101010101010101010101010101010101010101000101010101010101010101010101010101010101010101010101010101010101
000A000900080007000600050004000300020001000000000FF00EE1000E000D000C000B000A000900080007000600050004000300020001000000000FF00EE0
000600050004000300020001000000010FF00EF0001C000D000C000B000A0009000800070006000500040003000200010000000E0FF00EE2000E000D000C000B
00020001000000EF0FF00EF200FD000D000C000B000A000900080007000600050004000300020001000000EF0FF00EF1000F000D000C000B000A000900080007
0FF00FE1001E000D000C000B000A000900080007000600050004000300020001000000100FF00FE000FD000D000C000B000A0009000800070006000500040003
0000000000000000000000000000000000000000000000000000000000000000001E000D000C000B000A00090008000700060005000400030002000100000010
02010101010101010101010101010102020000000000000000000000000000020201010101010101010101010101010202010101010101010101010101010102
02020202020202020202020202020202020202020202020202020202020202020202020202020202020202020202020202020202020202020202020202020202
000A000900080007000600050004000300020001000000000FF00FF00000000D000C000B000A000900080007000600050004000300020001000000000FF00FE2
000600050004000300020001000000000FF00FF20000000D000C000B000A000900080007000600050004000300020001000000000FF00FF10000000D000C000B
0000000000000000000000000000000000000000000000000000000000000000000000000000000000000000000000000000000D000C000B000A000900080007
00000000000000000000000000000000000000000000000000000000000000000000000000000000000000000000000000000000000000000000000000000000
00000000000000000000000000000000000000000000000000000000000000000000000000000000000000000000000000000000000000000000000000000000
